timestamp,side,price,quantity,signed_quantity,fee,p_fill,mid_price,inventory_after,cash_after,is_terminal_unwind
2026-04-28 23:43:44.308547+00:00,sell,76305.11,0.001,-0.001,0.0007630511,0.07865728525846412,76300.715,-0.001,76.3043469489,False
2026-04-28 23:43:50.728099+00:00,sell,76305.11,0.001,-0.001,0.0007630511,0.07865728525846412,76300.715,-0.002,152.6086938978,False
2026-04-28 23:44:06.076279+00:00,sell,76305.11,0.001,-0.001,0.0007630511,0.07865728525846412,76300.715,-0.003,228.9130408467,False
2026-04-28 23:44:17.729590+00:00,buy,76296.31,0.001,0.001,0.0007629631,0.07851481218867412,76300.715,-0.002,152.6159678836,False
2026-04-28 23:44:21.614155+00:00,buy,76296.31,0.001,0.001,0.0007629631,0.07851481218867412,76300.715,-0.001,76.3188949205,False
2026-04-28 23:44:28.079635+00:00,buy,76296.31,0.001,0.001,0.0007629631,0.07851481218867412,76300.715,0.0,0.02182195739999461,False
2026-04-28 23:44:53.701427+00:00,buy,76296.32,0.001,0.001,0.0007629632,0.07865728525867163,76300.715,0.001,-76.27526100580002,False
2026-04-28 23:45:00.064159+00:00,sell,76305.11,0.001,-0.001,0.0007630511,0.07865728525846412,76300.715,0.0,0.02908594309998044,False
2026-04-28 23:45:18.054207+00:00,buy,76317.38,0.001,0.001,0.0007631738000000001,0.07880001686026067,76321.765,0.001,-76.28905723070001,False
2026-04-28 23:45:36.153958+00:00,buy,76324.59,0.001,0.001,0.0007632458999999999,0.07865728525846412,76328.985,0.002,-152.6144104766,False
2026-04-28 23:45:51.621039+00:00,buy,76324.6,0.001,0.001,0.0007632460000000001,0.07880001686026067,76328.985,0.003,-228.9397737226,False
2026-04-28 23:46:28.932203+00:00,buy,76342.1,0.001,0.001,0.000763421,0.07880001686026067,76346.485,0.004,-305.28263714359997,False
2026-04-28 23:46:50.932757+00:00,buy,76340.75,0.001,0.001,0.0007634075,0.07851481218867412,76345.155,0.005,-381.6241505511,False
2026-04-28 23:46:58.616821+00:00,sell,76349.55,0.001,-0.001,0.0007634955000000001,0.07865728525846412,76345.155,0.004,-305.2753640466,False
2026-04-28 23:47:23.129044+00:00,sell,76345.64,0.001,-0.001,0.0007634564000000001,0.07880001686026067,76341.255,0.003,-228.93048750299997,False
2026-04-28 23:47:37.264465+00:00,sell,76345.64,0.001,-0.001,0.0007634564000000001,0.07880001686026067,76341.255,0.002,-152.58561095939996,False
2026-04-28 23:47:38.551991+00:00,sell,76345.64,0.001,-0.001,0.0007634564000000001,0.07880001686026067,76341.255,0.001,-76.24073441579995,False
2026-04-28 23:47:41.120810+00:00,sell,76345.64,0.001,-0.001,0.0007634564000000001,0.07880001686026067,76341.255,0.0,0.10414212780005414,False
2026-04-28 23:47:51.411445+00:00,sell,76345.64,0.001,-0.001,0.0007634564000000001,0.07880001686026067,76341.255,-0.001,76.44901867140007,False
2026-04-28 23:47:59.097324+00:00,sell,76335.73,0.001,-0.001,0.0007633573,0.07880001686026067,76331.345,-0.002,152.78398531410005,False
2026-04-28 23:48:05.519526+00:00,sell,76333.37,0.001,-0.001,0.0007633337,0.07880001686026067,76328.985,-0.003,229.11659198040005,False
2026-04-28 23:49:48.309655+00:00,sell,76336.67,0.001,-0.001,0.0007633667,0.07865728525846412,76332.275,-0.004,305.4524986137,False
2026-04-28 23:50:07.641120+00:00,buy,76327.88,0.001,0.001,0.0007632788000000001,0.07865728525867163,76332.275,-0.003,229.12385533490001,False
2026-04-28 23:50:11.494779+00:00,sell,76336.68000000001,0.001,-0.001,0.0007633668000000001,0.07851481218846697,76332.275,-0.004,305.45977196810003,False
2026-04-28 23:50:12.789634+00:00,buy,76327.88,0.001,0.001,0.0007632788000000001,0.07865728525867163,76332.275,-0.003,229.13112868930003,False
2026-04-28 23:50:12.789634+00:00,sell,76336.68000000001,0.001,-0.001,0.0007633668000000001,0.07851481218846697,76332.275,-0.004,305.46704532250004,False
2026-04-28 23:50:16.648981+00:00,buy,76327.88,0.001,0.001,0.0007632788000000001,0.07865728525867163,76332.275,-0.003,229.13840204370004,False
2026-04-28 23:50:21.717205+00:00,buy,76327.88,0.001,0.001,0.0007632788000000001,0.07865728525867163,76332.275,-0.002,152.8097587649,False
2026-04-28 23:50:33.223612+00:00,sell,76336.67,0.001,-0.001,0.0007633667,0.07865728525846412,76332.275,-0.003,229.1456653982,False
2026-04-28 23:50:34.514505+00:00,sell,76336.67,0.001,-0.001,0.0007633667,0.07865728525846412,76332.275,-0.004,305.4815720315,False
2026-04-28 23:50:57.604932+00:00,buy,76327.88,0.001,0.001,0.0007632788000000001,0.07865728525867163,76332.275,-0.003,229.15292875269998,False
2026-04-28 23:51:16.839269+00:00,buy,76319.02,0.001,0.001,0.0007631902,0.07865728525846412,76323.41500000001,-0.002,152.8331455625,False
2026-04-28 23:51:18.134161+00:00,buy,76319.02,0.001,0.001,0.0007631902,0.07865728525846412,76323.41500000001,-0.001,76.51336237229998,False
2026-04-28 23:51:22.001234+00:00,buy,76319.01,0.001,0.001,0.0007631901,0.07851481218846697,76323.41500000001,0.0,0.19358918219998847,False
2026-04-28 23:51:33.872857+00:00,sell,76321.11,0.001,-0.001,0.0007632111,0.07880001686026067,76316.725,-0.001,76.5139359711,False
2026-04-28 23:51:53.220572+00:00,buy,76312.33,0.001,0.001,0.0007631233,0.07865728525846412,76316.725,0.0,0.200842847799994,False
2026-04-28 23:52:04.742132+00:00,buy,76319.01,0.001,0.001,0.0007631901,0.07865728525846412,76323.405,0.001,-76.1189303423,False
2026-04-28 23:52:29.136141+00:00,buy,76332.22,0.001,0.001,0.0007633222,0.0788000168600528,76336.60500000001,0.002,-152.4519136645,False
2026-04-28 23:52:35.523510+00:00,buy,76332.22,0.001,0.001,0.0007633222,0.0788000168600528,76336.60500000001,0.003,-228.7848969867,False
2026-04-28 23:53:07.651038+00:00,buy,76342.1,0.001,0.001,0.000763421,0.07880001686026067,76346.485,0.004,-305.1277604077,False
2026-04-28 23:53:24.398361+00:00,buy,76342.08,0.001,0.001,0.0007634208000000001,0.07851481218867412,76346.485,0.005,-381.47060382850003,False
2026-04-28 23:53:25.698603+00:00,buy,76342.08,0.001,0.001,0.0007634208000000001,0.07851481218867412,76346.485,0.006,-457.81344724930005,False
2026-04-28 23:53:32.126114+00:00,buy,76342.09,0.001,0.001,0.0007634209,0.07865728525846412,76346.485,0.007,-534.1563006702,False
2026-04-28 23:53:34.713518+00:00,buy,76342.09,0.001,0.001,0.0007634209,0.07865728525846412,76346.485,0.008,-610.4991540911,False
2026-04-28 23:53:35.980087+00:00,sell,76350.88,0.001,-0.001,0.0007635088,0.07865728525846412,76346.485,0.007,-534.1490375999,False
2026-04-28 23:53:56.485453+00:00,buy,76342.09,0.001,0.001,0.0007634209,0.07865728525846412,76346.485,0.008,-610.4918910207999,False
2026-04-28 23:53:57.769424+00:00,buy,76342.09,0.001,0.001,0.0007634209,0.07865728525846412,76346.485,0.009000000000000001,-686.8347444416999,False
2026-04-28 23:54:27.746201+00:00,sell,76350.88,0.001,-0.001,0.0007635088,0.07865728525846412,76346.485,0.008,-610.4846279504999,False
2026-04-28 23:54:30.335864+00:00,buy,76342.08,0.001,0.001,0.0007634208000000001,0.07851481218867412,76346.485,0.009000000000000001,-686.8274713712999,False
2026-04-28 23:54:31.607924+00:00,buy,76342.08,0.001,0.001,0.0007634208000000001,0.07851481218867412,76346.485,0.010000000000000002,-763.1703147920999,False
2026-04-28 23:54:35.450562+00:00,sell,76350.88,0.001,-0.001,0.0007635088,0.07865728525846412,76346.485,0.009000000000000001,-686.8201983009,False
2026-04-28 23:54:38.001462+00:00,buy,76342.09,0.001,0.001,0.0007634209,0.07865728525846412,76346.485,0.010000000000000002,-763.1630517217999,False
2026-04-28 23:54:44.398587+00:00,sell,76373.94,0.001,-0.001,0.0007637394000000001,0.07865728525846412,76369.545,0.009000000000000001,-686.7898754611998,False
2026-04-28 23:54:48.236483+00:00,sell,76367.66,0.001,-0.001,0.0007636766,0.07865728525846412,76363.265,0.008,-610.4229791377998,False
2026-04-28 23:54:59.779262+00:00,buy,76359.90000000001,0.001,0.001,0.0007635990000000001,0.07865728525867163,76364.295,0.009000000000000001,-686.7836427367998,False
2026-04-28 23:55:02.342709+00:00,sell,76357.38,0.001,-0.001,0.0007635738000000001,0.07865728525846412,76352.985,0.008,-610.4270263105998,False
2026-04-28 23:55:07.469132+00:00,buy,76348.6,0.001,0.001,0.0007634860000000001,0.07880001686026067,76352.985,0.009000000000000001,-686.7763897965998,False
2026-04-28 23:55:10.027768+00:00,buy,76353.76,0.001,0.001,0.0007635376,0.07880001686026067,76358.14499999999,0.010000000000000002,-763.1309133341998,False
2026-04-28 23:55:21.641876+00:00,sell,76352.69,0.001,-0.001,0.0007635269,0.0788000168600528,76348.305,0.009000000000000001,-686.7789868610997,False
2026-04-28 23:55:45.991713+00:00,sell,76344.38,0.001,-0.001,0.0007634438000000001,0.07865728525846412,76339.985,0.008,-610.4353703048997,False
2026-04-28 23:55:47.284693+00:00,sell,76344.38,0.001,-0.001,0.0007634438000000001,0.07865728525846412,76339.985,0.007,-534.0917537486997,False
2026-04-28 23:55:48.579834+00:00,sell,76344.38,0.001,-0.001,0.0007634438000000001,0.07865728525846412,76339.985,0.006,-457.7481371924997,False
2026-04-28 23:56:04.039295+00:00,buy,76335.59,0.001,0.001,0.0007633558999999999,0.07865728525846412,76339.985,0.007,-534.0844905483997,False
2026-04-28 23:56:05.317235+00:00,buy,76335.59,0.001,0.001,0.0007633558999999999,0.07865728525846412,76339.985,0.008,-610.4208439042997,False
2026-04-28 23:56:16.891985+00:00,buy,76342.09,0.001,0.001,0.0007634209,0.07865728525846412,76346.485,0.009000000000000001,-686.7636973251996,False
2026-04-28 23:56:23.255590+00:00,buy,76342.09,0.001,0.001,0.0007634209,0.07865728525846412,76346.485,0.010000000000000002,-763.1065507460995,False
2026-04-28 23:56:46.459051+00:00,sell,76345.41,0.001,-0.001,0.0007634541,0.07865728525846412,76341.015,0.009000000000000001,-686.7619042001995,False
2026-04-28 23:57:23.689423+00:00,sell,76346.89,0.001,-0.001,0.0007634689,0.07865728525846412,76342.495,0.008,-610.4157776690995,False
2026-04-28 23:57:53.103613+00:00,buy,76349.33,0.001,0.001,0.0007634933000000001,0.07865728525846412,76353.725,0.009000000000000001,-686.7658711623995,False
2026-04-28 23:58:02.109988+00:00,buy,76349.33,0.001,0.001,0.0007634933000000001,0.07865728525846412,76353.725,0.010000000000000002,-763.1159646556996,False
2026-04-28 23:59:26.898717+00:00,sell,76359.21,0.001,-0.001,0.0007635921,0.07880001686026067,76354.82500000001,0.009000000000000001,-686.7575182477997,False
2026-04-28 23:59:47.389996+00:00,sell,76349.11,0.001,-0.001,0.0007634911000000001,0.07880001686026067,76344.725,0.008,-610.4091717388997,False
2026-04-29 00:00:00.280482+00:00,sell,76347.17,0.001,-0.001,0.0007634717,0.07865728525846412,76342.775,0.007,-534.0627652105997,False
2026-04-29 00:00:02.836371+00:00,buy,76331.02,0.001,0.001,0.0007633102000000001,0.07851481218888125,76335.42499999999,0.008,-610.3945485207996,False
2026-04-29 00:00:26.030021+00:00,sell,76307.52,0.001,-0.001,0.0007630752000000001,0.07880001686026067,76303.13500000001,0.007,-534.0877915959995,False
2026-04-29 00:00:55.527840+00:00,buy,76312.32,0.001,0.001,0.0007631232000000001,0.07865728525867163,76316.715,0.008,-610.4008747191996,False
2026-04-29 00:01:22.476508+00:00,sell,76356.39,0.001,-0.001,0.0007635639,0.07865728525846412,76351.995,0.007,-534.0452482830996,False
2026-04-29 00:01:58.424358+00:00,sell,76356.38,0.001,-0.001,0.0007635638,0.07865728525846412,76351.985,0.006,-457.68963184689954,False
2026-04-29 00:02:08.706260+00:00,buy,76347.59,0.001,0.001,0.0007634759,0.07865728525846412,76351.985,0.007,-534.0379853227996,False
2026-04-29 00:02:30.538501+00:00,sell,76368.69,0.001,-0.001,0.0007636869000000001,0.07865728525846412,76364.295,0.006,-457.67005900969957,False
2026-04-29 00:02:45.921514+00:00,sell,76368.69,0.001,-0.001,0.0007636869000000001,0.07865728525846412,76364.295,0.005,-381.30213269659953,False
2026-04-29 00:02:47.190175+00:00,sell,76368.69,0.001,-0.001,0.0007636869000000001,0.07865728525846412,76364.295,0.004,-304.9342063834995,False
2026-04-29 00:02:48.480272+00:00,buy,76359.90000000001,0.001,0.001,0.0007635990000000001,0.07865728525867163,76364.295,0.005,-381.2948699824995,False
2026-04-29 00:02:51.053853+00:00,sell,76368.69,0.001,-0.001,0.0007636869000000001,0.07865728525846412,76364.295,0.004,-304.92694366939946,False
2026-04-29 00:03:37.269774+00:00,sell,76363.3,0.001,-0.001,0.000763633,0.07865728525846412,76358.905,0.003,-228.56440730239945,False
2026-04-29 00:03:38.552927+00:00,sell,76363.25,0.001,-0.001,0.0007636325,0.07865728525867163,76358.85500000001,0.002,-152.20192093489945,False
2026-04-29 00:03:48.865771+00:00,sell,76363.25,0.001,-0.001,0.0007636325,0.07865728525867163,76358.85500000001,0.001,-75.83943456739944,False
2026-04-29 00:03:50.206345+00:00,buy,76354.45,0.001,0.001,0.0007635445,0.07851481218846697,76358.85500000001,0.002,-152.19464811189943,False
2026-04-29 00:03:55.402868+00:00,sell,76363.25,0.001,-0.001,0.0007636325,0.07865728525867163,76358.85500000001,0.001,-75.83216174439941,False
2026-04-29 00:04:04.418697+00:00,sell,76363.25,0.001,-0.001,0.0007636325,0.07865728525867163,76358.85500000001,0.0,0.5303246231005936,False
2026-04-29 00:04:18.533501+00:00,buy,76380.88,0.001,0.001,0.0007638088000000001,0.07865728525867163,76385.275,0.001,-75.85131918569941,False
2026-04-29 00:07:15.748834+00:00,sell,76343.89,0.001,-0.001,0.0007634389,0.07865728525846412,76339.495,0.0,0.491807375400592,False
2026-04-29 00:07:22.193187+00:00,sell,76331.21,0.001,-0.001,0.0007633121000000001,0.07880001686026067,76326.82500000001,-0.001,76.8222540633006,False
2026-04-29 00:07:23.472751+00:00,sell,76331.21,0.001,-0.001,0.0007633121000000001,0.07880001686026067,76326.82500000001,-0.002,153.15270075120063,False
2026-04-29 00:07:27.354594+00:00,sell,76327.39,0.001,-0.001,0.0007632739000000001,0.07880001686026067,76323.005,-0.003,229.47932747730064,False
2026-04-29 00:07:33.779948+00:00,sell,76327.39,0.001,-0.001,0.0007632739000000001,0.07880001686026067,76323.005,-0.004,305.80595420340063,False
2026-04-29 00:08:13.450948+00:00,buy,76345.6,0.001,0.001,0.000763456,0.07865728525867163,76349.995,-0.003,229.45959074740065,False
2026-04-29 00:08:19.844478+00:00,sell,76350.53,0.001,-0.001,0.0007635053,0.07851481218867412,76346.125,-0.004,305.8093572421007,False
2026-04-29 00:08:35.275270+00:00,buy,76349.71,0.001,0.001,0.0007634971000000001,0.07865728525846412,76354.10500000001,-0.003,229.4588837450007,False
2026-04-29 00:08:37.855599+00:00,buy,76349.71,0.001,0.001,0.0007634971000000001,0.07865728525846412,76354.10500000001,-0.002,153.1084102479007,False
2026-04-29 00:08:41.687874+00:00,buy,76349.71,0.001,0.001,0.0007634971000000001,0.07865728525846412,76354.10500000001,-0.001,76.75793675080071,False
2026-04-29 00:08:46.805196+00:00,buy,76349.71,0.001,0.001,0.0007634971000000001,0.07865728525846412,76354.10500000001,0.0,0.4074632537007078,False
2026-04-29 00:08:55.846383+00:00,buy,76349.71,0.001,0.001,0.0007634971000000001,0.07865728525846412,76354.10500000001,0.001,-75.94301024339929,False
2026-04-29 00:09:20.236136+00:00,sell,76353.40000000001,0.001,-0.001,0.0007635340000000001,0.0788000168600528,76349.015,0.0,0.40962622260072196,False
2026-04-29 00:09:26.640260+00:00,sell,76353.41,0.001,-0.001,0.0007635341000000001,0.07865728525846412,76349.015,-0.001,76.76227268850073,False
2026-04-29 00:09:36.929616+00:00,sell,76345.2,0.001,-0.001,0.000763452,0.07880001686026067,76340.815,-0.002,153.10670923650073,False
2026-04-29 00:09:39.486245+00:00,sell,76345.2,0.001,-0.001,0.000763452,0.07880001686026067,76340.815,-0.003,229.45114578450074,False
2026-04-29 00:10:12.932961+00:00,sell,76348.74,0.001,-0.001,0.0007634874000000001,0.07880001686026067,76344.35500000001,-0.004,305.7991222971008,False
2026-04-29 00:10:18.034326+00:00,sell,76335.88,0.001,-0.001,0.0007633588000000001,0.0788000168600528,76331.495,-0.005,382.13423893830077,False
2026-04-29 00:10:24.451288+00:00,sell,76327.39,0.001,-0.001,0.0007632739000000001,0.07880001686026067,76323.005,-0.006,458.4608656644007,False
2026-04-29 00:11:00.410265+00:00,buy,76323.78,0.001,0.001,0.0007632378,0.07865728525867163,76328.17499999999,-0.005,382.1363224266007,False
2026-04-29 00:11:24.714906+00:00,buy,76323.78,0.001,0.001,0.0007632378,0.07865728525867163,76328.17499999999,-0.004,305.8117791888007,False
2026-04-29 00:11:42.728783+00:00,sell,76326.31,0.001,-0.001,0.0007632631,0.07865728525867163,76321.91500000001,-0.005,382.1373259257007,False
2026-04-29 00:12:03.296633+00:00,buy,76321.33,0.001,0.001,0.0007632133,0.07865728525846412,76325.725,-0.004,305.8152327124007,False
2026-04-29 00:12:05.882736+00:00,buy,76321.33,0.001,0.001,0.0007632133,0.07865728525846412,76325.725,-0.003,229.49313949910072,False
2026-04-29 00:12:50.083701+00:00,buy,76330.04000000001,0.001,0.001,0.0007633004000000001,0.07865728525867163,76334.435,-0.002,153.16233619870073,False
2026-04-29 00:12:59.078526+00:00,buy,76333.25,0.001,0.001,0.0007633325,0.0788000168600528,76337.63500000001,-0.001,76.82832286620072,False
2026-04-29 00:13:38.858262+00:00,sell,76350.88,0.001,-0.001,0.0007635088,0.07865728525846412,76346.485,-0.002,153.17843935740075,False
2026-04-29 00:13:45.297600+00:00,sell,76345.37,0.001,-0.001,0.0007634537,0.07880001686026067,76340.985,-0.003,229.52304590370076,False
2026-04-29 00:13:49.125067+00:00,sell,76345.37,0.001,-0.001,0.0007634537,0.07880001686026067,76340.985,-0.004,305.8676524500008,False
2026-04-29 00:13:52.974984+00:00,sell,76345.38,0.001,-0.001,0.0007634538,0.07865728525846412,76340.985,-0.005,382.2122689962008,False
2026-04-29 00:14:03.341710+00:00,sell,76345.38,0.001,-0.001,0.0007634538,0.07865728525846412,76340.985,-0.006,458.5568855424008,False
2026-04-29 00:14:32.853917+00:00,sell,76330.64,0.001,-0.001,0.0007633064,0.07880001686026067,76326.255,-0.007,534.8867622360008,False
2026-04-29 00:14:35.419747+00:00,sell,76330.64,0.001,-0.001,0.0007633064,0.07880001686026067,76326.255,-0.008,611.2166389296008,False
2026-04-29 00:14:57.286996+00:00,buy,76343.88,0.001,0.001,0.0007634388,0.07865728525867163,76348.275,-0.007,534.8719954908007,False
2026-04-29 00:15:15.221883+00:00,buy,76328.01,0.001,0.001,0.0007632801,0.07865728525846412,76332.405,-0.006,458.5432222107007,False
2026-04-29 00:15:31.904491+00:00,sell,76325.52,0.001,-0.001,0.0007632552000000001,0.07865728525846412,76321.125,-0.007,534.8679789555007,False
2026-04-29 00:15:43.503312+00:00,buy,76316.47,0.001,0.001,0.0007631647,0.0788000168600528,76320.85500000001,-0.006,458.5507457908007,False
2026-04-29 00:15:48.634611+00:00,sell,76325.24,0.001,-0.001,0.0007632524000000001,0.07880001686026067,76320.85500000001,-0.007,534.8752225384007,False
2026-04-29 00:17:02.118753+00:00,buy,76324.79000000001,0.001,0.001,0.0007632479000000001,0.07851481218867412,76329.195,-0.006,458.54966929050073,False
2026-04-29 00:17:04.696814+00:00,sell,76333.59,0.001,-0.001,0.0007633359,0.07865728525867163,76329.195,-0.007,534.8824959546007,False
2026-04-29 00:17:05.982987+00:00,buy,76324.8,0.001,0.001,0.000763248,0.07865728525846412,76329.195,-0.006,458.5569327066007,False
2026-04-29 00:17:07.242960+00:00,buy,76324.8,0.001,0.001,0.000763248,0.07865728525846412,76329.195,-0.005,382.23136945860074,False
2026-04-29 00:17:11.115841+00:00,buy,76324.8,0.001,0.001,0.000763248,0.07865728525846412,76329.195,-0.004,305.90580621060076,False
2026-04-29 00:17:14.982217+00:00,buy,76324.8,0.001,0.001,0.000763248,0.07865728525846412,76329.195,-0.003,229.58024296260075,False
2026-04-29 00:17:31.667296+00:00,sell,76333.58,0.001,-0.001,0.0007633358,0.07880001686026067,76329.195,-0.004,305.91305962680076,False
2026-04-29 00:17:35.546359+00:00,buy,76324.79000000001,0.001,0.001,0.0007632479000000001,0.07851481218867412,76329.195,-0.003,229.58750637890074,False
2026-04-29 00:17:45.889139+00:00,sell,76327.40000000001,0.001,-0.001,0.0007632740000000001,0.0788000168600528,76323.015,-0.004,305.91414310490075,False
2026-04-29 00:17:57.404138+00:00,sell,76327.40000000001,0.001,-0.001,0.0007632740000000001,0.0788000168600528,76323.015,-0.005,382.24077983090075,False
2026-04-29 00:18:01.249441+00:00,sell,76327.04000000001,0.001,-0.001,0.0007632704000000001,0.0788000168600528,76322.655,-0.006,458.56705656050076,False
2026-04-29 00:18:08.952730+00:00,sell,76319.98,0.001,-0.001,0.0007631997999999999,0.07880001686026067,76315.595,-0.007,534.8862733607008,False
2026-04-29 00:18:19.207193+00:00,sell,76304.40000000001,0.001,-0.001,0.0007630440000000002,0.07865728525846412,76300.005,-0.008,611.1899103167008,False
2026-04-29 00:18:55.141290+00:00,buy,76273.62,0.001,0.001,0.0007627361999999999,0.0788000168600528,76278.005,-0.007,534.9155275805007,False
2026-04-29 00:19:16.909310+00:00,buy,76286.61,0.001,0.001,0.0007628661,0.07880001686026067,76290.995,-0.006,458.6281547144007,False
2026-04-29 00:19:23.293407+00:00,buy,76286.6,0.001,0.001,0.0007628660000000001,0.07865728525867163,76290.995,-0.005,382.34079184840067,False
2026-04-29 00:19:25.859949+00:00,sell,76295.39,0.001,-0.001,0.0007629539,0.07865728525846412,76290.995,-0.006,458.6354188945007,False
2026-04-29 00:19:30.996937+00:00,sell,76295.39,0.001,-0.001,0.0007629539,0.07865728525846412,76290.995,-0.007,534.9300459406006,False
2026-04-29 00:19:36.142927+00:00,buy,76286.6,0.001,0.001,0.0007628660000000001,0.07865728525867163,76290.995,-0.006,458.6426830746006,False
2026-04-29 00:19:42.565795+00:00,sell,76295.39,0.001,-0.001,0.0007629539,0.07865728525846412,76290.995,-0.007,534.9373101207007,False
2026-04-29 00:19:50.324436+00:00,buy,76293.43000000001,0.001,0.001,0.0007629343,0.07880001686026067,76297.815,-0.006,458.6431171864007,False
2026-04-29 00:22:09.571769+00:00,buy,76308.2,0.001,0.001,0.000763082,0.07880001686026067,76312.58499999999,-0.005,382.3341541044007,False
2026-04-29 00:22:35.245038+00:00,buy,76311.26,0.001,0.001,0.0007631125999999999,0.07880001686026067,76315.64499999999,-0.004,306.0221309918007,False
2026-04-29 00:22:55.837949+00:00,sell,76315.23,0.001,-0.001,0.0007631523,0.07880001686026067,76310.845,-0.005,382.33659783950066,False
2026-04-29 00:23:15.515952+00:00,buy,76306.45,0.001,0.001,0.0007630645,0.07865728525846412,76310.845,-0.004,306.02938477500066,False
2026-04-29 00:23:16.796420+00:00,sell,76315.24,0.001,-0.001,0.0007631524,0.07865728525846412,76310.845,-0.005,382.3438616226007,False
2026-04-29 00:23:19.381922+00:00,sell,76315.25,0.001,-0.001,0.0007631525,0.07851481218867412,76310.845,-0.006,458.6583484701007,False
2026-04-29 00:23:29.629839+00:00,buy,76311.25,0.001,0.001,0.0007631125,0.07865728525867163,76315.64499999999,-0.005,382.3463353576007,False
2026-04-29 00:23:50.226590+00:00,buy,76311.25,0.001,0.001,0.0007631125,0.07865728525867163,76315.64499999999,-0.004,306.03432224510067,False
2026-04-29 00:23:57.880182+00:00,sell,76320.04000000001,0.001,-0.001,0.0007632004000000001,0.07865728525825662,76315.64499999999,-0.005,382.3535990447007,False
2026-04-29 00:24:29.955730+00:00,buy,76311.25,0.001,0.001,0.0007631125,0.07865728525867163,76315.64499999999,-0.004,306.0415859322007,False
2026-04-29 00:24:33.830454+00:00,buy,76311.25,0.001,0.001,0.0007631125,0.07865728525867163,76315.64499999999,-0.003,229.72957281970068,False
2026-04-29 00:25:08.481197+00:00,buy,76326.91,0.001,0.001,0.0007632691,0.07865728525867163,76331.305,-0.002,153.4018995506007,False
2026-04-29 00:25:09.776584+00:00,buy,76326.91,0.001,0.001,0.0007632691,0.07865728525867163,76331.305,-0.001,77.07422628150069,False
2026-04-29 00:25:17.443658+00:00,sell,76335.7,0.001,-0.001,0.000763357,0.07865728525846412,76331.305,-0.002,153.4091629245007,False
2026-04-29 00:25:28.955047+00:00,buy,76326.91,0.001,0.001,0.0007632691,0.07865728525867163,76331.305,-0.001,77.08148965540069,False
2026-04-29 00:25:44.391123+00:00,sell,76327.07,0.001,-0.001,0.0007632707,0.0788000168600528,76322.685,-0.002,153.4077963847007,False
2026-04-29 00:26:06.340089+00:00,sell,76326.28,0.001,-0.001,0.0007632628,0.07851481218867412,76321.875,-0.003,229.7333131219007,False
2026-04-29 00:26:07.624662+00:00,sell,76326.27,0.001,-0.001,0.0007632627,0.07865728525846412,76321.875,-0.004,306.0588198592007,False
2026-04-29 00:26:12.732824+00:00,sell,76326.27,0.001,-0.001,0.0007632627,0.07865728525846412,76321.875,-0.005,382.3843265965007,False
2026-04-29 00:26:43.726006+00:00,sell,76319.55,0.001,-0.001,0.0007631955,0.07865728525846412,76315.155,-0.006,458.70311340100073,False
2026-04-29 00:26:45.024594+00:00,buy,76310.76,0.001,0.001,0.0007631075999999999,0.07865728525846412,76315.155,-0.005,382.3915902934007,False
2026-04-29 00:27:03.070764+00:00,sell,76315.08,0.001,-0.001,0.0007631508,0.07880001686026067,76310.695,-0.006,458.7059071426007,False
2026-04-29 00:27:05.634138+00:00,sell,76315.08,0.001,-0.001,0.0007631508,0.07880001686026067,76310.695,-0.007,535.0202239918007,False
2026-04-29 00:27:10.775169+00:00,sell,76314.08,0.001,-0.001,0.0007631408,0.07880001686026067,76309.695,-0.008,611.3335408510006,False
2026-04-29 00:27:15.939137+00:00,buy,76307.71,0.001,0.001,0.0007630771000000001,0.07865728525846412,76312.10500000001,-0.007,535.0250677739006,False
2026-04-29 00:27:17.237091+00:00,buy,76307.71,0.001,0.001,0.0007630771000000001,0.07865728525846412,76312.10500000001,-0.006,458.71659469680054,False
2026-04-29 00:27:31.358030+00:00,buy,76307.71,0.001,0.001,0.0007630771000000001,0.07865728525846412,76312.10500000001,-0.005,382.4081216197006,False
2026-04-29 00:27:59.701978+00:00,buy,76321.98,0.001,0.001,0.0007632197999999999,0.07865728525846412,76326.375,-0.004,306.0853783999006,False
2026-04-29 00:28:00.991795+00:00,buy,76321.98,0.001,0.001,0.0007632197999999999,0.07865728525846412,76326.375,-0.003,229.7626351801006,False
2026-04-29 00:28:03.567088+00:00,sell,76330.77,0.001,-0.001,0.0007633077000000001,0.07865728525846412,76326.375,-0.004,306.0926418724006,False
2026-04-29 00:28:04.843031+00:00,sell,76330.77,0.001,-0.001,0.0007633077000000001,0.07865728525846412,76326.375,-0.005,382.4226485647006,False
2026-04-29 00:28:07.384485+00:00,sell,76330.77,0.001,-0.001,0.0007633077000000001,0.07865728525846412,76326.375,-0.006,458.7526552570006,False
2026-04-29 00:28:31.634611+00:00,sell,76330.77,0.001,-0.001,0.0007633077000000001,0.07865728525846412,76326.375,-0.007,535.0826619493006,False
2026-04-29 00:28:44.466519+00:00,sell,76330.76,0.001,-0.001,0.0007633076,0.07880001686026067,76326.375,-0.008,611.4126586417005,False
2026-04-29 00:29:06.315489+00:00,buy,76320.11,0.001,0.001,0.0007632011000000001,0.07865728525846412,76324.505,-0.007,535.0917854406006,False
2026-04-29 00:29:24.314180+00:00,sell,76328.90000000001,0.001,-0.001,0.0007632890000000001,0.07865728525846412,76324.505,-0.008,611.4199221516005,False
2026-04-29 00:29:37.199485+00:00,buy,76320.1,0.001,0.001,0.000763201,0.07851481218867412,76324.505,-0.007,535.0990589506005,False
2026-04-29 00:29:42.365480+00:00,buy,76320.11,0.001,0.001,0.0007632011000000001,0.07865728525846412,76324.505,-0.006,458.77818574950044,False
2026-04-29 00:29:44.914756+00:00,sell,76328.90000000001,0.001,-0.001,0.0007632890000000001,0.07865728525846412,76324.505,-0.007,535.1063224605005,False
2026-04-29 00:30:13.235788+00:00,buy,76329.96,0.001,0.001,0.0007632996,0.07865728525846412,76334.35500000001,-0.006,458.7755991609004,False
2026-04-29 00:30:19.651536+00:00,sell,76338.74,0.001,-0.001,0.0007633874000000001,0.07880001686026067,76334.35500000001,-0.007,535.1135757735004,False
2026-04-29 00:30:33.729523+00:00,buy,76329.96,0.001,0.001,0.0007632996,0.07865728525846412,76334.35500000001,-0.006,458.7828524739004,False
2026-04-29 00:30:36.294674+00:00,buy,76329.96,0.001,0.001,0.0007632996,0.07865728525846412,76334.35500000001,-0.005,382.45212917430035,False
2026-04-29 00:30:45.275575+00:00,buy,76333.25,0.001,0.001,0.0007633325,0.0788000168600528,76337.63500000001,-0.004,306.1181158418003,False
2026-04-29 00:30:50.482756+00:00,buy,76333.85,0.001,0.001,0.0007633385000000001,0.07880001686026067,76338.235,-0.003,229.7835025033003,False
2026-04-29 00:31:03.325389+00:00,buy,76341.05,0.001,0.001,0.0007634105,0.07865728525846412,76345.445,-0.002,153.44168909280026,False
2026-04-29 00:31:05.889359+00:00,buy,76341.05,0.001,0.001,0.0007634105,0.07865728525846412,76345.445,-0.001,77.09987568230025,False
2026-04-29 00:31:08.459317+00:00,buy,76341.05,0.001,0.001,0.0007634105,0.07865728525846412,76345.445,0.0,0.7580622718002411,False
2026-04-29 00:31:34.141954+00:00,buy,76341.92,0.001,0.001,0.0007634192,0.07865728525846412,76346.315,0.001,-75.58462114739976,False
2026-04-29 00:32:52.355776+00:00,sell,76338.54000000001,0.001,-0.001,0.0007633854000000001,0.0788000168600528,76334.155,0.0,0.7531554672002505,False
2026-04-29 00:33:30.836711+00:00,sell,76335.71,0.001,-0.001,0.0007633571000000001,0.07880001686026067,76331.32500000001,-0.001,77.08810211010025,False
2026-04-29 00:33:55.170338+00:00,sell,76328.49,0.001,-0.001,0.0007632849,0.07880001686026067,76324.10500000001,-0.002,153.41582882520026,False
2026-04-29 00:34:10.541428+00:00,sell,76312.81,0.001,-0.001,0.0007631281,0.0788000168600528,76308.42499999999,-0.003,229.72787569710027,False
2026-04-29 00:34:32.433143+00:00,buy,76304.04000000001,0.001,0.001,0.0007630404000000001,0.07880001686046857,76308.42499999999,-0.002,153.42307265670027,False
2026-04-29 00:34:42.727675+00:00,sell,76312.82,0.001,-0.001,0.0007631282000000001,0.07865728525825662,76308.42499999999,-0.003,229.7351295285003,False
2026-04-29 00:34:53.033035+00:00,sell,76312.81,0.001,-0.001,0.0007631281,0.0788000168600528,76308.42499999999,-0.004,306.0471764004003,False
2026-04-29 00:35:16.229798+00:00,sell,76309.13,0.001,-0.001,0.0007630913,0.07865728525846412,76304.735,-0.005,382.3555433091003,False
2026-04-29 00:35:30.412886+00:00,sell,76309.12,0.001,-0.001,0.0007630912,0.07880001686026067,76304.735,-0.006,458.66390021790033,False
2026-04-29 00:35:40.655682+00:00,sell,76309.12,0.001,-0.001,0.0007630912,0.07880001686026067,76304.735,-0.007,534.9722571267002,False
2026-04-29 00:35:44.513137+00:00,sell,76293.38,0.001,-0.001,0.0007629338000000001,0.07865728525846412,76288.985,-0.008,611.2648741929003,False
2026-04-29 00:35:45.819602+00:00,sell,76293.38,0.001,-0.001,0.0007629338000000001,0.07865728525846412,76288.985,-0.009000000000000001,687.5574912591002,False
2026-04-29 00:35:53.485403+00:00,sell,76293.38,0.001,-0.001,0.0007629338000000001,0.07865728525846412,76288.985,-0.010000000000000002,763.8501083253001,False
2026-04-29 00:36:15.328455+00:00,buy,76302.36,0.001,0.001,0.0007630236,0.07880001686026067,76306.745,-0.009000000000000001,687.5469853017,False
2026-04-29 00:36:25.562413+00:00,buy,76302.36,0.001,0.001,0.0007630236,0.07880001686026067,76306.745,-0.008,611.2438622781,False
2026-04-29 00:36:53.893794+00:00,buy,76304.04000000001,0.001,0.001,0.0007630404000000001,0.07880001686046857,76308.42499999999,-0.007,534.9390592377,False
2026-04-29 00:36:56.461225+00:00,sell,76312.82,0.001,-0.001,0.0007631282000000001,0.07865728525825662,76308.42499999999,-0.008,611.2511161095,False
2026-04-29 00:37:01.609580+00:00,buy,76304.03,0.001,0.001,0.0007630403,0.07865728525867163,76308.42499999999,-0.007,534.9463230692,False
2026-04-29 00:37:06.828073+00:00,buy,76304.03,0.001,0.001,0.0007630403,0.07865728525867163,76308.42499999999,-0.006,458.64153002890004,False
2026-04-29 00:37:28.557468+00:00,sell,76314.40000000001,0.001,-0.001,0.0007631440000000001,0.07851481218846697,76309.995,-0.007,534.9551668849001,False
2026-04-29 00:37:36.236947+00:00,buy,76305.6,0.001,0.001,0.000763056,0.07865728525867163,76309.995,-0.006,458.6488038289001,False
2026-04-29 00:37:40.089535+00:00,buy,76305.6,0.001,0.001,0.000763056,0.07865728525867163,76309.995,-0.005,382.3424407729001,False
2026-04-29 00:37:43.984346+00:00,buy,76305.6,0.001,0.001,0.000763056,0.07865728525867163,76309.995,-0.004,306.0360777169001,False
2026-04-29 00:37:59.384262+00:00,buy,76305.6,0.001,0.001,0.000763056,0.07865728525867163,76309.995,-0.003,229.72971466090004,False
2026-04-29 00:38:14.749326+00:00,sell,76314.39,0.001,-0.001,0.0007631439,0.07865728525846412,76309.995,-0.004,306.0433415170001,False
2026-04-29 00:38:36.611350+00:00,buy,76311.27,0.001,0.001,0.0007631127000000001,0.07880001686026067,76315.655,-0.003,229.73130840430008,False
2026-04-29 00:38:39.171255+00:00,buy,76318.88,0.001,0.001,0.0007631888000000001,0.07865728525867163,76323.275,-0.002,153.41166521550008,False
2026-04-29 00:39:35.693636+00:00,buy,76326.51,0.001,0.001,0.0007632651,0.07880001686026067,76330.89499999999,-0.001,77.08439195040008,False
2026-04-29 00:39:43.333758+00:00,buy,76326.51,0.001,0.001,0.0007632651,0.07880001686026067,76330.89499999999,0.0,0.7571186853000762,False
2026-04-29 00:40:25.688206+00:00,buy,76358.22,0.001,0.001,0.0007635822,0.0788000168600528,76362.60500000001,0.001,-75.60186489689993,False
2026-04-29 00:40:57.757748+00:00,buy,76386.02,0.001,0.001,0.0007638602000000001,0.07880001686026067,76390.405,0.002,-151.98864875709992,False
2026-04-29 00:41:37.571797+00:00,sell,76423.53,0.001,-0.001,0.0007642353,0.0788000168600528,76419.14499999999,0.001,-75.56588299239992,False
2026-04-29 00:41:42.685866+00:00,sell,76423.52,0.001,-0.001,0.0007642352,0.07865728525846412,76419.125,0.0,0.8568727724000899,False
2026-04-29 00:41:47.880379+00:00,buy,76414.73,0.001,0.001,0.0007641473,0.07865728525846412,76419.125,0.001,-75.5586213748999,False
2026-04-29 00:41:51.749519+00:00,sell,76423.52,0.001,-0.001,0.0007642352,0.07865728525846412,76419.125,0.0,0.8641343899001105,False
2026-04-29 00:41:55.609958+00:00,sell,76423.52,0.001,-0.001,0.0007642352,0.07865728525846412,76419.125,-0.001,77.28689015470013,False
2026-04-29 00:41:56.899304+00:00,buy,76414.73,0.001,0.001,0.0007641473,0.07865728525846412,76419.125,0.0,0.8713960074001399,False
2026-04-29 00:42:03.280110+00:00,sell,76423.52,0.001,-0.001,0.0007642352,0.07865728525846412,76419.125,-0.001,77.29415177220015,False
2026-04-29 00:42:11.028446+00:00,sell,76423.52,0.001,-0.001,0.0007642352,0.07865728525846412,76419.125,-0.002,153.71690753700017,False
2026-04-29 00:42:16.174932+00:00,buy,76414.73,0.001,0.001,0.0007641473,0.07865728525846412,76419.125,-0.001,77.30141338970017,False
2026-04-29 00:42:25.139835+00:00,sell,76415.09,0.001,-0.001,0.0007641509,0.07865728525867163,76410.695,-0.002,153.71573923880015,False
2026-04-29 00:42:34.121865+00:00,sell,76392.18000000001,0.001,-0.001,0.0007639218000000001,0.0788000168600528,76387.795,-0.003,230.10715531700015,False
2026-04-29 00:42:53.493703+00:00,buy,76386.02,0.001,0.001,0.0007638602000000001,0.07865728525846412,76390.41500000001,-0.002,153.72037145680014,False
2026-04-29 00:42:54.782543+00:00,buy,76386.02,0.001,0.001,0.0007638602000000001,0.07865728525846412,76390.41500000001,-0.001,77.33358759660014,False
2026-04-29 00:43:07.620735+00:00,buy,76386.02,0.001,0.001,0.0007638602000000001,0.07865728525846412,76390.41500000001,0.0,0.9468037364001376,False
2026-04-29 00:43:55.057116+00:00,buy,76362.78,0.001,0.001,0.0007636278,0.0788000168600528,76367.16500000001,0.001,-75.41673989139986,False
2026-04-29 00:44:01.486107+00:00,buy,76369.18000000001,0.001,0.001,0.0007636918000000001,0.07880001686026067,76373.565,0.002,-151.78668358319987,False
2026-04-29 00:44:05.297791+00:00,buy,76380.14,0.001,0.001,0.0007638014,0.07880001686026067,76384.525,0.003,-228.16758738459987,False
2026-04-29 00:44:29.743275+00:00,buy,76388.44,0.001,0.001,0.0007638844000000001,0.0788000168600528,76392.82500000001,0.004,-304.55679126899986,False
2026-04-29 00:44:47.803536+00:00,sell,76404.85,0.001,-0.001,0.0007640485000000001,0.07865728525846412,76400.455,0.003,-228.15270531749985,False
2026-04-29 00:44:51.654850+00:00,sell,76404.85,0.001,-0.001,0.0007640485000000001,0.07865728525846412,76400.455,0.002,-151.74861936599984,False
2026-04-29 00:44:52.951364+00:00,buy,76396.06,0.001,0.001,0.0007639606,0.07865728525846412,76400.455,0.003,-228.14544332659986,False
2026-04-29 00:44:52.951364+00:00,sell,76404.85,0.001,-0.001,0.0007640485000000001,0.07865728525846412,76400.455,0.002,-151.74135737509985,False
2026-04-29 00:44:54.221403+00:00,sell,76404.85,0.001,-0.001,0.0007640485000000001,0.07865728525846412,76400.455,0.001,-75.33727142359984,False
2026-04-29 00:44:58.126758+00:00,sell,76404.85,0.001,-0.001,0.0007640485000000001,0.07865728525846412,76400.455,0.0,1.066814527900166,False
2026-04-29 00:45:03.283859+00:00,buy,76414.65000000001,0.001,0.001,0.0007641465000000001,0.07865728525867163,76419.045,0.001,-75.34859961859985,False
2026-04-29 00:45:14.862285+00:00,buy,76414.65000000001,0.001,0.001,0.0007641465000000001,0.07865728525867163,76419.045,0.002,-151.76401376509983,False
2026-04-29 00:45:27.687367+00:00,buy,76401.76,0.001,0.001,0.0007640176,0.07865728525846412,76406.155,0.003,-228.16653778269983,False
2026-04-29 00:45:28.977888+00:00,buy,76401.76,0.001,0.001,0.0007640176,0.07865728525846412,76406.155,0.004,-304.5690618002998,False
2026-04-29 00:45:50.817258+00:00,buy,76405.21,0.001,0.001,0.0007640521000000001,0.07865728525846412,76409.60500000001,0.005,-380.9750358523998,False
2026-04-29 00:45:57.214381+00:00,buy,76405.22,0.001,0.001,0.0007640522,0.0788000168600528,76409.60500000001,0.006,-457.3810199045998,False
2026-04-29 00:46:19.072987+00:00,buy,76404.63,0.001,0.001,0.0007640463000000001,0.07865728525867163,76409.025,0.007,-533.7864139508998,False
2026-04-29 00:46:22.917669+00:00,buy,76404.63,0.001,0.001,0.0007640463000000001,0.07865728525867163,76409.025,0.008,-610.1918079971998,False
2026-04-29 00:46:28.026901+00:00,buy,76404.63,0.001,0.001,0.0007640463000000001,0.07865728525867163,76409.025,0.009000000000000001,-686.5972020434998,False
2026-04-29 00:46:44.721727+00:00,buy,76404.63,0.001,0.001,0.0007640463000000001,0.07865728525867163,76409.025,0.010000000000000002,-763.0025960897998,False
2026-04-29 00:48:48.077117+00:00,sell,76439.39,0.001,-0.001,0.0007643939,0.07865728525846412,76434.995,0.009000000000000001,-686.5639704836998,False
2026-04-29 00:49:02.242556+00:00,buy,76430.61,0.001,0.001,0.0007643061,0.07880001686026067,76434.995,0.010000000000000002,-762.9953447897998,False
2026-04-29 00:49:07.392287+00:00,sell,76439.38,0.001,-0.001,0.0007643938000000001,0.0788000168600528,76434.995,0.009000000000000001,-686.5567291835997,False
2026-04-29 00:49:12.508747+00:00,sell,76439.38,0.001,-0.001,0.0007643938000000001,0.0788000168600528,76434.995,0.008,-610.1181135773996,False
2026-04-29 00:49:25.311192+00:00,buy,76430.6,0.001,0.001,0.0007643060000000001,0.07865728525867163,76434.995,0.009000000000000001,-686.5494778833996,False
2026-04-29 00:49:25.311192+00:00,sell,76439.39,0.001,-0.001,0.0007643939,0.07865728525846412,76434.995,0.008,-610.1108522772996,False
2026-04-29 00:49:29.174702+00:00,buy,76430.6,0.001,0.001,0.0007643060000000001,0.07865728525867163,76434.995,0.009000000000000001,-686.5422165832996,False
2026-04-29 00:49:31.742584+00:00,buy,76430.6,0.001,0.001,0.0007643060000000001,0.07865728525867163,76434.995,0.010000000000000002,-762.9735808892996,False
2026-04-29 00:50:11.597090+00:00,sell,76395.54000000001,0.001,-0.001,0.0007639554000000001,0.0788000168600528,76391.155,0.009000000000000001,-686.5788048446996,False
2026-04-29 00:50:25.673880+00:00,buy,76427.34,0.001,0.001,0.0007642734,0.0788000168600528,76431.725,0.010000000000000002,-763.0069091180995,False
2026-04-29 00:53:04.955878+00:00,sell,76439.75,0.001,-0.001,0.0007643975000000001,0.0788000168600528,76435.36499999999,0.009000000000000001,-686.5679235155995,False
2026-04-29 00:53:06.255019+00:00,sell,76439.76,0.001,-0.001,0.0007643976,0.07865728525846412,76435.36499999999,0.008,-610.1289279131996,False
2026-04-29 00:53:47.361738+00:00,sell,76453.62,0.001,-0.001,0.0007645362,0.07865728525867163,76449.225,0.007,-533.6760724493996,False
2026-04-29 00:53:57.665043+00:00,buy,76444.83,0.001,0.001,0.0007644483,0.07865728525846412,76449.225,0.008,-610.1216668976996,False
2026-04-29 00:57:08.118080+00:00,sell,76516.81,0.001,-0.001,0.0007651681,0.07865728525867163,76512.41500000001,0.007,-533.6056220657996,False
2026-04-29 00:57:36.334420+00:00,buy,76495.78,0.001,0.001,0.0007649578,0.07865728525867163,76500.17499999999,0.008,-610.1021670235996,False
2026-04-29 00:57:40.186821+00:00,buy,76495.78,0.001,0.001,0.0007649578,0.07865728525867163,76500.17499999999,0.009000000000000001,-686.5987119813996,False
2026-04-29 00:57:44.043834+00:00,buy,76495.79000000001,0.001,0.001,0.0007649579000000001,0.07880001686046857,76500.17499999999,0.010000000000000002,-763.0952669392996,False
2026-04-29 01:02:50.287273+00:00,sell,76509.66,0.001,-0.001,0.0007650966,0.07865728525846412,76505.265,0.009000000000000001,-686.5863720358996,False
2026-04-29 01:03:10.737062+00:00,buy,76519.77,0.001,0.001,0.0007651977,0.07880001686026067,76524.155,0.010000000000000002,-763.1069072335996,False
2026-04-29 01:04:01.968607+00:00,sell,76521.16,0.001,-0.001,0.0007652116,0.0788000168600528,76516.775,0.009000000000000001,-686.5865124451996,False
2026-04-29 01:04:10.950926+00:00,sell,76500.65000000001,0.001,-0.001,0.0007650065000000001,0.0788000168600528,76496.265,0.008,-610.0866274516997,False
2026-04-29 01:04:12.249719+00:00,sell,76500.65000000001,0.001,-0.001,0.0007650065000000001,0.0788000168600528,76496.265,0.007,-533.5867424581996,False
2026-04-29 01:04:19.917140+00:00,sell,76496.2,0.001,-0.001,0.000764962,0.07880001686026067,76491.815,0.006,-457.09130742019966,False
2026-04-29 01:07:32.524116+00:00,sell,76480.89,0.001,-0.001,0.0007648089,0.07865728525846412,76476.495,0.005,-380.61118222909965,False
2026-04-29 01:07:44.039774+00:00,sell,76460.11,0.001,-0.001,0.0007646011,0.07880001686026067,76455.725,0.004,-304.15183683019967,False
2026-04-29 01:11:01.515685+00:00,buy,76405.85,0.001,0.001,0.0007640585,0.07865728525867163,76410.245,0.005,-380.55845088869967,False
2026-04-29 01:11:06.613503+00:00,buy,76406.53,0.001,0.001,0.0007640653,0.07865728525867163,76410.92499999999,0.006,-456.96574495399966,False
2026-04-29 01:11:10.446486+00:00,sell,76415.33,0.001,-0.001,0.0007641533,0.07851481218846697,76410.92499999999,0.005,-380.5511791072997,False
2026-04-29 01:11:20.713444+00:00,sell,76415.31,0.001,-0.001,0.0007641531,0.0788000168600528,76410.92499999999,0.004,-304.13663326039966,False
2026-04-29 01:11:33.575508+00:00,sell,76407.66,0.001,-0.001,0.0007640766,0.0788000168600528,76403.275,0.003,-227.72973733699965,False
2026-04-29 01:11:45.196338+00:00,buy,76398.87,0.001,0.001,0.0007639887,0.07851481218867412,76403.275,0.004,-304.12937132569965,False
2026-04-29 01:12:07.089569+00:00,sell,76377.83,0.001,-0.001,0.0007637783,0.07880001686026067,76373.445,0.003,-227.75230510399965,False
2026-04-29 01:12:26.411037+00:00,buy,76355.27,0.001,0.001,0.0007635527,0.07865728525846412,76359.66500000001,0.004,-304.10833865669963,False
2026-04-29 01:12:27.677666+00:00,buy,76355.27,0.001,0.001,0.0007635527,0.07865728525846412,76359.66500000001,0.005,-380.46437220939964,False
2026-04-29 01:12:31.530672+00:00,sell,76364.06,0.001,-0.001,0.0007636406,0.07865728525867163,76359.66500000001,0.004,-304.10107584999963,False
2026-04-29 01:13:10.217360+00:00,buy,76355.27,0.001,0.001,0.0007635527,0.07865728525846412,76359.66500000001,0.005,-380.45710940269964,False
2026-04-29 01:13:19.277833+00:00,sell,76364.07,0.001,-0.001,0.0007636407000000001,0.07851481218867412,76359.66500000001,0.004,-304.0938030433996,False
2026-04-29 01:13:34.673133+00:00,buy,76355.27,0.001,0.001,0.0007635527,0.07865728525846412,76359.66500000001,0.005,-380.4498365960996,False
2026-04-29 01:13:47.636362+00:00,buy,76355.27,0.001,0.001,0.0007635527,0.07865728525846412,76359.66500000001,0.006,-456.8058701487996,False
2026-04-29 01:13:50.206522+00:00,buy,76355.27,0.001,0.001,0.0007635527,0.07865728525846412,76359.66500000001,0.007,-533.1619037014997,False
2026-04-29 01:14:01.771692+00:00,buy,76370.27,0.001,0.001,0.0007637027,0.07880001686026067,76374.655,0.008,-609.5329374041997,False
2026-04-29 01:14:14.591505+00:00,sell,76368.79000000001,0.001,-0.001,0.0007636879000000001,0.0788000168600528,76364.405,0.007,-533.1649110920997,False
2026-04-29 01:14:28.768518+00:00,buy,76355.27,0.001,0.001,0.0007635527,0.07865728525846412,76359.66500000001,0.008,-609.5209446447998,False
2026-04-29 01:15:11.137568+00:00,buy,76355.27,0.001,0.001,0.0007635527,0.07865728525846412,76359.66500000001,0.009000000000000001,-685.8769781974999,False
2026-04-29 01:15:26.486178+00:00,sell,76389.44,0.001,-0.001,0.0007638944,0.07865728525846412,76385.045,0.008,-609.4883020918999,False
2026-04-29 01:16:16.630392+00:00,buy,76395.18000000001,0.001,0.001,0.0007639518000000001,0.07865728525846412,76399.57500000001,0.009000000000000001,-685.8842460436998,False
2026-04-29 01:16:21.766281+00:00,sell,76403.98,0.001,-0.001,0.0007640397999999999,0.07851481218888125,76399.57500000001,0.008,-609.4810300834997,False
2026-04-29 01:16:24.335248+00:00,sell,76403.98,0.001,-0.001,0.0007640397999999999,0.07851481218888125,76399.57500000001,0.007,-533.0778141232996,False
2026-04-29 01:16:30.799054+00:00,sell,76403.97,0.001,-0.001,0.0007640397,0.07865728525867163,76399.57500000001,0.006,-456.6746081629996,False
2026-04-29 01:16:32.083270+00:00,sell,76403.97,0.001,-0.001,0.0007640397,0.07865728525867163,76399.57500000001,0.005,-380.2714022026996,False
2026-04-29 01:16:38.481600+00:00,buy,76395.17,0.001,0.001,0.0007639517,0.07851481218846697,76399.57500000001,0.006,-456.6673361543996,False
2026-04-29 01:16:55.164850+00:00,sell,76394.7,0.001,-0.001,0.000763947,0.07880001686026067,76390.315,0.005,-380.2734001013996,False
2026-04-29 01:17:14.343083+00:00,sell,76358.63,0.001,-0.001,0.0007635863,0.07865728525846412,76354.235,0.004,-303.9155336876996,False
2026-04-29 01:17:22.030169+00:00,buy,76354.26,0.001,0.001,0.0007635426,0.07880001686026067,76358.64499999999,0.005,-380.27055723029963,False
2026-04-29 01:17:28.498675+00:00,sell,76361.09,0.001,-0.001,0.0007636108999999999,0.07880001686026067,76356.705,0.004,-303.9102308411996,False
2026-04-29 01:17:38.772641+00:00,sell,76342.39,0.001,-0.001,0.0007634239,0.07880001686026067,76338.005,0.003,-227.56860426509962,False
2026-04-29 01:17:42.613759+00:00,sell,76339.18000000001,0.001,-0.001,0.0007633918,0.0788000168600528,76334.795,0.002,-151.23018765689963,False
2026-04-29 01:17:57.981533+00:00,sell,76314.38,0.001,-0.001,0.0007631438,0.0788000168600528,76309.995,0.001,-74.91657080069963,False
2026-04-29 01:20:27.204754+00:00,sell,76282.64,0.001,-0.001,0.0007628264,0.07865728525846412,76278.245,0.0,1.3653063729003696,False
2026-04-29 01:20:28.489384+00:00,buy,76273.85,0.001,0.001,0.0007627385000000001,0.07865728525867163,76278.245,0.001,-74.90930636559965,False
2026-04-29 01:20:46.455068+00:00,buy,76273.85,0.001,0.001,0.0007627385000000001,0.07865728525867163,76278.245,0.002,-151.18391910409963,False
2026-04-29 01:20:50.319410+00:00,buy,76281.08,0.001,0.001,0.0007628108,0.07880001686026067,76285.465,0.003,-227.46576191489964,False
2026-04-29 01:21:03.177503+00:00,sell,76291.19,0.001,-0.001,0.0007629119,0.07865728525846412,76286.795,0.002,-151.17533482679966,False
2026-04-29 01:21:04.450617+00:00,sell,76291.19,0.001,-0.001,0.0007629119,0.07865728525846412,76286.795,0.001,-74.88490773869965,False
2026-04-29 01:21:14.782611+00:00,sell,76289.86,0.001,-0.001,0.0007628986,0.07865728525846412,76285.465,0.0,1.4041893627003519,False
2026-04-29 01:21:22.417351+00:00,buy,76269.11,0.001,0.001,0.0007626911,0.07865728525846412,76273.505,0.001,-74.86568332839964,False
2026-04-29 01:21:30.135152+00:00,buy,76269.1,0.001,0.001,0.000762691,0.07851481218867412,76273.505,0.002,-151.13554601939964,False
2026-04-29 01:21:31.422619+00:00,sell,76277.90000000001,0.001,-0.001,0.0007627790000000001,0.07865728525846412,76273.505,0.001,-74.85840879839962,False
2026-04-29 01:21:36.576268+00:00,sell,76277.90000000001,0.001,-0.001,0.0007627790000000001,0.07865728525846412,76273.505,0.0,1.418728422600394,False
2026-04-29 01:21:40.417999+00:00,sell,76274.77,0.001,-0.001,0.0007627477000000001,0.07880001686026067,76270.38500000001,-0.001,77.6927356749004,False
2026-04-29 01:21:41.701337+00:00,sell,76274.77,0.001,-0.001,0.0007627477000000001,0.07880001686026067,76270.38500000001,-0.002,153.9667429272004,False
2026-04-29 01:21:42.984650+00:00,sell,76274.77,0.001,-0.001,0.0007627477000000001,0.07880001686026067,76270.38500000001,-0.003,230.2407501795004,False
2026-04-29 01:21:58.500439+00:00,sell,76246.58,0.001,-0.001,0.0007624658,0.07851481218846697,76242.17499999999,-0.004,306.4865677137004,False
2026-04-29 01:21:59.804913+00:00,sell,76246.57,0.001,-0.001,0.0007624657000000001,0.07865728525825662,76242.17499999999,-0.005,382.73237524800044,False
2026-04-29 01:22:26.766549+00:00,buy,76248.38,0.001,0.001,0.0007624838,0.07865728525867163,76252.775,-0.004,306.48323276420047,False
2026-04-29 01:22:51.111615+00:00,sell,76249.65000000001,0.001,-0.001,0.0007624965000000002,0.07865728525846412,76245.255,-0.005,382.7321202677005,False
2026-04-29 01:22:58.816109+00:00,buy,76240.86,0.001,0.001,0.0007624086,0.07865728525846412,76245.255,-0.004,306.4904978591005,False
2026-04-29 01:23:02.682123+00:00,buy,76240.86,0.001,0.001,0.0007624086,0.07865728525846412,76245.255,-0.003,230.24887545050052,False
2026-04-29 01:23:02.682123+00:00,sell,76249.65000000001,0.001,-0.001,0.0007624965000000002,0.07865728525846412,76245.255,-0.004,306.49776295400056,False
2026-04-29 01:23:16.754684+00:00,sell,76237.51,0.001,-0.001,0.0007623751,0.07865728525846412,76233.11499999999,-0.005,382.73451057890054,False
2026-04-29 01:23:29.530169+00:00,buy,76237.79000000001,0.001,0.001,0.0007623779,0.07880001686046857,76242.17499999999,-0.004,306.4959582010005,False
2026-04-29 01:23:35.995942+00:00,sell,76257.16,0.001,-0.001,0.0007625716000000001,0.07865728525846412,76252.765,-0.005,382.75235562940054,False
2026-04-29 01:23:44.974667+00:00,buy,76248.37,0.001,0.001,0.0007624837,0.07865728525846412,76252.765,-0.004,306.50322314570053,False
2026-04-29 01:24:01.643830+00:00,sell,76264.21,0.001,-0.001,0.0007626421,0.07880001686026067,76259.82500000001,-0.005,382.7666705036005,False
2026-04-29 01:24:33.726727+00:00,sell,76253.72,0.001,-0.001,0.0007625372,0.07851481218867412,76249.315,-0.006,459.0196279664005,False
2026-04-29 01:25:09.698713+00:00,sell,76265.3,0.001,-0.001,0.0007626530000000001,0.07880001686026067,76260.91500000001,-0.007,535.2841653134004,False
2026-04-29 01:25:10.976954+00:00,sell,76260.07,0.001,-0.001,0.0007626007000000001,0.07865728525825662,76255.67499999999,-0.008,611.5434727127005,False
2026-04-29 01:25:22.485790+00:00,sell,76254.29000000001,0.001,-0.001,0.0007625429000000001,0.07865728525825662,76249.89499999999,-0.009000000000000001,687.7970001698004,False
2026-04-29 01:25:25.056628+00:00,sell,76254.28,0.001,-0.001,0.0007625428,0.0788000168600528,76249.89499999999,-0.010000000000000002,764.0505176270004,False
2026-04-29 01:25:37.840278+00:00,buy,76239.29000000001,0.001,0.001,0.0007623929000000001,0.07880001686046857,76243.67499999999,-0.009000000000000001,687.8104652341004,False
2026-04-29 01:25:48.073020+00:00,sell,76248.08,0.001,-0.001,0.0007624808,0.07851481218846697,76243.67499999999,-0.010000000000000002,764.0577827533004,False
2026-04-29 01:26:03.523608+00:00,buy,76242.87,0.001,0.001,0.0007624287,0.0788000168600528,76247.255,-0.009000000000000001,687.8141503246004,False
2026-04-29 01:27:06.393223+00:00,sell,76266.13,0.001,-0.001,0.0007626613000000001,0.07865728525846412,76261.735,-0.010000000000000002,764.0795176633004,False
2026-04-29 01:27:14.179461+00:00,buy,76257.35,0.001,0.001,0.0007625735000000001,0.07880001686026067,76261.735,-0.009000000000000001,687.8214050898005,False
2026-04-29 01:27:16.752366+00:00,buy,76257.35,0.001,0.001,0.0007625735000000001,0.07880001686026067,76261.735,-0.008,611.5632925163005,False
2026-04-29 01:27:52.672514+00:00,buy,76263.23,0.001,0.001,0.0007626323,0.07880001686026067,76267.61499999999,-0.007,535.2992998840004,False
2026-04-29 01:27:59.106953+00:00,sell,76272.01,0.001,-0.001,0.0007627201,0.07865728525846412,76267.61499999999,-0.008,611.5705471639004,False
2026-04-29 01:28:02.955608+00:00,sell,76272.0,0.001,-0.001,0.00076272,0.0788000168600528,76267.61499999999,-0.009000000000000001,687.8417844439005,False
2026-04-29 01:28:58.219038+00:00,buy,76252.87,0.001,0.001,0.0007625287,0.07865728525846412,76257.265,-0.008,611.5881519152005,False
2026-04-29 01:29:07.169003+00:00,buy,76252.87,0.001,0.001,0.0007625287,0.07865728525846412,76257.265,-0.007,535.3345193865005,False
2026-04-29 01:29:12.322226+00:00,sell,76261.67,0.001,-0.001,0.0007626166999999999,0.07851481218867412,76257.265,-0.008,611.5954267698005,False
2026-04-29 01:29:13.596517+00:00,sell,76260.93000000001,0.001,-0.001,0.0007626093000000001,0.0788000168600528,76256.545,-0.009000000000000001,687.8555941605006,False
2026-04-29 01:29:30.288628+00:00,sell,76253.05,0.001,-0.001,0.0007625305,0.07865728525846412,76248.655,-0.010000000000000002,764.1078816300006,False
2026-04-29 01:32:36.067571+00:00,buy,76222.06,0.001,0.001,0.0007622206,0.07865728525846412,76226.455,-0.009000000000000001,687.8850594094007,False
2026-04-29 01:32:38.620523+00:00,buy,76232.56,0.001,0.001,0.0007623256,0.07865728525846412,76236.955,-0.008,611.6517370838006,False
2026-04-29 01:32:39.923353+00:00,buy,76232.57,0.001,0.001,0.0007623257000000001,0.07880001686026067,76236.955,-0.007,535.4184047581007,False
2026-04-29 01:33:01.067947+00:00,buy,76232.57,0.001,0.001,0.0007623257000000001,0.07880001686026067,76236.955,-0.006,459.18507243240066,False
2026-04-29 01:33:11.369222+00:00,sell,76255.68000000001,0.001,-0.001,0.0007625568000000001,0.07865728525846412,76251.285,-0.007,535.4399898756006,False
2026-04-29 01:33:25.469099+00:00,buy,76246.89,0.001,0.001,0.0007624689,0.07865728525846412,76251.285,-0.006,459.19233740670063,False
2026-04-29 01:33:47.334147+00:00,sell,76262.1,0.001,-0.001,0.0007626210000000001,0.07865728525846412,76257.705,-0.007,535.4536747857006,False
2026-04-29 01:33:48.622424+00:00,buy,76253.31,0.001,0.001,0.0007625331,0.07865728525846412,76257.705,-0.006,459.19960225260064,False
2026-04-29 01:34:14.183556+00:00,buy,76261.52,0.001,0.001,0.0007626152000000001,0.07880001686026067,76265.905,-0.005,382.9373196374006,False
2026-04-29 01:35:47.979201+00:00,sell,76292.81,0.001,-0.001,0.0007629281,0.0788000168600528,76288.42499999999,-0.006,459.2293667093006,False
2026-04-29 01:36:29.109776+00:00,buy,76305.61,0.001,0.001,0.0007630561000000001,0.07880001686026067,76309.995,-0.005,382.9229936532006,False
2026-04-29 01:36:32.993481+00:00,buy,76305.61,0.001,0.001,0.0007630561000000001,0.07880001686026067,76309.995,-0.004,306.61662059710056,False
2026-04-29 01:36:36.863996+00:00,buy,76310.94,0.001,0.001,0.0007631094,0.07865728525867163,76315.33499999999,-0.003,230.30491748770055,False
2026-04-29 01:37:00.225412+00:00,sell,76317.28,0.001,-0.001,0.0007631728,0.07865728525867163,76312.88500000001,-0.004,306.6214343149005,False
2026-04-29 01:37:27.140475+00:00,buy,76308.85,0.001,0.001,0.0007630885,0.07865728525867163,76313.245,-0.003,230.3118212264005,False
2026-04-29 01:37:48.942316+00:00,sell,76317.64,0.001,-0.001,0.0007631764,0.07865728525846412,76313.245,-0.004,306.6286980500005,False
2026-04-29 01:37:50.237961+00:00,buy,76308.85,0.001,0.001,0.0007630885,0.07865728525867163,76313.245,-0.003,230.31908496150047,False
2026-04-29 01:37:51.525447+00:00,buy,76308.85,0.001,0.001,0.0007630885,0.07865728525867163,76313.245,-0.002,154.00947187300045,False
2026-04-29 01:38:21.166906+00:00,sell,76344.75,0.001,-0.001,0.0007634475000000001,0.0788000168600528,76340.36499999999,-0.003,230.35345842550046,False
2026-04-29 01:38:50.709742+00:00,sell,76322.47,0.001,-0.001,0.0007632247,0.07865728525867163,76318.07500000001,-0.004,306.6751652008005,False
2026-04-29 01:39:16.403784+00:00,sell,76313.2,0.001,-0.001,0.000763132,0.07880001686026067,76308.815,-0.005,382.9876020688005,False
2026-04-29 01:39:30.531930+00:00,sell,76310.78,0.001,-0.001,0.0007631078,0.07865728525867163,76306.38500000001,-0.006,459.29761896100047,False
2026-04-29 01:39:36.930408+00:00,buy,76301.99,0.001,0.001,0.0007630199000000001,0.07865728525846412,76306.38500000001,-0.005,382.9948659411005,False
2026-04-29 01:39:54.860047+00:00,buy,76305.61,0.001,0.001,0.0007630561000000001,0.07880001686026067,76309.995,-0.004,306.68849288500047,False
2026-04-29 01:39:56.133586+00:00,buy,76305.6,0.001,0.001,0.000763056,0.07865728525867163,76309.995,-0.003,230.38212982900043,False
2026-04-29 01:40:18.009946+00:00,buy,76317.12,0.001,0.001,0.0007631712,0.07865728525846412,76321.515,-0.002,154.06424665780042,False
2026-04-29 01:40:19.283274+00:00,buy,76317.12,0.001,0.001,0.0007631712,0.07865728525846412,76321.515,-0.001,77.74636348660042,False
2026-04-29 01:40:34.668771+00:00,buy,76317.13,0.001,0.001,0.0007631713000000001,0.07880001686026067,76321.515,0.0,1.4284703153004097,False
2026-04-29 01:40:37.249613+00:00,buy,76327.57,0.001,0.001,0.0007632757000000001,0.07865728525867163,76331.965,0.001,-74.89986296039959,False
2026-04-29 01:40:38.545227+00:00,sell,76336.37,0.001,-0.001,0.0007633637,0.07851481218867412,76331.965,0.0,1.4357436759004143,False
2026-04-29 01:40:44.972163+00:00,buy,76327.57,0.001,0.001,0.0007632757000000001,0.07865728525867163,76331.965,0.001,-74.89258959979959,False
2026-04-29 01:40:47.564863+00:00,buy,76327.58,0.001,0.001,0.0007632758000000001,0.07880001686026067,76331.965,0.002,-151.2209328755996,False
2026-04-29 01:40:50.124912+00:00,buy,76327.58,0.001,0.001,0.0007632758000000001,0.07880001686026067,76331.965,0.003,-227.54927615139962,False
2026-04-29 01:41:10.674035+00:00,buy,76349.82,0.001,0.001,0.0007634982000000001,0.07880001686026067,76354.205,0.004,-303.89985964959965,False
2026-04-29 01:41:11.946220+00:00,buy,76349.82,0.001,0.001,0.0007634982000000001,0.07880001686026067,76354.205,0.005,-380.2504431477997,False
2026-04-29 01:41:14.513241+00:00,buy,76349.82,0.001,0.001,0.0007634982000000001,0.07880001686026067,76354.205,0.006,-456.6010266459997,False
2026-04-29 01:41:15.808031+00:00,buy,76349.82,0.001,0.001,0.0007634982000000001,0.07880001686026067,76354.205,0.007,-532.9516101441997,False
2026-04-29 01:41:20.942780+00:00,sell,76358.61,0.001,-0.001,0.0007635861,0.07851481218867412,76354.205,0.006,-456.59376373029966,False
2026-04-29 01:41:29.967622+00:00,sell,76352.19,0.001,-0.001,0.0007635219000000001,0.07851481218867412,76347.785,0.005,-380.24233725219966,False
2026-04-29 01:42:02.028423+00:00,buy,76372.69,0.001,0.001,0.0007637269,0.0788000168600528,76377.07500000001,0.006,-456.61579097909964,False
2026-04-29 01:42:20.033377+00:00,buy,76391.35,0.001,0.001,0.0007639135,0.07865728525867163,76395.745,0.007,-533.0079048925996,False
2026-04-29 01:42:55.888342+00:00,buy,76397.39,0.001,0.001,0.0007639739,0.07880001686026067,76401.775,0.008,-609.4060588664996,False
2026-04-29 01:43:11.367765+00:00,sell,76403.43000000001,0.001,-0.001,0.0007640343000000001,0.0788000168600528,76399.045,0.007,-533.0033929007997,False
2026-04-29 01:43:20.338533+00:00,sell,76400.14,0.001,-0.001,0.0007640014,0.07880001686026067,76395.755,0.006,-456.60401690219965,False
2026-04-29 01:43:40.975285+00:00,buy,76391.36,0.001,0.001,0.0007639136000000001,0.07865728525846412,76395.755,0.007,-532.9961408157997,False
2026-04-29 01:43:44.892805+00:00,buy,76393.06,0.001,0.001,0.0007639306,0.0788000168600528,76397.445,0.008,-609.3899647463996,False
2026-04-29 01:44:03.016110+00:00,buy,76398.89,0.001,0.001,0.0007639889,0.07880001686026067,76403.275,0.009000000000000001,-685.7896187352997,False
2026-04-29 01:44:17.087452+00:00,buy,76402.64,0.001,0.001,0.0007640264,0.07880001686026067,76407.025,0.010000000000000002,-762.1930227616997,False
2026-04-29 01:45:18.800936+00:00,sell,76407.68000000001,0.001,-0.001,0.0007640768000000001,0.07865728525846412,76403.285,0.009000000000000001,-685.7861068384997,False
2026-04-29 01:45:39.316739+00:00,sell,76400.14,0.001,-0.001,0.0007640014,0.07865728525846412,76395.745,0.008,-609.3867308398997,False
2026-04-29 01:45:48.331235+00:00,sell,76400.14,0.001,-0.001,0.0007640014,0.07865728525846412,76395.745,0.007,-532.9873548412996,False
2026-04-29 01:46:25.579830+00:00,buy,76391.35,0.001,0.001,0.0007639135,0.07865728525867163,76395.745,0.008,-609.3794687547996,False
2026-04-29 01:46:34.587769+00:00,buy,76391.35,0.001,0.001,0.0007639135,0.07865728525867163,76395.745,0.009000000000000001,-685.7715826682996,False
2026-04-29 01:46:38.448071+00:00,buy,76423.36,0.001,0.001,0.0007642336,0.07880001686026067,76427.745,0.010000000000000002,-762.1957069018996,False
2026-04-29 01:46:52.695142+00:00,sell,76453.56,0.001,-0.001,0.0007645356,0.07851481218867412,76449.155,0.009000000000000001,-685.7429114374995,False
2026-04-29 01:47:04.220589+00:00,buy,76444.77,0.001,0.001,0.0007644477,0.07880001686026067,76449.155,0.010000000000000002,-762.1884458851996,False
2026-04-29 01:47:05.952430+00:00,sell,76453.56,0.001,-0.001,0.0007645356,0.07851481218867412,76449.155,0.009000000000000001,-685.7356504207995,False
2026-04-29 01:47:23.896087+00:00,buy,76442.96,0.001,0.001,0.0007644296,0.07865728525846412,76447.35500000001,0.010000000000000002,-762.1793748503995,False
2026-04-29 01:55:25.090386+00:00,sell,76559.49,0.001,-0.001,0.0007655949000000001,0.07865728525846412,76555.095,0.009000000000000001,-685.6206504452996,False
2026-04-29 01:55:40.511671+00:00,buy,76563.0,0.001,0.001,0.00076563,0.0788000168600528,76567.38500000001,0.010000000000000002,-762.1844160752996,False
2026-04-29 01:56:52.382774+00:00,sell,76583.05,0.001,-0.001,0.0007658305000000001,0.07865728525846412,76578.655,0.009000000000000001,-685.6021319057996,False
2026-04-29 01:57:18.086391+00:00,buy,76563.54000000001,0.001,0.001,0.0007656354000000001,0.07865728525867163,76567.935,0.010000000000000002,-762.1664375411996,False
2026-04-29 01:57:37.316984+00:00,sell,76585.82,0.001,-0.001,0.0007658582000000001,0.07865728525825662,76581.42499999999,0.009000000000000001,-685.5813833993996,False
2026-04-29 01:57:41.168499+00:00,buy,76577.03,0.001,0.001,0.0007657703,0.07865728525867163,76581.42499999999,0.010000000000000002,-762.1591791696995,False
2026-04-29 01:57:47.633605+00:00,sell,76581.38,0.001,-0.001,0.0007658138,0.0788000168600528,76576.995,0.009000000000000001,-685.5785649834995,False
2026-04-29 01:57:59.251463+00:00,sell,76577.64,0.001,-0.001,0.0007657764,0.07880001686026067,76573.255,0.008,-609.0016907598996,False
2026-04-29 01:58:05.719824+00:00,sell,76572.49,0.001,-0.001,0.0007657249,0.07880001686026067,76568.10500000001,0.007,-532.4299664847996,False
2026-04-29 01:58:10.848090+00:00,sell,76559.48,0.001,-0.001,0.0007655947999999999,0.07880001686026067,76555.095,0.006,-455.87125207959957,False
2026-04-29 01:58:17.249467+00:00,sell,76554.39,0.001,-0.001,0.0007655439,0.07880001686026067,76550.005,0.005,-379.31762762349956,False
2026-04-29 01:58:23.706933+00:00,sell,76550.39,0.001,-0.001,0.0007655039,0.07880001686026067,76546.005,0.004,-302.7680031273996,False
2026-04-29 01:58:42.111492+00:00,sell,76553.91,0.001,-0.001,0.0007655391,0.07851481218867412,76549.505,0.003,-226.2148586664996,False
2026-04-29 01:58:57.501769+00:00,sell,76553.90000000001,0.001,-0.001,0.0007655390000000001,0.07865728525846412,76549.505,0.002,-149.6617242054996,False
2026-04-29 01:58:58.800339+00:00,buy,76545.11,0.001,0.001,0.0007654511,0.07865728525846412,76549.505,0.003,-226.2075996565996,False
2026-04-29 01:59:09.104152+00:00,buy,76550.71,0.001,0.001,0.0007655071,0.07880001686026067,76555.095,0.004,-302.75907516369966,False
2026-04-29 01:59:12.942431+00:00,buy,76550.7,0.001,0.001,0.000765507,0.07865728525846412,76555.095,0.005,-379.31054067069965,False
2026-04-29 01:59:19.397445+00:00,buy,76550.7,0.001,0.001,0.000765507,0.07865728525846412,76555.095,0.006,-455.86200617769964,False
2026-04-29 01:59:29.678881+00:00,buy,76550.7,0.001,0.001,0.000765507,0.07865728525846412,76555.095,0.007,-532.4134716846996,False
2026-04-29 01:59:29.678881+00:00,sell,76559.5,0.001,-0.001,0.000765595,0.07851481218867412,76555.095,0.006,-455.85473727969963,False
2026-04-29 01:59:47.809112+00:00,buy,76557.66,0.001,0.001,0.0007655766,0.07865728525867163,76562.055,0.007,-532.4131628562997,False
2026-04-29 01:59:50.401793+00:00,sell,76566.46,0.001,-0.001,0.0007656646000000001,0.07851481218846697,76562.055,0.006,-455.84746852089967,False
2026-04-29 02:00:01.833045+00:00,buy,76578.57,0.001,0.001,0.0007657857000000001,0.07865728525867163,76582.965,0.007,-532.4268043065997,False
2026-04-29 02:00:20.949798+00:00,buy,76590.99,0.001,0.001,0.0007659099,0.07880001686026067,76595.375,0.008,-609.0185602164997,False
2026-04-29 02:00:55.542135+00:00,buy,76605.91,0.001,0.001,0.0007660591000000001,0.07865728525867163,76610.305,0.009000000000000001,-685.6252362755997,False
2026-04-29 02:00:56.817790+00:00,sell,76614.7,0.001,-0.001,0.000766147,0.07865728525846412,76610.305,0.008,-609.0113024225998,False
2026-04-29 02:03:55.333874+00:00,sell,76525.25,0.001,-0.001,0.0007652525,0.07865728525867163,76520.85500000001,0.007,-532.4868176750997,False
2026-04-29 02:03:56.624998+00:00,sell,76525.25,0.001,-0.001,0.0007652525,0.07865728525867163,76520.85500000001,0.006,-455.9623329275997,False
2026-04-29 02:04:04.399390+00:00,buy,76520.48,0.001,0.001,0.0007652048,0.07865728525846412,76524.875,0.007,-532.4835781323997,False
2026-04-29 02:04:37.731120+00:00,buy,76541.37,0.001,0.001,0.0007654137,0.07851481218867412,76545.775,0.008,-609.0257135460997,False
2026-04-29 02:04:44.141195+00:00,sell,76550.16,0.001,-0.001,0.0007655016,0.0788000168600528,76545.775,0.007,-532.4763190476997,False
2026-04-29 02:04:50.652912+00:00,sell,76550.16,0.001,-0.001,0.0007655016,0.0788000168600528,76545.775,0.006,-455.92692454929966,False
2026-04-29 02:04:53.213389+00:00,sell,76550.16,0.001,-0.001,0.0007655016,0.0788000168600528,76545.775,0.005,-379.3775300508996,False
2026-04-29 02:05:16.345971+00:00,sell,76540.48,0.001,-0.001,0.0007654048,0.07851481218888125,76536.07500000001,0.004,-302.8378154556996,False
2026-04-29 02:05:25.299239+00:00,buy,76540.65000000001,0.001,0.001,0.0007654065000000001,0.07865728525867163,76545.045,0.005,-379.3792308621997,False
2026-04-29 02:05:41.849290+00:00,buy,76544.11,0.001,0.001,0.0007654411,0.07865728525846412,76548.505,0.006,-455.92410630329965,False
2026-04-29 02:05:44.474974+00:00,buy,76544.12,0.001,0.001,0.0007654412,0.0788000168600528,76548.505,0.007,-532.4689917444996,False
2026-04-29 02:05:52.161077+00:00,sell,76546.46,0.001,-0.001,0.0007654646000000001,0.07880001686026067,76542.07500000001,0.006,-455.9232972090996,False
2026-04-29 02:05:57.315224+00:00,sell,76546.46,0.001,-0.001,0.0007654646000000001,0.07880001686026067,76542.07500000001,0.005,-379.3776026736996,False
2026-04-29 02:05:59.877346+00:00,buy,76537.68000000001,0.001,0.001,0.0007653768000000001,0.07865728525846412,76542.07500000001,0.006,-455.9160480504996,False
2026-04-29 02:06:06.261342+00:00,sell,76546.47,0.001,-0.001,0.0007654647,0.07865728525867163,76542.07500000001,0.005,-379.37034351519964,False
2026-04-29 02:06:16.513532+00:00,buy,76537.68000000001,0.001,0.001,0.0007653768000000001,0.07865728525846412,76542.07500000001,0.006,-455.9087888919997,False
2026-04-29 02:06:35.778806+00:00,buy,76562.39,0.001,0.001,0.0007656239,0.07880001686026067,76566.775,0.007,-532.4719445158996,False
2026-04-29 02:06:45.990056+00:00,buy,76567.44,0.001,0.001,0.0007656744000000001,0.07865728525867163,76571.83499999999,0.008,-609.0401501902996,False
2026-04-29 02:06:49.841833+00:00,buy,76570.86,0.001,0.001,0.0007657086,0.07865728525846412,76575.255,0.009000000000000001,-685.6117758988997,False
2026-04-29 02:07:10.465168+00:00,buy,76582.98,0.001,0.001,0.0007658297999999999,0.07865728525846412,76587.375,0.010000000000000002,-762.1955217286998,False
2026-04-29 02:07:32.469886+00:00,sell,76604.39,0.001,-0.001,0.0007660439,0.07865728525846412,76599.995,0.009000000000000001,-685.5918977725997,False
2026-04-29 02:07:43.991860+00:00,sell,76611.03,0.001,-0.001,0.0007661103,0.07865728525867163,76606.63500000001,0.008,-608.9816338828997,False
2026-04-29 02:07:45.274588+00:00,sell,76611.03,0.001,-0.001,0.0007661103,0.07865728525867163,76606.63500000001,0.007,-532.3713699931997,False
2026-04-29 02:07:56.738556+00:00,buy,76602.24,0.001,0.001,0.0007660224,0.07865728525846412,76606.63500000001,0.008,-608.9743760155997,False
2026-04-29 02:07:56.738556+00:00,sell,76611.03,0.001,-0.001,0.0007661103,0.07865728525867163,76606.63500000001,0.007,-532.3641121258996,False
2026-04-29 02:08:00.588533+00:00,sell,76611.03,0.001,-0.001,0.0007661103,0.07865728525867163,76606.63500000001,0.006,-455.7538482361996,False
2026-04-29 02:08:03.157277+00:00,sell,76611.03,0.001,-0.001,0.0007661103,0.07865728525867163,76606.63500000001,0.005,-379.14358434649955,False
2026-04-29 02:08:12.133428+00:00,buy,76606.07,0.001,0.001,0.0007660607000000001,0.07865728525867163,76610.465,0.006,-455.75042040719956,False
2026-04-29 02:08:15.958227+00:00,sell,76614.86,0.001,-0.001,0.0007661486,0.07865728525846412,76610.465,0.005,-379.13632655579954,False
2026-04-29 02:08:33.885935+00:00,buy,76621.97,0.001,0.001,0.0007662197000000001,0.07865728525867163,76626.36499999999,0.006,-455.75906277549956,False
2026-04-29 02:08:35.153416+00:00,buy,76621.97,0.001,0.001,0.0007662197000000001,0.07865728525867163,76626.36499999999,0.007,-532.3817989951996,False
2026-04-29 02:08:39.005510+00:00,buy,76621.97,0.001,0.001,0.0007662197000000001,0.07865728525867163,76626.36499999999,0.008,-609.0045352148996,False
2026-04-29 02:08:40.283548+00:00,sell,76630.76,0.001,-0.001,0.0007663075999999999,0.07865728525846412,76626.36499999999,0.007,-532.3745415224996,False
2026-04-29 02:09:09.801852+00:00,sell,76615.41,0.001,-0.001,0.0007661541,0.07865728525846412,76611.015,0.006,-455.7598976765996,False
2026-04-29 02:09:11.088495+00:00,sell,76608.63,0.001,-0.001,0.0007660863,0.0788000168600528,76604.245,0.005,-379.15203376289963,False
2026-04-29 02:09:34.139167+00:00,sell,76594.78,0.001,-0.001,0.0007659478,0.07865728525867163,76590.38500000001,0.004,-302.5580197106996,False
2026-04-29 02:09:45.700066+00:00,buy,76585.99,0.001,0.001,0.0007658599000000001,0.07865728525846412,76590.38500000001,0.005,-379.1447755705996,False
2026-04-29 02:10:02.438522+00:00,sell,76594.82,0.001,-0.001,0.0007659482000000001,0.07865728525825662,76590.42499999999,0.004,-302.5507215187996,False
2026-04-29 02:10:03.713548+00:00,sell,76594.82,0.001,-0.001,0.0007659482000000001,0.07865728525825662,76590.42499999999,0.003,-225.9566674669996,False
2026-04-29 02:10:22.958846+00:00,sell,76586.39,0.001,-0.001,0.0007658639,0.07880001686026067,76582.005,0.002,-149.3710433308996,False
2026-04-29 02:10:30.698913+00:00,sell,76594.68000000001,0.001,-0.001,0.0007659468,0.07851481218846697,76590.275,0.001,-72.77712927769959,False
2026-04-29 02:10:49.947263+00:00,buy,76580.40000000001,0.001,0.001,0.0007658040000000001,0.07851481218888125,76584.805,0.002,-149.3582950816996,False
2026-04-29 02:10:52.520612+00:00,sell,76589.2,0.001,-0.001,0.000765892,0.07865728525846412,76584.805,0.001,-72.7698609736996,False
2026-04-29 02:10:55.070006+00:00,sell,76589.19,0.001,-0.001,0.0007658919000000001,0.0788000168600528,76584.805,0.0,3.8185631344004087,False
2026-04-29 02:10:56.331173+00:00,sell,76589.19,0.001,-0.001,0.0007658919000000001,0.0788000168600528,76584.805,-0.001,80.4069872425004,False
2026-04-29 02:11:01.511918+00:00,sell,76589.2,0.001,-0.001,0.000765892,0.07865728525846412,76584.805,-0.002,156.9954213505004,False
2026-04-29 02:11:02.785250+00:00,sell,76589.2,0.001,-0.001,0.000765892,0.07865728525846412,76584.805,-0.003,233.5838554585004,False
2026-04-29 02:11:09.225480+00:00,sell,76589.18000000001,0.001,-0.001,0.0007658918,0.0788000168600528,76584.795,-0.004,310.17226956670044,False
2026-04-29 02:12:47.321513+00:00,sell,76556.8,0.001,-0.001,0.000765568,0.07880001686026067,76552.41500000001,-0.005,386.7283039987004,False
2026-04-29 02:13:09.137035+00:00,sell,76556.81,0.001,-0.001,0.0007655681,0.07865728525867163,76552.41500000001,-0.006,463.2843484306004,False
2026-04-29 02:13:14.237920+00:00,sell,76556.81,0.001,-0.001,0.0007655681,0.07865728525867163,76552.41500000001,-0.007,539.8403928625005,False
2026-04-29 02:13:24.444496+00:00,buy,76548.02,0.001,0.001,0.0007654802000000001,0.07865728525846412,76552.41500000001,-0.006,463.29160738230047,False
2026-04-29 02:14:09.516693+00:00,buy,76540.40000000001,0.001,0.001,0.0007654040000000001,0.07865728525867163,76544.795,-0.005,386.75044197830044,False
2026-04-29 02:14:22.355277+00:00,buy,76543.93000000001,0.001,0.001,0.0007654393000000001,0.07880001686026067,76548.315,-0.004,310.2057465390005,False
2026-04-29 02:14:31.287541+00:00,buy,76543.93000000001,0.001,0.001,0.0007654393000000001,0.07880001686026067,76548.315,-0.003,233.66105109970047,False
2026-04-29 02:14:40.330415+00:00,buy,76543.92,0.001,0.001,0.0007654392,0.07865728525846412,76548.315,-0.002,157.1163656605005,False
2026-04-29 02:14:41.603118+00:00,buy,76543.92,0.001,0.001,0.0007654392,0.07865728525846412,76548.315,-0.001,80.5716802213005,False
2026-04-29 02:14:57.041065+00:00,buy,76543.92,0.001,0.001,0.0007654392,0.07865728525846412,76548.315,0.0,4.0269947821004966,False
2026-04-29 02:15:03.450481+00:00,buy,76543.92,0.001,0.001,0.0007654392,0.07865728525846412,76548.315,0.001,-72.5176906570995,False
2026-04-29 02:15:07.251788+00:00,sell,76552.7,0.001,-0.001,0.000765527,0.07880001686026067,76548.315,0.0,4.034243815900508,False
2026-04-29 02:15:20.116960+00:00,buy,76543.92,0.001,0.001,0.0007654392,0.07865728525846412,76548.315,0.001,-72.51044162329949,False
2026-04-29 02:15:26.578601+00:00,buy,76543.92,0.001,0.001,0.0007654392,0.07865728525846412,76548.315,0.002,-149.05512706249948,False
2026-04-29 02:15:48.329155+00:00,buy,76543.91,0.001,0.001,0.0007654391000000001,0.07851481218867412,76548.315,0.003,-225.5998025015995,False
2026-04-29 02:16:01.149978+00:00,sell,76552.69,0.001,-0.001,0.0007655269000000001,0.0788000168600528,76548.305,0.002,-149.0478780284995,False
2026-04-29 02:16:12.682249+00:00,sell,76546.46,0.001,-0.001,0.0007654646000000001,0.07880001686026067,76542.07500000001,0.001,-72.50218349309948,False
2026-04-29 02:16:25.517346+00:00,buy,76537.66,0.001,0.001,0.0007653766,0.07865728525867163,76542.055,0.002,-149.04060886969947,False
2026-04-29 02:16:26.783252+00:00,buy,76537.66,0.001,0.001,0.0007653766,0.07865728525867163,76542.055,0.003,-225.57903424629944,False
2026-04-29 02:16:33.251912+00:00,sell,76544.49,0.001,-0.001,0.0007654449000000001,0.07880001686026067,76540.10500000001,0.002,-149.03530969119944,False
2026-04-29 02:16:44.852237+00:00,sell,76517.03,0.001,-0.001,0.0007651703,0.0788000168600528,76512.64499999999,0.001,-72.51904486149944,False
2026-04-29 02:16:51.280412+00:00,buy,76508.25,0.001,0.001,0.0007650825,0.07865728525867163,76512.64499999999,0.002,-149.02805994399947,False
2026-04-29 02:16:51.280412+00:00,sell,76517.04000000001,0.001,-0.001,0.0007651704,0.07865728525825662,76512.64499999999,0.001,-72.51178511439946,False
2026-04-29 02:17:15.729775+00:00,buy,76510.15000000001,0.001,0.001,0.0007651015000000001,0.07865728525867163,76514.545,0.002,-149.02270021589948,False
2026-04-29 02:17:23.463495+00:00,sell,76518.95,0.001,-0.001,0.0007651895,0.07851481218867412,76514.545,0.001,-72.50451540539947,False
2026-04-29 02:17:52.947414+00:00,sell,76549.26,0.001,-0.001,0.0007654926,0.07865728525846412,76544.86499999999,0.0,4.043979102000516,False
2026-04-29 02:17:59.332072+00:00,sell,76549.26,0.001,-0.001,0.0007654926,0.07865728525846412,76544.86499999999,-0.001,80.59247360940051,False
2026-04-29 02:18:03.162457+00:00,sell,76549.26,0.001,-0.001,0.0007654926,0.07865728525846412,76544.86499999999,-0.002,157.14096811680048,False
2026-04-29 02:18:04.426015+00:00,buy,76540.47,0.001,0.001,0.0007654047,0.07865728525867163,76544.86499999999,-0.001,80.59973271210048,False
2026-04-29 02:18:08.274256+00:00,sell,76549.26,0.001,-0.001,0.0007654926,0.07865728525846412,76544.86499999999,-0.002,157.14822721950046,False
2026-04-29 02:18:17.279849+00:00,sell,76542.08,0.001,-0.001,0.0007654208,0.07880001686026067,76537.695,-0.003,233.68954179870045,False
2026-04-29 02:18:37.792763+00:00,buy,76534.97,0.001,0.001,0.0007653497,0.07865728525867163,76539.36499999999,-0.002,157.15380644900043,False
2026-04-29 02:19:21.464985+00:00,sell,76550.08,0.001,-0.001,0.0007655008000000001,0.07865728525846412,76545.685,-0.003,233.70312094820045,False
2026-04-29 02:19:25.305780+00:00,buy,76546.95,0.001,0.001,0.0007654695,0.07865728525846412,76551.345,-0.002,157.15540547870043,False
2026-04-29 02:19:35.556931+00:00,sell,76555.73,0.001,-0.001,0.0007655572999999999,0.07880001686026067,76551.345,-0.003,233.71036992140043,False
2026-04-29 02:21:15.655465+00:00,sell,76525.76,0.001,-0.001,0.0007652576,0.07865728525846412,76521.36499999999,-0.004,310.23536466380045,False
2026-04-29 02:21:27.168001+00:00,sell,76525.75,0.001,-0.001,0.0007652575,0.0788000168600528,76521.36499999999,-0.005,386.76034940630046,False
2026-04-29 02:21:29.719378+00:00,sell,76525.76,0.001,-0.001,0.0007652576,0.07865728525846412,76521.36499999999,-0.006,463.28534414870046,False
2026-04-29 02:21:37.417136+00:00,sell,76525.76,0.001,-0.001,0.0007652576,0.07865728525846412,76521.36499999999,-0.007,539.8103388911004,False
2026-04-29 02:21:41.287133+00:00,buy,76516.97,0.001,0.001,0.0007651697,0.07865728525867163,76521.36499999999,-0.006,463.2926037214004,False
2026-04-29 02:22:27.646414+00:00,sell,76534.37,0.001,-0.001,0.0007653437,0.07880001686026067,76529.985,-0.007,539.8262083777004,False
2026-04-29 02:23:15.189805+00:00,sell,76504.40000000001,0.001,-0.001,0.0007650440000000001,0.07865728525846412,76500.005,-0.008,616.3298433337004,False
2026-04-29 02:23:30.562540+00:00,sell,76499.88,0.001,-0.001,0.0007649988000000001,0.0788000168600528,76495.495,-0.009000000000000001,692.8289583349003,False
2026-04-29 02:23:31.846861+00:00,sell,76499.88,0.001,-0.001,0.0007649988000000001,0.0788000168600528,76495.495,-0.010000000000000002,769.3280733361003,False
2026-04-29 02:23:42.148147+00:00,buy,76489.08,0.001,0.001,0.0007648908,0.07865728525846412,76493.475,-0.009000000000000001,692.8382284453002,False
2026-04-29 02:23:54.955333+00:00,sell,76504.35,0.001,-0.001,0.0007650435,0.07865728525846412,76499.955,-0.010000000000000002,769.3418134018002,False
2026-04-29 02:23:56.243936+00:00,buy,76495.56,0.001,0.001,0.0007649556,0.07865728525846412,76499.955,-0.009000000000000001,692.8454884462003,False
2026-04-29 02:23:57.511576+00:00,sell,76504.35,0.001,-0.001,0.0007650435,0.07865728525846412,76499.955,-0.010000000000000002,769.3490734027004,False
2026-04-29 02:24:29.687955+00:00,buy,76482.38,0.001,0.001,0.0007648238,0.07865728525867163,76486.775,-0.009000000000000001,692.8659285789004,False
2026-04-29 02:24:33.548650+00:00,buy,76482.38,0.001,0.001,0.0007648238,0.07865728525867163,76486.775,-0.008,616.3827837551004,False
2026-04-29 02:24:33.548650+00:00,sell,76491.17,0.001,-0.001,0.0007649117,0.07865728525846412,76486.775,-0.009000000000000001,692.8731888434004,False
2026-04-29 02:24:41.275700+00:00,sell,76491.17,0.001,-0.001,0.0007649117,0.07865728525846412,76486.775,-0.010000000000000002,769.3635939317004,False
2026-04-29 02:25:31.411917+00:00,buy,76504.14,0.001,0.001,0.0007650414,0.07880001686026067,76508.525,-0.009000000000000001,692.8586888903004,False
2026-04-29 02:25:33.988847+00:00,buy,76504.13,0.001,0.001,0.0007650413,0.07865728525867163,76508.525,-0.008,616.3537938490003,False
2026-04-29 02:26:15.106992+00:00,sell,76512.92,0.001,-0.001,0.0007651292,0.07865728525846412,76508.525,-0.009000000000000001,692.8659487198004,False
2026-04-29 02:26:17.672099+00:00,sell,76512.92,0.001,-0.001,0.0007651292,0.07865728525846412,76508.525,-0.010000000000000002,769.3781035906004,False
2026-04-29 02:26:20.237242+00:00,buy,76504.13,0.001,0.001,0.0007650413,0.07865728525867163,76508.525,-0.009000000000000001,692.8732085493003,False
2026-04-29 02:26:33.103904+00:00,sell,76505.90000000001,0.001,-0.001,0.0007650590000000001,0.0788000168600528,76501.515,-0.010000000000000002,769.3783434903004,False
2026-04-29 02:28:09.332041+00:00,buy,76470.39,0.001,0.001,0.0007647039,0.07865728525846412,76474.785,-0.009000000000000001,692.9071887864004,False
2026-04-29 02:28:13.165995+00:00,sell,76479.18000000001,0.001,-0.001,0.0007647918000000001,0.07865728525846412,76474.785,-0.010000000000000002,769.3856039946005,False
2026-04-29 02:28:24.784577+00:00,buy,76470.39,0.001,0.001,0.0007647039,0.07865728525846412,76474.785,-0.009000000000000001,692.9144492907005,False
2026-04-29 02:28:37.700459+00:00,buy,76470.39,0.001,0.001,0.0007647039,0.07865728525846412,76474.785,-0.008,616.4432945868006,False
2026-04-29 02:28:40.257853+00:00,sell,76479.18000000001,0.001,-0.001,0.0007647918000000001,0.07865728525846412,76474.785,-0.009000000000000001,692.9217097950007,False
2026-04-29 02:28:47.976926+00:00,sell,76479.16,0.001,-0.001,0.0007647916,0.0788000168600528,76474.775,-0.010000000000000002,769.4001050034007,False
2026-04-29 02:29:39.331526+00:00,buy,76456.56,0.001,0.001,0.0007645656,0.07851481218867412,76460.965,-0.009000000000000001,692.9427804378007,False
2026-04-29 02:30:01.210874+00:00,sell,76465.36,0.001,-0.001,0.0007646536,0.07865728525846412,76460.965,-0.010000000000000002,769.4073757842008,False
2026-04-29 02:30:06.308897+00:00,buy,76456.57,0.001,0.001,0.0007645657000000001,0.07865728525867163,76460.965,-0.009000000000000001,692.9500412185007,False
2026-04-29 02:30:08.913739+00:00,sell,76465.37,0.001,-0.001,0.0007646536999999999,0.07851481218867412,76460.965,-0.010000000000000002,769.4146465648007,False
2026-04-29 02:30:11.475852+00:00,buy,76464.22,0.001,0.001,0.0007646422,0.07865728525867163,76468.61499999999,-0.009000000000000001,692.9496619226007,False
2026-04-29 02:30:17.883031+00:00,buy,76464.22,0.001,0.001,0.0007646422,0.07865728525867163,76468.61499999999,-0.008,616.4846772804008,False
2026-04-29 02:33:05.413561+00:00,buy,76427.46,0.001,0.001,0.0007642746000000001,0.07865728525846412,76431.85500000001,-0.007,540.0564530058008,False
2026-04-29 02:33:23.500324+00:00,buy,76429.84,0.001,0.001,0.0007642984,0.0788000168600528,76434.225,-0.006,463.6258487074008,False
2026-04-29 02:33:24.768137+00:00,buy,76429.84,0.001,0.001,0.0007642984,0.0788000168600528,76434.225,-0.005,387.1952444090008,False
2026-04-29 02:33:53.029813+00:00,buy,76431.55,0.001,0.001,0.0007643155000000001,0.07865728525846412,76435.945,-0.004,310.76293009350076,False
2026-04-29 02:34:01.996146+00:00,buy,76431.55,0.001,0.001,0.0007643155000000001,0.07865728525846412,76435.945,-0.003,234.33061577800075,False
2026-04-29 02:34:42.964940+00:00,buy,76440.48,0.001,0.001,0.0007644047999999999,0.07865728525846412,76444.875,-0.002,157.88937137320073,False
2026-04-29 02:34:45.522247+00:00,sell,76449.27,0.001,-0.001,0.0007644927000000001,0.07865728525846412,76444.875,-0.003,234.33787688050074,False
2026-04-29 02:34:48.083223+00:00,sell,76449.27,0.001,-0.001,0.0007644927000000001,0.07865728525846412,76444.875,-0.004,310.78638238780076,False
2026-04-29 02:34:57.025631+00:00,sell,76449.27,0.001,-0.001,0.0007644927000000001,0.07865728525846412,76444.875,-0.005,387.23488789510077,False
2026-04-29 02:35:29.060449+00:00,buy,76439.01,0.001,0.001,0.0007643900999999999,0.07880001686026067,76443.39499999999,-0.004,310.79511350500076,False
2026-04-29 02:35:41.839885+00:00,buy,76439.01,0.001,0.001,0.0007643900999999999,0.07880001686026067,76443.39499999999,-0.003,234.35533911490077,False
2026-04-29 02:35:58.529963+00:00,buy,76429.85,0.001,0.001,0.0007642985000000001,0.07865728525867163,76434.245,-0.002,157.92472481640075,False
2026-04-29 02:36:01.095296+00:00,buy,76429.85,0.001,0.001,0.0007642985000000001,0.07865728525867163,76434.245,-0.001,81.49411051790075,False
2026-04-29 02:36:15.208432+00:00,buy,76429.85,0.001,0.001,0.0007642985000000001,0.07865728525867163,76434.245,0.0,5.063496219400749,False
2026-04-29 02:36:16.546789+00:00,buy,76429.85,0.001,0.001,0.0007642985000000001,0.07865728525867163,76434.245,0.001,-71.36711807909926,False
2026-04-29 02:36:25.527434+00:00,buy,76429.85,0.001,0.001,0.0007642985000000001,0.07865728525867163,76434.245,0.002,-147.79773237759926,False
2026-04-29 02:36:42.210505+00:00,buy,76441.51,0.001,0.001,0.0007644151,0.07865728525846412,76445.905,0.003,-224.24000679269926,False
2026-04-29 02:36:51.191559+00:00,buy,76441.51,0.001,0.001,0.0007644151,0.07865728525846412,76445.905,0.004,-300.68228120779924,False
2026-04-29 02:36:52.497725+00:00,buy,76441.51,0.001,0.001,0.0007644151,0.07865728525846412,76445.905,0.005,-377.1245556228992,False
2026-04-29 02:37:02.717356+00:00,sell,76450.3,0.001,-0.001,0.000764503,0.07865728525846412,76445.905,0.004,-300.6750201258992,False
2026-04-29 02:37:11.673405+00:00,sell,76450.3,0.001,-0.001,0.000764503,0.07865728525846412,76445.905,0.003,-224.2254846288992,False
2026-04-29 02:37:12.959600+00:00,sell,76450.3,0.001,-0.001,0.000764503,0.07865728525846412,76445.905,0.002,-147.7759491318992,False
2026-04-29 02:37:34.889160+00:00,buy,76438.87,0.001,0.001,0.0007643887,0.07865728525846412,76443.265,0.003,-224.2155835205992,False
2026-04-29 02:37:40.014949+00:00,sell,76447.67,0.001,-0.001,0.0007644767,0.07851481218867412,76443.265,0.002,-147.76867799729922,False
2026-04-29 02:37:41.284503+00:00,sell,76447.67,0.001,-0.001,0.0007644767,0.07851481218867412,76443.265,0.001,-71.32177247399922,False
2026-04-29 02:37:45.155238+00:00,buy,76438.87,0.001,0.001,0.0007643887,0.07865728525846412,76443.265,0.002,-147.7614068626992,False
2026-04-29 02:37:46.446623+00:00,buy,76438.87,0.001,0.001,0.0007643887,0.07865728525846412,76443.265,0.003,-224.20104125139918,False
2026-04-29 02:38:06.557201+00:00,buy,76438.87,0.001,0.001,0.0007643887,0.07865728525846412,76443.265,0.004,-300.6406756400992,False
2026-04-29 02:38:22.470444+00:00,sell,76443.68000000001,0.001,-0.001,0.0007644368000000001,0.07865728525846412,76439.285,0.003,-224.19776007689916,False
2026-04-29 02:38:25.158923+00:00,buy,76434.89,0.001,0.001,0.0007643489,0.07865728525846412,76439.285,0.004,-300.6334144257992,False
2026-04-29 02:38:29.139887+00:00,sell,76443.68000000001,0.001,-0.001,0.0007644368000000001,0.07865728525846412,76439.285,0.003,-224.19049886259916,False
2026-04-29 02:38:34.427041+00:00,sell,76443.67,0.001,-0.001,0.0007644367,0.07880001686026067,76439.285,0.002,-147.74759329929915,False
2026-04-29 02:38:39.702961+00:00,buy,76434.89,0.001,0.001,0.0007643489,0.07865728525846412,76439.285,0.003,-224.18324764819914,False
2026-04-29 02:38:45.078413+00:00,buy,76434.89,0.001,0.001,0.0007643489,0.07865728525846412,76439.285,0.004,-300.61890199709916,False
2026-04-29 02:39:10.423481+00:00,sell,76443.68000000001,0.001,-0.001,0.0007644368000000001,0.07865728525846412,76439.285,0.003,-224.17598643389914,False
2026-04-29 02:39:14.467699+00:00,sell,76443.69,0.001,-0.001,0.0007644369,0.07851481218867412,76439.285,0.002,-147.73306087079914,False
2026-04-29 02:39:45.300551+00:00,sell,76443.68000000001,0.001,-0.001,0.0007644368000000001,0.07865728525846412,76439.285,0.001,-71.29014530759912,False
2026-04-29 02:39:50.687820+00:00,buy,76434.89,0.001,0.001,0.0007643489,0.07865728525846412,76439.285,0.002,-147.7257996564991,False
2026-04-29 02:40:21.766666+00:00,buy,76434.89,0.001,0.001,0.0007643489,0.07865728525846412,76439.285,0.003,-224.1614540053991,False
2026-04-29 02:40:27.108541+00:00,buy,76434.89,0.001,0.001,0.0007643489,0.07865728525846412,76439.285,0.004,-300.5971083542991,False
2026-04-29 02:40:29.747474+00:00,sell,76443.69,0.001,-0.001,0.0007644369,0.07851481218867412,76439.285,0.003,-224.1541827911991,False
2026-04-29 02:41:00.570129+00:00,buy,76434.89,0.001,0.001,0.0007643489,0.07865728525846412,76439.285,0.004,-300.5898371400991,False
2026-04-29 02:41:35.178034+00:00,sell,76452.13,0.001,-0.001,0.0007645213000000001,0.0788000168600528,76447.745,0.003,-224.1384716613991,False
2026-04-29 02:41:49.493258+00:00,sell,76452.14,0.001,-0.001,0.0007645214,0.07865728525846412,76447.745,0.002,-147.68709618279908,False
2026-04-29 02:41:53.501396+00:00,buy,76443.35,0.001,0.001,0.0007644335000000001,0.07865728525867163,76447.745,0.003,-224.1312106162991,False
2026-04-29 02:41:56.145194+00:00,buy,76443.35,0.001,0.001,0.0007644335000000001,0.07865728525867163,76447.745,0.004,-300.5753250497991,False
2026-04-29 02:41:56.145194+00:00,sell,76452.14,0.001,-0.001,0.0007645214,0.07865728525846412,76447.745,0.003,-224.12394957119912,False
2026-04-29 02:42:02.933101+00:00,sell,76452.14,0.001,-0.001,0.0007645214,0.07865728525846412,76447.745,0.002,-147.6725740925991,False
2026-04-29 02:42:05.592625+00:00,sell,76452.14,0.001,-0.001,0.0007645214,0.07865728525846412,76447.745,0.001,-71.22119861399909,False
2026-04-29 02:42:19.008534+00:00,buy,76443.35,0.001,0.001,0.0007644335000000001,0.07865728525867163,76447.745,0.002,-147.6653130474991,False
2026-04-29 02:42:37.634190+00:00,buy,76443.35,0.001,0.001,0.0007644335000000001,0.07865728525867163,76447.745,0.003,-224.1094274809991,False
2026-04-29 02:42:44.370502+00:00,sell,76452.14,0.001,-0.001,0.0007645214,0.07865728525846412,76447.745,0.002,-147.6580520023991,False
2026-04-29 02:42:47.029957+00:00,sell,76452.14,0.001,-0.001,0.0007645214,0.07865728525846412,76447.745,0.001,-71.2066765237991,False
2026-04-29 02:43:01.760231+00:00,buy,76443.34,0.001,0.001,0.0007644333999999999,0.07851481218867412,76447.745,0.002,-147.6507809571991,False
2026-04-29 02:43:12.523207+00:00,buy,76443.35,0.001,0.001,0.0007644335000000001,0.07865728525867163,76447.745,0.003,-224.0948953906991,False
2026-04-29 02:43:15.166735+00:00,buy,76443.35,0.001,0.001,0.0007644335000000001,0.07865728525867163,76447.745,0.004,-300.5390098241991,False
2026-04-29 02:43:28.629658+00:00,sell,76452.14,0.001,-0.001,0.0007645214,0.07865728525846412,76447.745,0.003,-224.08763434559913,False
2026-04-29 02:43:35.379959+00:00,buy,76443.35,0.001,0.001,0.0007644335000000001,0.07865728525867163,76447.745,0.004,-300.53174877909913,False
2026-04-29 02:43:42.106349+00:00,sell,76452.14,0.001,-0.001,0.0007645214,0.07865728525846412,76447.745,0.003,-224.08037330049913,False
2026-04-29 02:44:03.545341+00:00,buy,76450.89,0.001,0.001,0.0007645089,0.07865728525846412,76455.285,0.004,-300.5320278093991,False
2026-04-29 02:44:39.563199+00:00,buy,76451.37,0.001,0.001,0.0007645137,0.07865728525846412,76455.765,0.005,-376.9841623230991,False
2026-04-29 02:44:47.637257+00:00,buy,76451.37,0.001,0.001,0.0007645137,0.07865728525846412,76455.765,0.006,-453.4362968367991,False
2026-04-29 02:44:57.058466+00:00,sell,76439.61,0.001,-0.001,0.0007643961,0.07865728525846412,76435.215,0.005,-376.9974512328991,False
2026-04-29 02:44:59.707454+00:00,buy,76430.81,0.001,0.001,0.0007643081,0.07851481218867412,76435.215,0.006,-453.4290255409991,False
2026-04-29 02:45:01.078337+00:00,sell,76438.68000000001,0.001,-0.001,0.0007643868000000001,0.0788000168600528,76434.295,0.005,-376.9911099277991,False
2026-04-29 02:45:07.738081+00:00,buy,76429.90000000001,0.001,0.001,0.0007642990000000001,0.07865728525867163,76434.295,0.006,-453.42177422679913,False
2026-04-29 02:45:41.101953+00:00,buy,76446.40000000001,0.001,0.001,0.0007644640000000001,0.07880001686026067,76450.785,0.007,-529.8689386907992,False
2026-04-29 02:46:13.298152+00:00,sell,76469.25,0.001,-0.001,0.0007646925,0.07865728525867163,76464.85500000001,0.006,-453.4004533832992,False
2026-04-29 02:46:21.356945+00:00,buy,76460.46,0.001,0.001,0.0007646046000000001,0.07865728525846412,76464.85500000001,0.007,-529.8616779878993,False
2026-04-29 02:46:38.785990+00:00,sell,76465.38,0.001,-0.001,0.0007646538000000001,0.0788000168600528,76460.995,0.006,-453.3970626416993,False
2026-04-29 02:46:59.194844+00:00,sell,76465.38,0.001,-0.001,0.0007646538000000001,0.0788000168600528,76460.995,0.005,-376.93244729549923,False
2026-04-29 02:47:20.432867+00:00,sell,76472.07,0.001,-0.001,0.0007647207000000001,0.07865728525825662,76467.67499999999,0.004,-300.46114201619923,False
2026-04-29 02:47:25.750828+00:00,buy,76463.28,0.001,0.001,0.0007646328,0.07865728525867163,76467.67499999999,0.005,-376.9251866489992,False
2026-04-29 02:47:27.082375+00:00,buy,76463.28,0.001,0.001,0.0007646328,0.07865728525867163,76467.67499999999,0.006,-453.3892312817992,False
2026-04-29 02:47:59.283832+00:00,buy,76463.28,0.001,0.001,0.0007646328,0.07865728525867163,76467.67499999999,0.007,-529.8532759145993,False
2026-04-29 02:48:04.683557+00:00,buy,76463.28,0.001,0.001,0.0007646328,0.07865728525867163,76467.67499999999,0.008,-606.3173205473994,False
2026-04-29 02:48:23.515937+00:00,buy,76463.28,0.001,0.001,0.0007646328,0.07865728525867163,76467.67499999999,0.009000000000000001,-682.7813651801995,False
2026-04-29 02:48:28.862139+00:00,buy,76463.28,0.001,0.001,0.0007646328,0.07865728525867163,76467.67499999999,0.010000000000000002,-759.2454098129996,False
2026-04-29 02:48:30.212524+00:00,sell,76472.07,0.001,-0.001,0.0007647207000000001,0.07865728525825662,76467.67499999999,0.009000000000000001,-682.7741045336995,False
2026-04-29 02:48:50.243640+00:00,buy,76463.28,0.001,0.001,0.0007646328,0.07865728525867163,76467.67499999999,0.010000000000000002,-759.2381491664995,False
2026-04-29 02:48:50.243640+00:00,sell,76472.07,0.001,-0.001,0.0007647207000000001,0.07865728525825662,76467.67499999999,0.009000000000000001,-682.7668438871995,False
2026-04-29 02:49:23.746821+00:00,buy,76463.28,0.001,0.001,0.0007646328,0.07865728525867163,76467.67499999999,0.010000000000000002,-759.2308885199994,False
2026-04-29 02:52:20.705061+00:00,sell,76519.13,0.001,-0.001,0.0007651913,0.0788000168600528,76514.745,0.009000000000000001,-682.7125237112995,False
2026-04-29 02:52:22.022536+00:00,sell,76519.13,0.001,-0.001,0.0007651913,0.0788000168600528,76514.745,0.008,-606.1941589025995,False
2026-04-29 02:52:35.349745+00:00,sell,76516.17,0.001,-0.001,0.0007651617,0.07880001686026067,76511.785,0.007,-529.6787540642995,False
2026-04-29 02:53:10.341131+00:00,sell,76499.89,0.001,-0.001,0.0007649989,0.07865728525846412,76495.495,0.006,-453.1796290631995,False
2026-04-29 02:53:18.442272+00:00,buy,76505.61,0.001,0.001,0.0007650561,0.07865728525846412,76510.005,0.007,-529.6860041192996,False
2026-04-29 02:53:26.529010+00:00,sell,76514.39,0.001,-0.001,0.0007651439,0.07880001686026067,76510.005,0.006,-453.1723792631996,False
2026-04-29 02:53:42.722159+00:00,buy,76505.6,0.001,0.001,0.0007650560000000001,0.07851481218867412,76510.005,0.007,-529.6787443191996,False
2026-04-29 02:53:42.722159+00:00,sell,76514.40000000001,0.001,-0.001,0.0007651440000000002,0.07865728525846412,76510.005,0.006,-453.1651094631996,False
2026-04-29 02:54:23.134051+00:00,sell,76500.07,0.001,-0.001,0.0007650007000000001,0.0788000168600528,76495.685,0.005,-376.66580446389963,False
2026-04-29 02:54:36.516979+00:00,sell,76498.87,0.001,-0.001,0.0007649887,0.07880001686026067,76494.485,0.004,-300.1676994525996,False
2026-04-29 02:55:14.123600+00:00,buy,76487.56,0.001,0.001,0.0007648756,0.07865728525846412,76491.955,0.005,-376.6560243281996,False
2026-04-29 02:55:23.524932+00:00,buy,76489.62,0.001,0.001,0.0007648962,0.07851481218867412,76494.025,0.006,-453.1464092243996,False
2026-04-29 02:55:31.512159+00:00,sell,76498.41,0.001,-0.001,0.0007649841,0.0788000168600528,76494.025,0.005,-376.64876420849953,False
2026-04-29 02:55:35.562627+00:00,sell,76498.41,0.001,-0.001,0.0007649841,0.0788000168600528,76494.025,0.004,-300.1511191925995,False
2026-04-29 02:55:44.940882+00:00,sell,76498.41,0.001,-0.001,0.0007649841,0.0788000168600528,76494.025,0.003,-223.65347417669946,False
2026-04-29 02:56:01.023577+00:00,sell,76497.35,0.001,-0.001,0.0007649735000000001,0.0788000168600528,76492.965,0.002,-147.15688915019945,False
2026-04-29 02:56:17.089472+00:00,sell,76497.35,0.001,-0.001,0.0007649735000000001,0.0788000168600528,76492.965,0.001,-70.66030412369943,False
2026-04-29 02:56:26.476970+00:00,sell,76497.35,0.001,-0.001,0.0007649735000000001,0.0788000168600528,76492.965,0.0,5.836280902800579,False
2026-04-29 02:56:33.210853+00:00,sell,76497.37,0.001,-0.001,0.0007649737,0.07865728525867163,76492.975,-0.001,82.33288592910058,False
2026-04-29 02:56:35.903524+00:00,buy,76488.59,0.001,0.001,0.0007648859,0.07865728525846412,76492.985,0.0,5.843531043200582,False
2026-04-29 02:57:05.475693+00:00,buy,76498.96,0.001,0.001,0.0007649896000000001,0.07865728525846412,76503.35500000001,0.001,-70.65619394639943,False
2026-04-29 02:57:10.836764+00:00,buy,76498.96,0.001,0.001,0.0007649896000000001,0.07865728525846412,76503.35500000001,0.002,-147.1559189359994,False
2026-04-29 02:57:22.833669+00:00,buy,76498.96,0.001,0.001,0.0007649896000000001,0.07865728525846412,76503.35500000001,0.003,-223.6556439255994,False
2026-04-29 02:57:26.893405+00:00,sell,76507.75,0.001,-0.001,0.0007650775,0.07865728525867163,76503.35500000001,0.002,-147.14865900309943,False
2026-04-29 02:57:28.218866+00:00,buy,76493.77,0.001,0.001,0.0007649377000000001,0.07865728525846412,76498.16500000001,0.003,-223.64319394079945,False
2026-04-29 02:57:37.604442+00:00,sell,76502.57,0.001,-0.001,0.0007650257,0.07851481218867412,76498.16500000001,0.002,-147.14138896649945,False
2026-04-29 02:57:38.958242+00:00,buy,76493.77,0.001,0.001,0.0007649377000000001,0.07865728525846412,76498.16500000001,0.003,-223.63592390419947,False
2026-04-29 02:57:42.947673+00:00,sell,76502.57,0.001,-0.001,0.0007650257,0.07851481218867412,76498.16500000001,0.002,-147.13411892989944,False
2026-04-29 02:57:44.269500+00:00,buy,76493.77,0.001,0.001,0.0007649377000000001,0.07865728525846412,76498.16500000001,0.003,-223.62865386759947,False
2026-04-29 02:57:45.606144+00:00,buy,76493.77,0.001,0.001,0.0007649377000000001,0.07865728525846412,76498.16500000001,0.004,-300.1231888052995,False
2026-04-29 02:57:46.963405+00:00,buy,76493.77,0.001,0.001,0.0007649377000000001,0.07865728525846412,76498.16500000001,0.005,-376.61772374299954,False
2026-04-29 02:58:00.384813+00:00,sell,76502.56,0.001,-0.001,0.0007650256,0.07865728525867163,76498.16500000001,0.004,-300.11592876859953,False
2026-04-29 02:59:01.970494+00:00,buy,76501.39,0.001,0.001,0.0007650139,0.07880001686026067,76505.775,0.005,-376.6180837824995,False
2026-04-29 02:59:34.060677+00:00,buy,76503.54000000001,0.001,0.001,0.0007650354000000001,0.07865728525867163,76507.935,0.006,-453.12238881789955,False
2026-04-29 03:00:19.708640+00:00,buy,76531.88,0.001,0.001,0.0007653188,0.07880001686026067,76536.265,0.007,-529.6550341366994,False
2026-04-29 03:00:30.458945+00:00,buy,76531.88,0.001,0.001,0.0007653188,0.07880001686026067,76536.265,0.008,-606.1876794554994,False
2026-04-29 03:00:33.146815+00:00,buy,76531.88,0.001,0.001,0.0007653188,0.07880001686026067,76536.265,0.009000000000000001,-682.7203247742993,False
2026-04-29 03:00:45.226683+00:00,buy,76531.88,0.001,0.001,0.0007653188,0.07880001686026067,76536.265,0.010000000000000002,-759.2529700930993,False
2026-04-29 03:00:50.960733+00:00,sell,76543.40000000001,0.001,-0.001,0.0007654340000000001,0.07865728525846412,76539.005,0.009000000000000001,-682.7103355270992,False
2026-04-29 03:00:53.629154+00:00,buy,76534.61,0.001,0.001,0.0007653461,0.07865728525846412,76539.005,0.010000000000000002,-759.2457108731993,False
2026-04-29 03:02:23.461055+00:00,sell,76593.69,0.001,-0.001,0.0007659369,0.07851481218867412,76589.285,0.009000000000000001,-682.6527868100993,False
2026-04-29 03:02:42.226032+00:00,sell,76582.25,0.001,-0.001,0.0007658225,0.07865728525867163,76577.85500000001,0.008,-606.0713026325992,False
2026-04-29 03:02:48.964057+00:00,sell,76582.24,0.001,-0.001,0.0007658224,0.07880001686026067,76577.85500000001,0.007,-529.4898284549992,False
2026-04-29 03:02:54.329700+00:00,buy,76574.82,0.001,0.001,0.0007657482000000001,0.07865728525867163,76579.215,0.008,-606.0654142031992,False
2026-04-29 03:03:11.720110+00:00,sell,76583.61,0.001,-0.001,0.0007658361,0.07865728525846412,76579.215,0.007,-529.4825700392992,False
2026-04-29 03:03:34.373008+00:00,sell,76582.24,0.001,-0.001,0.0007658224,0.07880001686026067,76577.85500000001,0.006,-452.90109586169916,False
2026-04-29 03:03:37.060737+00:00,sell,76582.24,0.001,-0.001,0.0007658224,0.07880001686026067,76577.85500000001,0.005,-376.31962168409916,False
2026-04-29 03:03:38.402694+00:00,sell,76582.24,0.001,-0.001,0.0007658224,0.07880001686026067,76577.85500000001,0.004,-299.73814750649916,False
2026-04-29 03:03:54.476610+00:00,sell,76575.99,0.001,-0.001,0.0007657599000000001,0.07880001686026067,76571.60500000001,0.003,-223.16292326639916,False
2026-04-29 03:04:09.180255+00:00,buy,76530.38,0.001,0.001,0.0007653038000000001,0.07880001686026067,76534.765,0.004,-299.6940685701992,False
2026-04-29 03:04:10.500354+00:00,buy,76530.38,0.001,0.001,0.0007653038000000001,0.07880001686026067,76534.765,0.005,-376.2252138739992,False
2026-04-29 03:04:17.171515+00:00,buy,76530.38,0.001,0.001,0.0007653038000000001,0.07880001686026067,76534.765,0.006,-452.75635917779925,False
2026-04-29 03:04:33.260095+00:00,sell,76539.16,0.001,-0.001,0.0007653916,0.07865728525846412,76534.765,0.005,-376.2179645693992,False
2026-04-29 03:04:41.345348+00:00,sell,76539.16,0.001,-0.001,0.0007653916,0.07865728525846412,76534.765,0.004,-299.6795699609992,False
2026-04-29 03:04:52.078417+00:00,sell,76539.14,0.001,-0.001,0.0007653914000000001,0.07880001686026067,76534.755,0.003,-223.14119535239917,False
2026-04-29 03:05:09.493808+00:00,buy,76524.6,0.001,0.001,0.000765246,0.07865728525867163,76528.995,0.004,-299.6665605983992,False
2026-04-29 03:05:28.201389+00:00,sell,76524.34,0.001,-0.001,0.0007652434,0.07865728525867163,76519.945,0.003,-223.1429858417992,False
2026-04-29 03:05:32.260723+00:00,sell,76524.35,0.001,-0.001,0.0007652435,0.07851481218867412,76519.945,0.002,-146.6194010852992,False
2026-04-29 03:06:16.583222+00:00,sell,76539.39,0.001,-0.001,0.0007653939,0.07865728525846412,76534.995,0.001,-70.08077647919919,False
2026-04-29 03:06:23.279569+00:00,sell,76539.39,0.001,-0.001,0.0007653939,0.07865728525846412,76534.995,0.0,6.45784812690081,False
2026-04-29 03:06:41.867047+00:00,sell,76539.39,0.001,-0.001,0.0007653939,0.07865728525846412,76534.995,-0.001,82.99647273300081,False
2026-04-29 03:06:47.210607+00:00,sell,76546.75,0.001,-0.001,0.0007654675,0.07865728525867163,76542.35500000001,-0.002,159.54245726550081,False
2026-04-29 03:07:15.334447+00:00,buy,76547.23,0.001,0.001,0.0007654723,0.07880001686026067,76551.61499999999,-0.001,82.99446179320081,False
2026-04-29 03:07:28.640196+00:00,buy,76550.7,0.001,0.001,0.000765507,0.07865728525846412,76555.095,0.0,6.442996286200821,False
2026-04-29 03:07:41.973548+00:00,buy,76550.71,0.001,0.001,0.0007655071,0.07880001686026067,76555.095,0.001,-70.10847922089918,False
2026-04-29 03:07:50.031027+00:00,buy,76558.34,0.001,0.001,0.0007655833999999999,0.07865728525846412,76562.735,0.002,-146.6675848042992,False
2026-04-29 03:08:00.798068+00:00,buy,76558.34,0.001,0.001,0.0007655833999999999,0.07865728525846412,76562.735,0.003,-223.22669038769922,False
2026-04-29 03:08:26.078503+00:00,sell,76553.77,0.001,-0.001,0.0007655377000000001,0.07865728525846412,76549.375,0.002,-146.6736859253992,False
2026-04-29 03:08:30.089130+00:00,sell,76553.77,0.001,-0.001,0.0007655377000000001,0.07865728525846412,76549.375,0.001,-70.12068146309922,False
2026-04-29 03:08:31.442164+00:00,sell,76553.77,0.001,-0.001,0.0007655377000000001,0.07865728525846412,76549.375,0.0,6.432322999200783,False
2026-04-29 03:08:56.872001+00:00,buy,76550.71,0.001,0.001,0.0007655071,0.07880001686026067,76555.095,0.001,-70.11915250789923,False
2026-04-29 03:09:27.816618+00:00,buy,76550.71,0.001,0.001,0.0007655071,0.07880001686026067,76555.095,0.002,-146.67062801499924,False
2026-04-29 03:09:29.124013+00:00,buy,76553.26,0.001,0.001,0.0007655326,0.07880001686026067,76557.64499999999,0.003,-223.22465354759925,False
2026-04-29 03:09:33.106753+00:00,buy,76553.26,0.001,0.001,0.0007655326,0.07880001686026067,76557.64499999999,0.004,-299.77867908019925,False
2026-04-29 03:09:45.149588+00:00,buy,76562.57,0.001,0.001,0.0007656257,0.07880001686026067,76566.955,0.005,-376.34201470589926,False
2026-04-29 03:09:46.508825+00:00,buy,76563.34,0.001,0.001,0.0007656334,0.0788000168600528,76567.725,0.006,-452.90612033929926,False
2026-04-29 03:09:57.184632+00:00,buy,76563.34,0.001,0.001,0.0007656334,0.0788000168600528,76567.725,0.007,-529.4702259726993,False
2026-04-29 03:10:10.847713+00:00,buy,76572.22,0.001,0.001,0.0007657222,0.0788000168600528,76576.60500000001,0.008,-606.0432116948992,False
2026-04-29 03:10:57.699719+00:00,sell,76592.09,0.001,-0.001,0.0007659209,0.07865728525867163,76587.695,0.007,-529.4518876157993,False
2026-04-29 03:12:42.138373+00:00,sell,76619.93000000001,0.001,-0.001,0.0007661993000000001,0.07865728525846412,76615.535,0.006,-452.83272381509926,False
2026-04-29 03:12:43.431092+00:00,buy,76611.14,0.001,0.001,0.0007661114,0.07865728525846412,76615.535,0.007,-529.4446299264993,False
2026-04-29 03:13:16.960514+00:00,sell,76614.40000000001,0.001,-0.001,0.0007661440000000001,0.07865728525846412,76610.005,0.006,-452.8309960704993,False
2026-04-29 03:13:25.058294+00:00,buy,76605.61,0.001,0.001,0.0007660561,0.07865728525846412,76610.005,0.007,-529.4373721265993,False
2026-04-29 03:13:42.454207+00:00,buy,76605.62,0.001,0.001,0.0007660561999999999,0.0788000168600528,76610.005,0.008,-606.0437581827993,False
2026-04-29 03:13:59.690361+00:00,buy,76609.56,0.001,0.001,0.0007660956,0.0788000168600528,76613.945,0.009000000000000001,-682.6540842783993,False
2026-04-29 03:14:13.069906+00:00,buy,76618.38,0.001,0.001,0.0007661838000000001,0.07865728525867163,76622.775,0.010000000000000002,-759.2732304621993,False
2026-04-29 03:15:32.305690+00:00,sell,76654.38,0.001,-0.001,0.0007665438,0.0788000168600528,76649.995,0.009000000000000001,-682.6196170059993,False
2026-04-29 03:15:37.599675+00:00,sell,76651.22,0.001,-0.001,0.0007665122000000001,0.07865728525867163,76646.82500000001,0.008,-605.9691635181994,False
2026-04-29 03:15:41.599275+00:00,sell,76651.22,0.001,-0.001,0.0007665122000000001,0.07865728525867163,76646.82500000001,0.007,-529.3187100303994,False
2026-04-29 03:15:45.651286+00:00,sell,76651.22,0.001,-0.001,0.0007665122000000001,0.07865728525867163,76646.82500000001,0.006,-452.6682565425994,False
2026-04-29 03:15:49.703018+00:00,buy,76642.43000000001,0.001,0.001,0.0007664243000000001,0.07865728525846412,76646.82500000001,0.007,-529.3114529668994,False
2026-04-29 03:15:51.037892+00:00,buy,76642.43000000001,0.001,0.001,0.0007664243000000001,0.07865728525846412,76646.82500000001,0.008,-605.9546493911994,False
2026-04-29 03:16:24.651794+00:00,buy,76644.16,0.001,0.001,0.0007664416000000001,0.07865728525867163,76648.555,0.009000000000000001,-682.5995758327995,False
2026-04-29 03:16:27.321446+00:00,buy,76644.16,0.001,0.001,0.0007664416000000001,0.07865728525867163,76648.555,0.010000000000000002,-759.2445022743996,False
2026-04-29 03:16:28.631200+00:00,sell,76652.96,0.001,-0.001,0.0007665296,0.07851481218846697,76648.555,0.009000000000000001,-682.5923088039996,False
2026-04-29 03:16:50.087179+00:00,buy,76655.61,0.001,0.001,0.0007665561,0.07880001686026067,76659.995,0.010000000000000002,-759.2486853600996,False
2026-04-29 03:25:09.405290+00:00,sell,76854.39,0.001,-0.001,0.0007685439,0.07880001686026067,76850.005,0.009000000000000001,-682.3950639039996,False
2026-04-29 03:25:17.506266+00:00,sell,76872.42,0.001,-0.001,0.0007687242,0.07865728525846412,76868.025,0.008,-605.5234126281996,False
2026-04-29 03:26:03.121723+00:00,sell,76839.95,0.001,-0.001,0.0007683995,0.07865728525846412,76835.555,0.007,-528.6842310276995,False
2026-04-29 03:26:07.106129+00:00,sell,76839.95,0.001,-0.001,0.0007683995,0.07865728525846412,76835.555,0.006,-451.8450494271995,False
2026-04-29 03:26:16.459502+00:00,sell,76839.95,0.001,-0.001,0.0007683995,0.07865728525846412,76835.555,0.005,-375.0058678266995,False
2026-04-29 03:26:21.820211+00:00,buy,76831.15000000001,0.001,0.001,0.0007683115000000001,0.07851481218888125,76835.555,0.006,-451.8377861381995,False
2026-04-29 03:26:37.795740+00:00,buy,76839.13,0.001,0.001,0.0007683913000000001,0.07865728525867163,76843.525,0.007,-528.6776845294994,False
2026-04-29 03:26:40.440689+00:00,sell,76847.92,0.001,-0.001,0.0007684792,0.07865728525846412,76843.525,0.006,-451.83053300869943,False
2026-04-29 03:26:56.463511+00:00,sell,76833.84,0.001,-0.001,0.0007683384,0.07880001686026067,76829.455,0.005,-374.99746134709943,False
2026-04-29 03:26:59.121447+00:00,sell,76833.84,0.001,-0.001,0.0007683384,0.07880001686026067,76829.455,0.004,-298.16438968549943,False
2026-04-29 03:27:15.101522+00:00,buy,76825.27,0.001,0.001,0.0007682527000000001,0.07865728525846412,76829.66500000001,0.005,-374.99042793819945,False
2026-04-29 03:27:19.147573+00:00,sell,76834.05,0.001,-0.001,0.0007683405,0.07880001686026067,76829.66500000001,0.004,-298.15714627869943,False
2026-04-29 03:27:23.135335+00:00,buy,76825.27,0.001,0.001,0.0007682527000000001,0.07865728525846412,76829.66500000001,0.005,-374.98318453139944,False
2026-04-29 03:28:03.249909+00:00,buy,76811.28,0.001,0.001,0.0007681128,0.07865728525867163,76815.67499999999,0.006,-451.7952326441995,False
2026-04-29 03:28:04.587215+00:00,buy,76819.5,0.001,0.001,0.000768195,0.0788000168600528,76823.88500000001,0.007,-528.6155008391994,False
2026-04-29 03:28:08.582093+00:00,buy,76825.27,0.001,0.001,0.0007682527000000001,0.07865728525846412,76829.66500000001,0.008,-605.4415390918995,False
2026-04-29 03:28:09.938118+00:00,buy,76825.27,0.001,0.001,0.0007682527000000001,0.07865728525846412,76829.66500000001,0.009000000000000001,-682.2675773445995,False
2026-04-29 03:28:11.306535+00:00,buy,76825.27,0.001,0.001,0.0007682527000000001,0.07865728525846412,76829.66500000001,0.010000000000000002,-759.0936155972996,False
2026-04-29 03:28:19.386870+00:00,sell,76827.64,0.001,-0.001,0.0007682764000000001,0.07865728525846412,76823.245,0.009000000000000001,-682.2667438736996,False
2026-04-29 03:28:23.363475+00:00,sell,76827.64,0.001,-0.001,0.0007682764000000001,0.07865728525846412,76823.245,0.008,-605.4398721500996,False
2026-04-29 03:28:26.022357+00:00,buy,76818.85,0.001,0.001,0.0007681885000000001,0.07865728525867163,76823.245,0.009000000000000001,-682.2594903385997,False
2026-04-29 03:28:26.022357+00:00,sell,76827.64,0.001,-0.001,0.0007682764000000001,0.07865728525846412,76823.245,0.008,-605.4326186149997,False
2026-04-29 03:28:31.356110+00:00,sell,76827.64,0.001,-0.001,0.0007682764000000001,0.07865728525846412,76823.245,0.007,-528.6057468913997,False
2026-04-29 03:28:43.482371+00:00,buy,76839.57,0.001,0.001,0.0007683957000000001,0.07880001686026067,76843.955,0.008,-605.4460852870997,False
2026-04-29 03:28:59.651281+00:00,buy,76839.55,0.001,0.001,0.0007683955,0.07851481218867412,76843.955,0.009000000000000001,-682.2864036825997,False
2026-04-29 03:29:11.705880+00:00,buy,76839.57,0.001,0.001,0.0007683957000000001,0.07880001686026067,76843.955,0.010000000000000002,-759.1267420782997,False
2026-04-29 03:29:30.525859+00:00,sell,76860.62,0.001,-0.001,0.0007686062,0.07865728525867163,76856.225,0.009000000000000001,-682.2668906844997,False
2026-04-29 03:29:33.195843+00:00,sell,76854.23,0.001,-0.001,0.0007685423,0.07880001686026067,76849.845,0.008,-605.4134292267996,False
2026-04-29 03:29:38.565422+00:00,buy,76851.34,0.001,0.001,0.0007685134,0.0788000168600528,76855.725,0.009000000000000001,-682.2655377401996,False
2026-04-29 03:30:00.338873+00:00,sell,76886.38,0.001,-0.001,0.0007688638000000001,0.0788000168600528,76881.995,0.008,-605.3799266039996,False
2026-04-29 03:30:04.328417+00:00,buy,76881.82,0.001,0.001,0.0007688182000000001,0.07865728525867163,76886.215,0.009000000000000001,-682.2625154221996,False
2026-04-29 03:32:18.107688+00:00,buy,76842.40000000001,0.001,0.001,0.0007684240000000001,0.07865728525867163,76846.795,0.010000000000000002,-759.1056838461996,False
2026-04-29 03:32:22.053536+00:00,sell,76851.2,0.001,-0.001,0.000768512,0.07851481218867412,76846.795,0.009000000000000001,-682.2552523581995,False
2026-04-29 03:32:24.703398+00:00,buy,76842.40000000001,0.001,0.001,0.0007684240000000001,0.07865728525867163,76846.795,0.010000000000000002,-759.0984207821995,False
2026-04-29 03:32:43.405175+00:00,sell,76851.19,0.001,-0.001,0.0007685119,0.07865728525846412,76846.795,0.009000000000000001,-682.2479992940995,False
2026-04-29 03:32:47.406489+00:00,buy,76842.40000000001,0.001,0.001,0.0007684240000000001,0.07865728525867163,76846.795,0.010000000000000002,-759.0911677180994,False
2026-04-29 03:33:06.160690+00:00,sell,76835.82,0.001,-0.001,0.0007683582000000001,0.0788000168600528,76831.435,0.009000000000000001,-682.2561160762995,False
2026-04-29 03:33:07.507406+00:00,sell,76825.55,0.001,-0.001,0.0007682555000000001,0.07865728525846412,76821.155,0.008,-605.4313343317995,False
2026-04-29 03:33:28.887831+00:00,buy,76798.05,0.001,0.001,0.0007679805000000001,0.07865728525846412,76802.445,0.009000000000000001,-682.2301523122994,False
2026-04-29 03:33:53.422359+00:00,sell,76812.43000000001,0.001,-0.001,0.0007681243000000001,0.07865728525846412,76808.035,0.008,-605.4184904365994,False
2026-04-29 03:34:05.400448+00:00,buy,76810.97,0.001,0.001,0.0007681097,0.0788000168600528,76815.35500000001,0.009000000000000001,-682.2302285462994,False
2026-04-29 03:34:36.315854+00:00,sell,76830.24,0.001,-0.001,0.0007683024,0.07880001686026067,76825.85500000001,0.008,-605.4007568486994,False
2026-04-29 03:34:49.648343+00:00,sell,76815.18000000001,0.001,-0.001,0.0007681518000000001,0.07865728525846412,76810.785,0.007,-528.5863450004994,False
2026-04-29 03:34:50.972712+00:00,sell,76815.18000000001,0.001,-0.001,0.0007681518000000001,0.07865728525846412,76810.785,0.006,-451.77193315229937,False
2026-04-29 03:34:57.733121+00:00,buy,76810.96,0.001,0.001,0.0007681096000000001,0.07880001686026067,76815.345,0.007,-528.5836612618994,False
2026-04-29 03:35:07.085404+00:00,buy,76812.31,0.001,0.001,0.0007681231,0.0788000168600528,76816.695,0.008,-605.3967393849994,False
2026-04-29 03:35:51.293874+00:00,sell,76858.3,0.001,-0.001,0.0007685830000000001,0.07880001686026067,76853.91500000001,0.007,-528.5392079679993,False
2026-04-29 03:36:13.399996+00:00,sell,76863.64,0.001,-0.001,0.0007686364,0.07865728525846412,76859.245,0.006,-451.6763366043993,False
2026-04-29 03:46:07.236894+00:00,sell,77049.02,0.001,-0.001,0.0007704902,0.07880001686026067,77044.63500000001,0.005,-374.6280870945993,False
2026-04-29 03:46:15.268524+00:00,sell,77036.22,0.001,-0.001,0.0007703622,0.0788000168600528,77031.83499999999,0.004,-297.5926374567993,False
2026-04-29 03:46:27.420277+00:00,sell,77026.17,0.001,-0.001,0.0007702617,0.07880001686026067,77021.785,0.003,-220.56723771849934,False
2026-04-29 03:46:28.755273+00:00,sell,77026.17,0.001,-0.001,0.0007702617,0.07880001686026067,77021.785,0.002,-143.54183798019935,False
2026-04-29 03:46:35.486661+00:00,sell,77018.62,0.001,-0.001,0.0007701861999999999,0.07865728525867163,77014.225,0.001,-66.52398816639935,False
2026-04-29 03:46:36.811062+00:00,buy,77009.83,0.001,0.001,0.0007700983000000001,0.07865728525846412,77014.225,0.002,-143.53458826469935,False
2026-04-29 03:46:44.852849+00:00,sell,77018.61,0.001,-0.001,0.0007701861,0.07880001686026067,77014.225,0.001,-66.51674845079935,False
2026-04-29 03:47:21.000469+00:00,sell,76996.0,0.001,-0.001,0.00076996,0.0788000168600528,76991.61499999999,0.0,10.47848158920064,False
2026-04-29 03:47:22.364653+00:00,buy,76987.22,0.001,0.001,0.0007698722000000001,0.07865728525867163,76991.61499999999,0.001,-66.50950828299936,False
2026-04-29 03:47:34.430586+00:00,sell,77018.38,0.001,-0.001,0.0007701838000000001,0.0788000168600528,77013.995,0.0,10.508101533200644,False
2026-04-29 03:47:57.385465+00:00,buy,77023.08,0.001,0.001,0.0007702308000000001,0.07880001686026067,77027.465,0.001,-66.51574869759936,False
2026-04-29 03:48:00.030416+00:00,buy,77027.01,0.001,0.001,0.0007702701,0.07880001686026067,77031.39499999999,0.002,-143.54352896769936,False
2026-04-29 03:48:06.730103+00:00,buy,77027.0,0.001,0.001,0.00077027,0.07865728525867163,77031.39499999999,0.003,-220.57129923769938,False
2026-04-29 03:48:08.044605+00:00,buy,77027.0,0.001,0.001,0.00077027,0.07865728525867163,77031.39499999999,0.004,-297.59906950769937,False
2026-04-29 03:48:18.848634+00:00,sell,77019.86,0.001,-0.001,0.0007701986,0.07880001686026067,77015.475,0.003,-220.57997970629938,False
2026-04-29 03:48:20.215745+00:00,sell,77019.86,0.001,-0.001,0.0007701986,0.07880001686026067,77015.475,0.002,-143.56088990489937,False
2026-04-29 03:48:37.717578+00:00,sell,77004.91,0.001,-0.001,0.0007700491,0.0788000168600528,77000.525,0.001,-66.55674995399936,False
2026-04-29 03:48:44.397645+00:00,sell,77004.92,0.001,-0.001,0.0007700492,0.07865728525846412,77000.525,0.0,10.447399996800641,False
2026-04-29 03:48:47.063648+00:00,buy,76996.13,0.001,0.001,0.0007699613000000001,0.07865728525867163,77000.525,0.001,-66.54949996449936,False
2026-04-29 03:49:03.092003+00:00,buy,77007.43000000001,0.001,0.001,0.0007700743000000001,0.07880001686026067,77011.815,0.002,-143.55770003879937,False
2026-04-29 03:49:24.587538+00:00,buy,77007.88,0.001,0.001,0.0007700788,0.07865728525867163,77012.275,0.003,-220.56635011759937,False
2026-04-29 03:49:39.339745+00:00,sell,77016.67,0.001,-0.001,0.0007701667,0.07865728525846412,77012.275,0.002,-143.55045028429936,False
2026-04-29 03:49:51.437943+00:00,buy,77007.88,0.001,0.001,0.0007700788,0.07865728525867163,77012.275,0.003,-220.55910036309936,False
2026-04-29 03:50:06.233688+00:00,sell,77007.61,0.001,-0.001,0.0007700761,0.07865728525846412,77003.215,0.002,-143.55226043919936,False
2026-04-29 03:50:16.892917+00:00,sell,77007.6,0.001,-0.001,0.0007700760000000001,0.0788000168600528,77003.215,0.001,-66.54543051519934,False
2026-04-29 03:50:28.918454+00:00,buy,76994.38,0.001,0.001,0.0007699438000000001,0.07865728525867163,76998.775,0.002,-143.54058045899936,False
2026-04-29 03:50:51.708175+00:00,sell,77003.16,0.001,-0.001,0.0007700316,0.0788000168600528,76998.775,0.001,-66.53819049059935,False
2026-04-29 03:50:59.752963+00:00,buy,76978.62,0.001,0.001,0.0007697862,0.07865728525846412,76983.015,0.002,-143.51758027679935,False
2026-04-29 03:51:06.440785+00:00,sell,76987.40000000001,0.001,-0.001,0.0007698740000000001,0.0788000168600528,76983.015,0.001,-66.53095015079934,False
2026-04-29 03:51:10.418201+00:00,sell,76983.21,0.001,-0.001,0.0007698321000000001,0.07880001686026067,76978.82500000001,0.0,10.451490017100673,False
2026-04-29 03:51:27.773437+00:00,buy,76973.83,0.001,0.001,0.0007697383000000001,0.07880001686026067,76978.215,0.001,-66.52310972119933,False
2026-04-29 03:51:41.205196+00:00,sell,76982.61,0.001,-0.001,0.0007698261000000001,0.07865728525846412,76978.215,0.0,10.458730452700674,False
2026-04-29 03:51:50.537607+00:00,sell,76977.75,0.001,-0.001,0.0007697775,0.0788000168600528,76973.36499999999,-0.001,87.43571067520068,False
2026-04-29 03:52:06.610285+00:00,buy,76962.98,0.001,0.001,0.0007696298,0.07880001686026067,76967.36499999999,0.0,10.471961045400679,False
2026-04-29 03:52:20.367479+00:00,sell,76971.76,0.001,-0.001,0.0007697175999999999,0.07865728525846412,76967.36499999999,-0.001,87.44295132780069,False
2026-04-29 03:52:23.070591+00:00,buy,76962.97,0.001,0.001,0.0007696297,0.07865728525867163,76967.36499999999,0.0,10.479211698100686,False
2026-04-29 03:52:39.167515+00:00,sell,76968.38,0.001,-0.001,0.0007696838,0.07865728525846412,76963.985,-0.001,87.4468220143007,False
2026-04-29 03:52:55.232932+00:00,buy,76953.67,0.001,0.001,0.0007695367,0.07865728525846412,76958.065,0.0,10.49238247760069,False
2026-04-29 03:52:59.202963+00:00,buy,76953.67,0.001,0.001,0.0007695367,0.07865728525846412,76958.065,0.001,-66.46205705909932,False
2026-04-29 03:53:05.918218+00:00,buy,76962.88,0.001,0.001,0.0007696288,0.07865728525867163,76967.275,0.002,-143.42570668789932,False
2026-04-29 03:53:22.057058+00:00,buy,76962.88,0.001,0.001,0.0007696288,0.07865728525867163,76967.275,0.003,-220.38935631669932,False
2026-04-29 03:53:30.127964+00:00,sell,76971.67,0.001,-0.001,0.0007697167,0.07865728525846412,76967.275,0.002,-143.4184560333993,False
2026-04-29 03:53:35.435685+00:00,sell,76971.67,0.001,-0.001,0.0007697167,0.07865728525846412,76967.275,0.001,-66.44755575009931,False
2026-04-29 03:53:43.500194+00:00,sell,76970.0,0.001,-0.001,0.0007697,0.0788000168600528,76965.61499999999,0.0,10.521674549900688,False
2026-04-29 03:53:55.646339+00:00,sell,76967.67,0.001,-0.001,0.0007696767,0.07880001686026067,76963.285,-0.001,87.48857487320069,False
2026-04-29 03:54:23.775038+00:00,sell,76989.04000000001,0.001,-0.001,0.0007698904000000001,0.0788000168600528,76984.655,-0.002,164.4768449828007,False
2026-04-29 03:54:29.209293+00:00,sell,76989.04000000001,0.001,-0.001,0.0007698904000000001,0.0788000168600528,76984.655,-0.003,241.46511509240074,False
2026-04-29 03:55:09.596945+00:00,sell,76986.40000000001,0.001,-0.001,0.0007698640000000001,0.0788000168600528,76982.015,-0.004,318.45074522840076,False
2026-04-29 03:55:32.179071+00:00,sell,76978.41,0.001,-0.001,0.0007697841000000001,0.0788000168600528,76974.025,-0.005,395.4283854443008,False
2026-04-29 03:56:05.637335+00:00,sell,76978.40000000001,0.001,-0.001,0.0007697840000000001,0.07865728525846412,76974.005,-0.006,472.4060156603008,False
2026-04-29 03:56:16.393006+00:00,sell,76978.39,0.001,-0.001,0.0007697839,0.07880001686026067,76974.005,-0.007,549.3836358764008,False
2026-04-29 03:56:57.977864+00:00,buy,76939.95,0.001,0.001,0.0007693995,0.07865728525846412,76944.345,-0.006,472.44291647690085,False
2026-04-29 03:57:31.553079+00:00,buy,76948.76,0.001,0.001,0.0007694876,0.07880001686026067,76953.14499999999,-0.005,395.49338698930086,False
2026-04-29 03:58:06.500101+00:00,buy,76981.41,0.001,0.001,0.0007698141000000001,0.07880001686026067,76985.795,-0.004,318.5112071752008,False
2026-04-29 03:58:11.869456+00:00,sell,76987.43000000001,0.001,-0.001,0.0007698743000000001,0.0788000168600528,76983.045,-0.005,395.49786730090085,False
2026-04-29 03:58:23.998095+00:00,sell,76976.72,0.001,-0.001,0.0007697672,0.07865728525867163,76972.32500000001,-0.006,472.47381753370087,False
2026-04-29 03:58:37.320128+00:00,buy,76962.76,0.001,0.001,0.0007696275999999999,0.07865728525846412,76967.155,-0.005,395.51028790610087,False
2026-04-29 03:59:20.136345+00:00,buy,76980.46,0.001,0.001,0.0007698046000000001,0.07865728525846412,76984.85500000001,-0.004,318.5290581015009,False
2026-04-29 03:59:49.616302+00:00,buy,76995.6,0.001,0.001,0.000769956,0.07865728525867163,76999.995,-0.003,241.53268814550086,False
2026-04-29 04:00:09.748417+00:00,buy,77003.61,0.001,0.001,0.0007700361,0.07880001686026067,77007.995,-0.002,164.52830810940085,False
2026-04-29 04:00:23.075108+00:00,buy,76999.37,0.001,0.001,0.0007699937,0.07865728525846412,77003.765,-0.001,87.52816811570085,False
2026-04-29 04:00:37.810560+00:00,sell,76997.45,0.001,-0.001,0.0007699744999999999,0.07880001686026067,76993.065,-0.002,164.52484814120086,False
2026-04-29 04:00:43.213059+00:00,sell,76991.53,0.001,-0.001,0.0007699153,0.0788000168600528,76987.14499999999,-0.003,241.51560822590085,False
2026-04-29 04:00:59.283577+00:00,sell,76983.02,0.001,-0.001,0.0007698302000000001,0.07865728525846412,76978.625,-0.004,318.49785839570086,False
2026-04-29 04:01:23.245222+00:00,buy,76979.06,0.001,0.001,0.0007697906,0.07851481218867412,76983.465,-0.003,241.51802860510085,False
2026-04-29 04:01:23.245222+00:00,sell,76987.86,0.001,-0.001,0.0007698786,0.07865728525846412,76983.465,-0.004,318.5051187265008,False
2026-04-29 04:01:55.343990+00:00,sell,76983.01,0.001,-0.001,0.0007698300999999999,0.07880001686026067,76978.625,-0.005,395.4873588964008,False
2026-04-29 04:02:07.405441+00:00,sell,76965.8,0.001,-0.001,0.000769658,0.07880001686026067,76961.41500000001,-0.006,472.45238923840077,False
2026-04-29 04:02:16.804965+00:00,sell,76965.5,0.001,-0.001,0.0007696550000000001,0.0788000168600528,76961.11499999999,-0.007,549.4171195834008,False
2026-04-29 04:02:19.475748+00:00,sell,76964.49,0.001,-0.001,0.0007696449000000001,0.07880001686026067,76960.10500000001,-0.008,626.3808399385009,False
2026-04-29 04:02:35.580520+00:00,buy,76947.82,0.001,0.001,0.0007694782,0.07865728525867163,76952.215,-0.007,549.4322504603009,False
2026-04-29 04:04:02.488171+00:00,buy,76946.45,0.001,0.001,0.0007694645,0.07865728525846412,76950.845,-0.006,472.48503099580086,False
2026-04-29 04:04:39.985880+00:00,sell,76947.56,0.001,-0.001,0.0007694756,0.0788000168600528,76943.17499999999,-0.007,549.4318215202009,False
2026-04-29 04:05:42.914302+00:00,sell,76945.15000000001,0.001,-0.001,0.0007694515,0.07865728525846412,76940.755,-0.008,626.3762020687009,False
2026-04-29 04:05:46.954606+00:00,buy,76936.35,0.001,0.001,0.0007693635000000001,0.07851481218867412,76940.755,-0.007,549.4390827052009,False
2026-04-29 04:06:09.733799+00:00,buy,76941.73,0.001,0.001,0.0007694173,0.07865728525846412,76946.125,-0.006,472.49658328790093,False
2026-04-29 04:06:33.963474+00:00,sell,76947.78,0.001,-0.001,0.0007694778,0.0788000168600528,76943.39499999999,-0.007,549.443593810101,False
2026-04-29 04:06:38.032586+00:00,sell,76947.79000000001,0.001,-0.001,0.0007694779000000001,0.07865728525825662,76943.39499999999,-0.008,626.390614332201,False
2026-04-29 04:06:43.295141+00:00,sell,76947.8,0.001,-0.001,0.0007694780000000001,0.07851481218846697,76943.39499999999,-0.009000000000000001,703.337644854201,False
2026-04-29 04:06:51.346127+00:00,buy,76938.99,0.001,0.001,0.0007693899000000001,0.07851481218888125,76943.39499999999,-0.008,626.397885464301,False
2026-04-29 04:06:55.363053+00:00,sell,76947.79000000001,0.001,-0.001,0.0007694779000000001,0.07865728525825662,76943.39499999999,-0.009000000000000001,703.344905986401,False
2026-04-29 04:07:07.391420+00:00,sell,76947.79000000001,0.001,-0.001,0.0007694779000000001,0.07865728525825662,76943.39499999999,-0.010000000000000002,780.2919265085011,False
2026-04-29 04:07:25.013755+00:00,buy,76938.99,0.001,0.001,0.0007693899000000001,0.07851481218888125,76943.39499999999,-0.009000000000000001,703.3521671186011,False
2026-04-29 04:07:33.028406+00:00,sell,76947.79000000001,0.001,-0.001,0.0007694779000000001,0.07865728525825662,76943.39499999999,-0.010000000000000002,780.2991876407011,False
2026-04-29 04:08:40.012533+00:00,buy,76930.84,0.001,0.001,0.0007693083999999999,0.07851481218867412,76935.245,-0.009000000000000001,703.3675783323012,False
2026-04-29 04:08:45.401947+00:00,sell,76939.64,0.001,-0.001,0.0007693964,0.07865728525846412,76935.245,-0.010000000000000002,780.3064489359011,False
2026-04-29 04:08:49.405707+00:00,buy,76925.61,0.001,0.001,0.0007692561,0.07865728525846412,76930.005,-0.009000000000000001,703.3800696798011,False
2026-04-29 04:08:56.135632+00:00,buy,76925.61,0.001,0.001,0.0007692561,0.07865728525846412,76930.005,-0.008,626.453690423701,False
2026-04-29 04:09:05.528483+00:00,buy,76925.61,0.001,0.001,0.0007692561,0.07865728525846412,76930.005,-0.007,549.5273111676009,False
2026-04-29 04:09:10.858812+00:00,sell,76934.40000000001,0.001,-0.001,0.0007693440000000001,0.07865728525846412,76930.005,-0.008,626.4609418236009,False
2026-04-29 04:09:13.550481+00:00,sell,76934.40000000001,0.001,-0.001,0.0007693440000000001,0.07865728525846412,76930.005,-0.009000000000000001,703.3945724796009,False
2026-04-29 04:09:18.917286+00:00,buy,76925.61,0.001,0.001,0.0007692561,0.07865728525846412,76930.005,-0.008,626.4681932235009,False
2026-04-29 04:09:24.214916+00:00,sell,76934.40000000001,0.001,-0.001,0.0007693440000000001,0.07865728525846412,76930.005,-0.009000000000000001,703.4018238795009,False
2026-04-29 04:09:41.617032+00:00,sell,76944.38,0.001,-0.001,0.0007694438,0.07865728525846412,76939.985,-0.010000000000000002,780.3454344357009,False
2026-04-29 04:10:15.499128+00:00,buy,76935.59,0.001,0.001,0.0007693559,0.07865728525846412,76939.985,-0.009000000000000001,703.4090750798008,False
2026-04-29 04:10:27.550430+00:00,sell,76940.96,0.001,-0.001,0.0007694096000000001,0.07880001686026067,76936.57500000001,-0.010000000000000002,780.3492656702008,False
2026-04-29 04:10:51.653685+00:00,buy,76921.69,0.001,0.001,0.0007692169000000001,0.0788000168600528,76926.07500000001,-0.009000000000000001,703.4268064533007,False
2026-04-29 04:11:06.476029+00:00,buy,76921.68000000001,0.001,0.001,0.0007692168000000001,0.07865728525846412,76926.07500000001,-0.008,626.5043572365007,False
2026-04-29 04:11:09.146082+00:00,buy,76921.68000000001,0.001,0.001,0.0007692168000000001,0.07865728525846412,76926.07500000001,-0.007,549.5819080197007,False
2026-04-29 04:11:11.895093+00:00,buy,76921.68000000001,0.001,0.001,0.0007692168000000001,0.07865728525846412,76926.07500000001,-0.006,472.65945880290064,False
2026-04-29 04:11:33.317140+00:00,sell,76930.46,0.001,-0.001,0.0007693046,0.07865728525846412,76926.065,-0.007,549.5891494983007,False
2026-04-29 04:11:34.642794+00:00,buy,76921.67,0.001,0.001,0.0007692167,0.07865728525846412,76926.065,-0.006,472.6667102816007,False
2026-04-29 04:12:01.527345+00:00,sell,76930.46,0.001,-0.001,0.0007693046,0.07865728525846412,76926.065,-0.007,549.5964009770007,False
2026-04-29 04:12:13.676988+00:00,sell,76902.26,0.001,-0.001,0.0007690225999999999,0.07865728525846412,76897.86499999999,-0.008,626.4978919544006,False
2026-04-29 04:12:17.696187+00:00,sell,76902.26,0.001,-0.001,0.0007690225999999999,0.07865728525846412,76897.86499999999,-0.009000000000000001,703.3993829318006,False
2026-04-29 04:12:21.712518+00:00,sell,76902.26,0.001,-0.001,0.0007690225999999999,0.07865728525846412,76897.86499999999,-0.010000000000000002,780.3008739092005,False
2026-04-29 04:14:39.604176+00:00,buy,76921.67,0.001,0.001,0.0007692167,0.07865728525846412,76926.065,-0.009000000000000001,703.3784346925005,False
2026-04-29 04:14:40.921724+00:00,sell,76930.46,0.001,-0.001,0.0007693046,0.07865728525846412,76926.065,-0.010000000000000002,780.3081253879005,False
2026-04-29 04:15:13.055565+00:00,buy,76921.67,0.001,0.001,0.0007692167,0.07865728525846412,76926.065,-0.009000000000000001,703.3856861712005,False
2026-04-29 04:15:15.760026+00:00,buy,76935.06,0.001,0.001,0.0007693506,0.07865728525846412,76939.455,-0.008,626.4498568206005,False
2026-04-29 04:15:17.035169+00:00,buy,76935.06,0.001,0.001,0.0007693506,0.07865728525846412,76939.455,-0.007,549.5140274700005,False
2026-04-29 04:15:27.810734+00:00,buy,76935.07,0.001,0.001,0.0007693507,0.07880001686026067,76939.455,-0.006,472.57818811930053,False
2026-04-29 04:15:30.472400+00:00,buy,76936.96,0.001,0.001,0.0007693696000000001,0.07865728525846412,76941.35500000001,-0.005,395.64045874970054,False
2026-04-29 04:15:31.815373+00:00,buy,76936.96,0.001,0.001,0.0007693696000000001,0.07865728525846412,76941.35500000001,-0.004,318.70272938010055,False
2026-04-29 04:15:47.768217+00:00,sell,76945.75,0.001,-0.001,0.0007694575,0.07865728525867163,76941.35500000001,-0.005,395.64770992260054,False
2026-04-29 04:15:49.096973+00:00,buy,76936.95,0.001,0.001,0.0007693695,0.07851481218846697,76941.35500000001,-0.004,318.70999055310057,False
2026-04-29 04:15:53.088146+00:00,buy,76936.96,0.001,0.001,0.0007693696000000001,0.07865728525846412,76941.35500000001,-0.003,241.77226118350058,False
2026-04-29 04:15:59.778205+00:00,sell,76945.75,0.001,-0.001,0.0007694575,0.07865728525867163,76941.35500000001,-0.004,318.7172417260006,False
2026-04-29 04:16:15.870548+00:00,sell,76962.0,0.001,-0.001,0.00076962,0.07865728525867163,76957.60500000001,-0.005,395.6784721060006,False
2026-04-29 04:16:18.514166+00:00,sell,76961.99,0.001,-0.001,0.0007696199000000001,0.07880001686026067,76957.60500000001,-0.006,472.6396924861006,False
2026-04-29 04:16:22.598576+00:00,sell,76962.0,0.001,-0.001,0.00076962,0.07865728525867163,76957.60500000001,-0.007,549.6009228661006,False
2026-04-29 04:16:27.936422+00:00,buy,76953.21,0.001,0.001,0.0007695321000000001,0.07865728525846412,76957.60500000001,-0.006,472.64694333400064,False
2026-04-29 04:16:27.936422+00:00,sell,76962.0,0.001,-0.001,0.00076962,0.07865728525867163,76957.60500000001,-0.007,549.6081737140006,False
2026-04-29 04:16:37.332284+00:00,buy,76958.86,0.001,0.001,0.0007695886000000001,0.07880001686026067,76963.245,-0.006,472.6485441254006,False
2026-04-29 04:19:00.450314+00:00,buy,76961.64,0.001,0.001,0.0007696164,0.07865728525846412,76966.035,-0.005,395.68613450900057,False
2026-04-29 04:19:26.295773+00:00,buy,76962.98,0.001,0.001,0.0007696298,0.07880001686026067,76967.36499999999,-0.004,318.72238487920055,False
2026-04-29 04:20:07.787895+00:00,buy,76981.6,0.001,0.001,0.0007698160000000001,0.07865728525867163,76985.995,-0.003,241.74001506320053,False
2026-04-29 04:20:45.341237+00:00,buy,76962.66,0.001,0.001,0.0007696266,0.07865728525867163,76967.055,-0.002,164.77658543660053,False
2026-04-29 04:21:12.190722+00:00,buy,76962.66,0.001,0.001,0.0007696266,0.07865728525867163,76967.055,-0.001,87.81315581000052,False
2026-04-29 04:21:20.287726+00:00,sell,76971.45,0.001,-0.001,0.0007697145,0.07865728525846412,76967.055,-0.002,164.78383609550053,False
2026-04-29 04:21:21.637572+00:00,buy,76962.66,0.001,0.001,0.0007696266,0.07865728525867163,76967.055,-0.001,87.82040646890053,False
2026-04-29 04:22:00.470736+00:00,buy,76978.7,0.001,0.001,0.000769787,0.07865728525846412,76983.095,0.0,10.840936681900526,False
2026-04-29 04:22:04.513169+00:00,buy,76978.7,0.001,0.001,0.000769787,0.07865728525846412,76983.095,0.001,-66.13853310509947,False
2026-04-29 04:22:08.507106+00:00,buy,76978.7,0.001,0.001,0.000769787,0.07865728525846412,76983.095,0.002,-143.11800289209947,False
2026-04-29 04:22:17.940775+00:00,buy,76991.64,0.001,0.001,0.0007699164,0.07865728525846412,76996.035,0.003,-220.1104128084995,False
2026-04-29 04:22:19.279396+00:00,buy,76991.65000000001,0.001,0.001,0.0007699165000000001,0.07880001686026067,76996.035,0.004,-297.10283272499953,False
2026-04-29 04:22:24.619826+00:00,buy,76991.65000000001,0.001,0.001,0.0007699165000000001,0.07880001686026067,76996.035,0.005,-374.09525264149954,False
2026-04-29 04:22:31.336376+00:00,buy,77007.12,0.001,0.001,0.0007700712,0.0788000168600528,77011.505,0.006,-451.10314271269954,False
2026-04-29 04:23:12.896632+00:00,buy,77029.01,0.001,0.001,0.0007702901,0.07880001686026067,77033.39499999999,0.007,-528.1329230027995,False
2026-04-29 04:23:39.878779+00:00,buy,77037.23,0.001,0.001,0.0007703723,0.07865728525846412,77041.625,0.008,-605.1709233750996,False
2026-04-29 04:23:46.561441+00:00,buy,77037.23,0.001,0.001,0.0007703723,0.07865728525846412,77041.625,0.009000000000000001,-682.2089237473997,False
2026-04-29 04:24:18.858409+00:00,sell,77038.75,0.001,-0.001,0.0007703875,0.0788000168600528,77034.36499999999,0.008,-605.1709441348996,False
2026-04-29 04:24:30.928854+00:00,sell,77015.22,0.001,-0.001,0.0007701522,0.0788000168600528,77010.83499999999,0.007,-528.1564942870996,False
2026-04-29 04:25:11.062011+00:00,buy,76998.7,0.001,0.001,0.000769987,0.07865728525846412,77003.095,0.008,-605.1559642740996,False
2026-04-29 04:25:12.422183+00:00,buy,76998.7,0.001,0.001,0.000769987,0.07865728525846412,77003.095,0.009000000000000001,-682.1554342610996,False
2026-04-29 04:25:23.247804+00:00,buy,77008.21,0.001,0.001,0.0007700821000000001,0.07851481218888125,77012.61499999999,0.010000000000000002,-759.1644143431995,False
2026-04-29 04:26:06.153806+00:00,sell,77044.36,0.001,-0.001,0.0007704436,0.07865728525846412,77039.965,0.009000000000000001,-682.1208247867995,False
2026-04-29 04:27:34.703878+00:00,buy,77033.07,0.001,0.001,0.0007703307000000001,0.07851481218867412,77037.475,0.010000000000000002,-759.1546651174996,False
2026-04-29 04:28:22.848487+00:00,sell,77030.04000000001,0.001,-0.001,0.0007703004,0.07865728525825662,77025.64499999999,0.009000000000000001,-682.1253954178995,False
2026-04-29 04:28:26.841704+00:00,sell,77030.04000000001,0.001,-0.001,0.0007703004,0.07865728525825662,77025.64499999999,0.008,-605.0961257182995,False
2026-04-29 04:28:33.488486+00:00,buy,77021.25,0.001,0.001,0.0007702125,0.07865728525867163,77025.64499999999,0.009000000000000001,-682.1181459307995,False
2026-04-29 04:28:34.849327+00:00,buy,77021.25,0.001,0.001,0.0007702125,0.07865728525867163,77025.64499999999,0.010000000000000002,-759.1401661432996,False
2026-04-29 04:28:36.164683+00:00,sell,77030.04000000001,0.001,-0.001,0.0007703004,0.07865728525825662,77025.64499999999,0.009000000000000001,-682.1108964436995,False
2026-04-29 04:28:41.488351+00:00,sell,77030.04000000001,0.001,-0.001,0.0007703004,0.07865728525825662,77025.64499999999,0.008,-605.0816267440995,False
2026-04-29 04:29:04.357117+00:00,buy,77021.25,0.001,0.001,0.0007702125,0.07865728525867163,77025.64499999999,0.009000000000000001,-682.1036469565995,False
2026-04-29 04:29:08.379637+00:00,buy,77033.08,0.001,0.001,0.0007703308,0.07880001686026067,77037.465,0.010000000000000002,-759.1374972873996,False
2026-04-29 04:31:06.059124+00:00,sell,77043.38,0.001,-0.001,0.0007704338000000001,0.07865728525846412,77038.985,0.009000000000000001,-682.0948877211995,False
2026-04-29 04:31:24.605634+00:00,buy,77016.35,0.001,0.001,0.0007701635000000001,0.07880001686026067,77020.735,0.010000000000000002,-759.1120078846994,False
2026-04-29 04:48:50.088552+00:00,sell,77306.2,0.010000000000000002,-0.010000000000000002,0.007730620000000001,1.0,77306.205,0.0,13.942261495300688,True
