timestamp,side,price,quantity,signed_quantity,fee,p_fill,mid_price,inventory_after,cash_after,is_terminal_unwind
2026-04-28 23:43:44.308547+00:00,sell,76305.11,0.001,-0.001,0.0038152555,0.07865728525846412,76300.715,-0.001,76.3012947445,False
2026-04-28 23:43:50.728099+00:00,sell,76305.11,0.001,-0.001,0.0038152555,0.07865728525846412,76300.715,-0.002,152.602589489,False
2026-04-28 23:44:06.076279+00:00,sell,76305.11,0.001,-0.001,0.0038152555,0.07865728525846412,76300.715,-0.003,228.90388423349998,False
2026-04-28 23:44:17.729590+00:00,buy,76296.31,0.001,0.001,0.0038148155,0.07851481218867412,76300.715,-0.002,152.60375941799998,False
2026-04-28 23:44:21.614155+00:00,buy,76296.31,0.001,0.001,0.0038148155,0.07851481218867412,76300.715,-0.001,76.30363460249998,False
2026-04-28 23:44:28.079635+00:00,buy,76296.31,0.001,0.001,0.0038148155,0.07851481218867412,76300.715,0.0,0.0035097869999775725,False
2026-04-28 23:44:53.701427+00:00,buy,76296.32,0.001,0.001,0.003814816000000001,0.07865728525867163,76300.715,0.001,-76.29662502900003,False
2026-04-28 23:45:00.064159+00:00,sell,76305.11,0.001,-0.001,0.0038152555,0.07865728525846412,76300.715,0.0,0.00466971549997303,False
2026-04-28 23:45:18.054207+00:00,buy,76317.38,0.001,0.001,0.0038158690000000004,0.07880001686026067,76321.765,0.001,-76.31652615350002,False
2026-04-28 23:45:36.153958+00:00,buy,76324.59,0.001,0.001,0.0038162295,0.07865728525846412,76328.985,0.002,-152.64493238300003,False
2026-04-28 23:45:51.621039+00:00,buy,76324.6,0.001,0.001,0.0038162300000000008,0.07880001686026067,76328.985,0.003,-228.97334861300004,False
2026-04-28 23:46:28.932203+00:00,buy,76342.1,0.001,0.001,0.0038171050000000008,0.07880001686026067,76346.485,0.004,-305.31926571800005,False
2026-04-28 23:46:50.932757+00:00,buy,76340.75,0.001,0.001,0.0038170375000000003,0.07851481218867412,76345.155,0.005,-381.6638327555001,False
2026-04-28 23:46:58.616821+00:00,sell,76349.55,0.001,-0.001,0.0038174775000000003,0.07865728525846412,76345.155,0.004,-305.31810023300005,False
2026-04-28 23:47:23.129044+00:00,sell,76345.64,0.001,-0.001,0.0038172820000000004,0.07880001686026067,76341.255,0.003,-228.97627751500005,False
2026-04-28 23:47:37.264465+00:00,sell,76345.64,0.001,-0.001,0.0038172820000000004,0.07880001686026067,76341.255,0.002,-152.63445479700005,False
2026-04-28 23:47:38.551991+00:00,sell,76345.64,0.001,-0.001,0.0038172820000000004,0.07880001686026067,76341.255,0.001,-76.29263207900004,False
2026-04-28 23:47:41.120810+00:00,sell,76345.64,0.001,-0.001,0.0038172820000000004,0.07880001686026067,76341.255,0.0,0.04919063899995988,False
2026-04-28 23:47:51.411445+00:00,sell,76345.64,0.001,-0.001,0.0038172820000000004,0.07880001686026067,76341.255,-0.001,76.39101335699996,False
2026-04-28 23:47:59.097324+00:00,sell,76335.73,0.001,-0.001,0.0038167865,0.07880001686026067,76331.345,-0.002,152.72292657049996,False
2026-04-28 23:48:05.519526+00:00,sell,76333.37,0.001,-0.001,0.0038166685000000002,0.07880001686026067,76328.985,-0.003,229.05247990199996,False
2026-04-28 23:49:48.309655+00:00,sell,76336.67,0.001,-0.001,0.0038168335,0.07865728525846412,76332.275,-0.004,305.38533306849996,False
2026-04-28 23:50:07.641120+00:00,buy,76327.88,0.001,0.001,0.0038163940000000007,0.07865728525867163,76332.275,-0.003,229.05363667449996,False
2026-04-28 23:50:11.494779+00:00,sell,76336.68000000001,0.001,-0.001,0.0038168340000000007,0.07851481218846697,76332.275,-0.004,305.38649984049994,False
2026-04-28 23:50:12.789634+00:00,buy,76327.88,0.001,0.001,0.0038163940000000007,0.07865728525867163,76332.275,-0.003,229.05480344649993,False
2026-04-28 23:50:12.789634+00:00,sell,76336.68000000001,0.001,-0.001,0.0038168340000000007,0.07851481218846697,76332.275,-0.004,305.3876666124999,False
2026-04-28 23:50:16.648981+00:00,buy,76327.88,0.001,0.001,0.0038163940000000007,0.07865728525867163,76332.275,-0.003,229.0559702184999,False
2026-04-28 23:50:21.717205+00:00,buy,76327.88,0.001,0.001,0.0038163940000000007,0.07865728525867163,76332.275,-0.002,152.7242738244999,False
2026-04-28 23:50:33.223612+00:00,sell,76336.67,0.001,-0.001,0.0038168335,0.07865728525846412,76332.275,-0.003,229.0571269909999,False
2026-04-28 23:50:34.514505+00:00,sell,76336.67,0.001,-0.001,0.0038168335,0.07865728525846412,76332.275,-0.004,305.3899801574999,False
2026-04-28 23:50:57.604932+00:00,buy,76327.88,0.001,0.001,0.0038163940000000007,0.07865728525867163,76332.275,-0.003,229.0582837634999,False
2026-04-28 23:51:16.839269+00:00,buy,76319.02,0.001,0.001,0.0038159510000000006,0.07865728525846412,76323.41500000001,-0.002,152.73544781249987,False
2026-04-28 23:51:18.134161+00:00,buy,76319.02,0.001,0.001,0.0038159510000000006,0.07865728525846412,76323.41500000001,-0.001,76.41261186149985,False
2026-04-28 23:51:22.001234+00:00,buy,76319.01,0.001,0.001,0.0038159505,0.07851481218846697,76323.41500000001,0.0,0.08978591099986305,False
2026-04-28 23:51:33.872857+00:00,sell,76321.11,0.001,-0.001,0.0038160555000000002,0.07880001686026067,76316.725,-0.001,76.40707985549987,False
2026-04-28 23:51:53.220572+00:00,buy,76312.33,0.001,0.001,0.0038156165000000006,0.07865728525846412,76316.725,0.0,0.09093423899987024,False
2026-04-28 23:52:04.742132+00:00,buy,76319.01,0.001,0.001,0.0038159505,0.07865728525846412,76323.405,0.001,-76.23189171150013,False
2026-04-28 23:52:29.136141+00:00,buy,76332.22,0.001,0.001,0.0038166110000000006,0.0788000168600528,76336.60500000001,0.002,-152.5679283225001,False
2026-04-28 23:52:35.523510+00:00,buy,76332.22,0.001,0.001,0.0038166110000000006,0.0788000168600528,76336.60500000001,0.003,-228.9039649335001,False
2026-04-28 23:53:07.651038+00:00,buy,76342.1,0.001,0.001,0.0038171050000000008,0.07880001686026067,76346.485,0.004,-305.2498820385001,False
2026-04-28 23:53:24.398361+00:00,buy,76342.08,0.001,0.001,0.0038171040000000004,0.07851481218867412,76346.485,0.005,-381.59577914250013,False
2026-04-28 23:53:25.698603+00:00,buy,76342.08,0.001,0.001,0.0038171040000000004,0.07851481218867412,76346.485,0.006,-457.94167624650015,False
2026-04-28 23:53:32.126114+00:00,buy,76342.09,0.001,0.001,0.0038171045,0.07865728525846412,76346.485,0.007,-534.2875833510001,False
2026-04-28 23:53:34.713518+00:00,buy,76342.09,0.001,0.001,0.0038171045,0.07865728525846412,76346.485,0.008,-610.6334904555,False
2026-04-28 23:53:35.980087+00:00,sell,76350.88,0.001,-0.001,0.0038175440000000004,0.07865728525846412,76346.485,0.007,-534.2864279995,False
2026-04-28 23:53:56.485453+00:00,buy,76342.09,0.001,0.001,0.0038171045,0.07865728525846412,76346.485,0.008,-610.6323351039999,False
2026-04-28 23:53:57.769424+00:00,buy,76342.09,0.001,0.001,0.0038171045,0.07865728525846412,76346.485,0.009000000000000001,-686.9782422084999,False
2026-04-28 23:54:27.746201+00:00,sell,76350.88,0.001,-0.001,0.0038175440000000004,0.07865728525846412,76346.485,0.008,-610.6311797524999,False
2026-04-28 23:54:30.335864+00:00,buy,76342.08,0.001,0.001,0.0038171040000000004,0.07851481218867412,76346.485,0.009000000000000001,-686.9770768564998,False
2026-04-28 23:54:31.607924+00:00,buy,76342.08,0.001,0.001,0.0038171040000000004,0.07851481218867412,76346.485,0.010000000000000002,-763.3229739604998,False
2026-04-28 23:54:35.450562+00:00,sell,76350.88,0.001,-0.001,0.0038175440000000004,0.07865728525846412,76346.485,0.009000000000000001,-686.9759115044998,False
2026-04-28 23:54:38.001462+00:00,buy,76342.09,0.001,0.001,0.0038171045,0.07865728525846412,76346.485,0.010000000000000002,-763.3218186089997,False
2026-04-28 23:54:44.398587+00:00,sell,76373.94,0.001,-0.001,0.0038186970000000002,0.07865728525846412,76369.545,0.009000000000000001,-686.9516973059997,False
2026-04-28 23:54:48.236483+00:00,sell,76367.66,0.001,-0.001,0.0038183830000000007,0.07865728525846412,76363.265,0.008,-610.5878556889996,False
2026-04-28 23:54:59.779262+00:00,buy,76359.90000000001,0.001,0.001,0.0038179950000000007,0.07865728525867163,76364.295,0.009000000000000001,-686.9515736839996,False
2026-04-28 23:55:02.342709+00:00,sell,76357.38,0.001,-0.001,0.0038178690000000006,0.07865728525846412,76352.985,0.008,-610.5980115529997,False
2026-04-28 23:55:07.469132+00:00,buy,76348.6,0.001,0.001,0.0038174300000000006,0.07880001686026067,76352.985,0.009000000000000001,-686.9504289829997,False
2026-04-28 23:55:10.027768+00:00,buy,76353.76,0.001,0.001,0.003817688,0.07880001686026067,76358.14499999999,0.010000000000000002,-763.3080066709997,False
2026-04-28 23:55:21.641876+00:00,sell,76352.69,0.001,-0.001,0.0038176345000000005,0.0788000168600528,76348.305,0.009000000000000001,-686.9591343054997,False
2026-04-28 23:55:45.991713+00:00,sell,76344.38,0.001,-0.001,0.0038172190000000006,0.07865728525846412,76339.985,0.008,-610.6185715244997,False
2026-04-28 23:55:47.284693+00:00,sell,76344.38,0.001,-0.001,0.0038172190000000006,0.07865728525846412,76339.985,0.007,-534.2780087434996,False
2026-04-28 23:55:48.579834+00:00,sell,76344.38,0.001,-0.001,0.0038172190000000006,0.07865728525846412,76339.985,0.006,-457.9374459624996,False
2026-04-28 23:56:04.039295+00:00,buy,76335.59,0.001,0.001,0.0038167795000000003,0.07865728525846412,76339.985,0.007,-534.2768527419996,False
2026-04-28 23:56:05.317235+00:00,buy,76335.59,0.001,0.001,0.0038167795000000003,0.07865728525846412,76339.985,0.008,-610.6162595214996,False
2026-04-28 23:56:16.891985+00:00,buy,76342.09,0.001,0.001,0.0038171045,0.07865728525846412,76346.485,0.009000000000000001,-686.9621666259995,False
2026-04-28 23:56:23.255590+00:00,buy,76342.09,0.001,0.001,0.0038171045,0.07865728525846412,76346.485,0.010000000000000002,-763.3080737304995,False
2026-04-28 23:56:46.459051+00:00,sell,76345.41,0.001,-0.001,0.0038172705000000004,0.07865728525846412,76341.015,0.009000000000000001,-686.9664810009995,False
2026-04-28 23:57:23.689423+00:00,sell,76346.89,0.001,-0.001,0.0038173445000000005,0.07865728525846412,76342.495,0.008,-610.6234083454995,False
2026-04-28 23:57:53.103613+00:00,buy,76349.33,0.001,0.001,0.0038174665000000004,0.07865728525846412,76353.725,0.009000000000000001,-686.9765558119994,False
2026-04-28 23:58:02.109988+00:00,buy,76349.33,0.001,0.001,0.0038174665000000004,0.07865728525846412,76353.725,0.010000000000000002,-763.3297032784994,False
2026-04-28 23:59:26.898717+00:00,sell,76359.21,0.001,-0.001,0.0038179605000000006,0.07880001686026067,76354.82500000001,0.009000000000000001,-686.9743112389995,False
2026-04-28 23:59:47.389996+00:00,sell,76349.11,0.001,-0.001,0.0038174555,0.07880001686026067,76344.725,0.008,-610.6290186944995,False
2026-04-29 00:00:00.280482+00:00,sell,76347.17,0.001,-0.001,0.0038173585,0.07865728525846412,76342.775,0.007,-534.2856660529994,False
2026-04-29 00:00:02.836371+00:00,buy,76331.02,0.001,0.001,0.0038165510000000005,0.07851481218888125,76335.42499999999,0.008,-610.6205026039994,False
2026-04-29 00:00:26.030021+00:00,sell,76307.52,0.001,-0.001,0.0038153760000000005,0.07880001686026067,76303.13500000001,0.007,-534.3167979799995,False
2026-04-29 00:00:55.527840+00:00,buy,76312.32,0.001,0.001,0.003815616000000001,0.07865728525867163,76316.715,0.008,-610.6329335959995,False
2026-04-29 00:01:22.476508+00:00,sell,76356.39,0.001,-0.001,0.0038178195000000002,0.07865728525846412,76351.995,0.007,-534.2803614154994,False
2026-04-29 00:01:58.424358+00:00,sell,76356.38,0.001,-0.001,0.0038178190000000005,0.07865728525846412,76351.985,0.006,-457.92779923449945,False
2026-04-29 00:02:08.706260+00:00,buy,76347.59,0.001,0.001,0.0038173795000000003,0.07865728525846412,76351.985,0.007,-534.2792066139995,False
2026-04-29 00:02:30.538501+00:00,sell,76368.69,0.001,-0.001,0.0038184345000000005,0.07865728525846412,76364.295,0.006,-457.9143350484994,False
2026-04-29 00:02:45.921514+00:00,sell,76368.69,0.001,-0.001,0.0038184345000000005,0.07865728525846412,76364.295,0.005,-381.5494634829994,False
2026-04-29 00:02:47.190175+00:00,sell,76368.69,0.001,-0.001,0.0038184345000000005,0.07865728525846412,76364.295,0.004,-305.18459191749935,False
2026-04-29 00:02:48.480272+00:00,buy,76359.90000000001,0.001,0.001,0.0038179950000000007,0.07865728525867163,76364.295,0.005,-381.5483099124994,False
2026-04-29 00:02:51.053853+00:00,sell,76368.69,0.001,-0.001,0.0038184345000000005,0.07865728525846412,76364.295,0.004,-305.18343834699937,False
2026-04-29 00:03:37.269774+00:00,sell,76363.3,0.001,-0.001,0.0038181650000000005,0.07865728525846412,76358.905,0.003,-228.82395651199937,False
2026-04-29 00:03:38.552927+00:00,sell,76363.25,0.001,-0.001,0.0038181625000000005,0.07865728525867163,76358.85500000001,0.002,-152.4645246744994,False
2026-04-29 00:03:48.865771+00:00,sell,76363.25,0.001,-0.001,0.0038181625000000005,0.07865728525867163,76358.85500000001,0.001,-76.10509283699938,False
2026-04-29 00:03:50.206345+00:00,buy,76354.45,0.001,0.001,0.0038177225,0.07851481218846697,76358.85500000001,0.002,-152.4633605594994,False
2026-04-29 00:03:55.402868+00:00,sell,76363.25,0.001,-0.001,0.0038181625000000005,0.07865728525867163,76358.85500000001,0.001,-76.10392872199938,False
2026-04-29 00:04:04.418697+00:00,sell,76363.25,0.001,-0.001,0.0038181625000000005,0.07865728525867163,76358.85500000001,0.0,0.2555031155006269,False
2026-04-29 00:04:18.533501+00:00,buy,76380.88,0.001,0.001,0.0038190440000000006,0.07865728525867163,76385.275,0.001,-76.12919592849937,False
2026-04-29 00:07:15.748834+00:00,sell,76343.89,0.001,-0.001,0.0038171945000000005,0.07865728525846412,76339.495,0.0,0.2108768770006309,False
2026-04-29 00:07:22.193187+00:00,sell,76331.21,0.001,-0.001,0.0038165605000000007,0.07880001686026067,76326.82500000001,-0.001,76.53827031650064,False
2026-04-29 00:07:23.472751+00:00,sell,76331.21,0.001,-0.001,0.0038165605000000007,0.07880001686026067,76326.82500000001,-0.002,152.86566375600063,False
2026-04-29 00:07:27.354594+00:00,sell,76327.39,0.001,-0.001,0.0038163695,0.07880001686026067,76323.005,-0.003,229.18923738650062,False
2026-04-29 00:07:33.779948+00:00,sell,76327.39,0.001,-0.001,0.0038163695,0.07880001686026067,76323.005,-0.004,305.5128110170006,False
2026-04-29 00:08:13.450948+00:00,buy,76345.6,0.001,0.001,0.0038172800000000006,0.07865728525867163,76349.995,-0.003,229.16339373700063,False
2026-04-29 00:08:19.844478+00:00,sell,76350.53,0.001,-0.001,0.0038175265,0.07851481218867412,76346.125,-0.004,305.5101062105007,False
2026-04-29 00:08:35.275270+00:00,buy,76349.71,0.001,0.001,0.003817485500000001,0.07865728525846412,76354.10500000001,-0.003,229.15657872500066,False
2026-04-29 00:08:37.855599+00:00,buy,76349.71,0.001,0.001,0.003817485500000001,0.07865728525846412,76354.10500000001,-0.002,152.80305123950063,False
2026-04-29 00:08:41.687874+00:00,buy,76349.71,0.001,0.001,0.003817485500000001,0.07865728525846412,76354.10500000001,-0.001,76.44952375400064,False
2026-04-29 00:08:46.805196+00:00,buy,76349.71,0.001,0.001,0.003817485500000001,0.07865728525846412,76354.10500000001,0.0,0.09599626850063542,False
2026-04-29 00:08:55.846383+00:00,buy,76349.71,0.001,0.001,0.003817485500000001,0.07865728525846412,76354.10500000001,0.001,-76.25753121699935,False
2026-04-29 00:09:20.236136+00:00,sell,76353.40000000001,0.001,-0.001,0.003817670000000001,0.0788000168600528,76349.015,0.0,0.09205111300065394,False
2026-04-29 00:09:26.640260+00:00,sell,76353.41,0.001,-0.001,0.0038176705000000006,0.07865728525846412,76349.015,-0.001,76.44164344250066,False
2026-04-29 00:09:36.929616+00:00,sell,76345.2,0.001,-0.001,0.0038172600000000003,0.07880001686026067,76340.815,-0.002,152.78302618250066,False
2026-04-29 00:09:39.486245+00:00,sell,76345.2,0.001,-0.001,0.0038172600000000003,0.07880001686026067,76340.815,-0.003,229.12440892250066,False
2026-04-29 00:10:12.932961+00:00,sell,76348.74,0.001,-0.001,0.0038174370000000008,0.07880001686026067,76344.35500000001,-0.004,305.4693314855007,False
2026-04-29 00:10:18.034326+00:00,sell,76335.88,0.001,-0.001,0.0038167940000000005,0.0788000168600528,76331.495,-0.005,381.80139469150066,False
2026-04-29 00:10:24.451288+00:00,sell,76327.39,0.001,-0.001,0.0038163695,0.07880001686026067,76323.005,-0.006,458.12496832200065,False
2026-04-29 00:11:00.410265+00:00,buy,76323.78,0.001,0.001,0.003816189,0.07865728525867163,76328.17499999999,-0.005,381.79737213300064,False
2026-04-29 00:11:24.714906+00:00,buy,76323.78,0.001,0.001,0.003816189,0.07865728525867163,76328.17499999999,-0.004,305.4697759440006,False
2026-04-29 00:11:42.728783+00:00,sell,76326.31,0.001,-0.001,0.0038163155000000004,0.07865728525867163,76321.91500000001,-0.005,381.7922696285006,False
2026-04-29 00:12:03.296633+00:00,buy,76321.33,0.001,0.001,0.0038160665000000005,0.07865728525846412,76325.725,-0.004,305.4671235620006,False
2026-04-29 00:12:05.882736+00:00,buy,76321.33,0.001,0.001,0.0038160665000000005,0.07865728525846412,76325.725,-0.003,229.1419774955006,False
2026-04-29 00:12:50.083701+00:00,buy,76330.04000000001,0.001,0.001,0.0038165020000000007,0.07865728525867163,76334.435,-0.002,152.8081209935006,False
2026-04-29 00:12:59.078526+00:00,buy,76333.25,0.001,0.001,0.0038166625000000003,0.0788000168600528,76337.63500000001,-0.001,76.4710543310006,False
2026-04-29 00:13:38.858262+00:00,sell,76350.88,0.001,-0.001,0.0038175440000000004,0.07865728525846412,76346.485,-0.002,152.8181167870006,False
2026-04-29 00:13:45.297600+00:00,sell,76345.37,0.001,-0.001,0.0038172685,0.07880001686026067,76340.985,-0.003,229.1596695185006,False
2026-04-29 00:13:49.125067+00:00,sell,76345.37,0.001,-0.001,0.0038172685,0.07880001686026067,76340.985,-0.004,305.50122225000064,False
2026-04-29 00:13:52.974984+00:00,sell,76345.38,0.001,-0.001,0.0038172690000000007,0.07865728525846412,76340.985,-0.005,381.8427849810006,False
2026-04-29 00:14:03.341710+00:00,sell,76345.38,0.001,-0.001,0.0038172690000000007,0.07865728525846412,76340.985,-0.006,458.18434771200054,False
2026-04-29 00:14:32.853917+00:00,sell,76330.64,0.001,-0.001,0.0038165320000000005,0.07880001686026067,76326.255,-0.007,534.5111711800006,False
2026-04-29 00:14:35.419747+00:00,sell,76330.64,0.001,-0.001,0.0038165320000000005,0.07880001686026067,76326.255,-0.008,610.8379946480006,False
2026-04-29 00:14:57.286996+00:00,buy,76343.88,0.001,0.001,0.0038171940000000007,0.07865728525867163,76348.275,-0.007,534.4902974540006,False
2026-04-29 00:15:15.221883+00:00,buy,76328.01,0.001,0.001,0.0038164005,0.07865728525846412,76332.405,-0.006,458.1584710535006,False
2026-04-29 00:15:31.904491+00:00,sell,76325.52,0.001,-0.001,0.0038162760000000004,0.07865728525846412,76321.125,-0.007,534.4801747775007,False
2026-04-29 00:15:43.503312+00:00,buy,76316.47,0.001,0.001,0.0038158235000000005,0.0788000168600528,76320.85500000001,-0.006,458.1598889540007,False
2026-04-29 00:15:48.634611+00:00,sell,76325.24,0.001,-0.001,0.0038162620000000004,0.07880001686026067,76320.85500000001,-0.007,534.4813126920006,False
2026-04-29 00:17:02.118753+00:00,buy,76324.79000000001,0.001,0.001,0.003816239500000001,0.07851481218867412,76329.195,-0.006,458.15270645250064,False
2026-04-29 00:17:04.696814+00:00,sell,76333.59,0.001,-0.001,0.0038166795,0.07865728525867163,76329.195,-0.007,534.4824797730006,False
2026-04-29 00:17:05.982987+00:00,buy,76324.8,0.001,0.001,0.0038162400000000007,0.07865728525846412,76329.195,-0.006,458.1538635330006,False
2026-04-29 00:17:07.242960+00:00,buy,76324.8,0.001,0.001,0.0038162400000000007,0.07865728525846412,76329.195,-0.005,381.82524729300064,False
2026-04-29 00:17:11.115841+00:00,buy,76324.8,0.001,0.001,0.0038162400000000007,0.07865728525846412,76329.195,-0.004,305.49663105300067,False
2026-04-29 00:17:14.982217+00:00,buy,76324.8,0.001,0.001,0.0038162400000000007,0.07865728525846412,76329.195,-0.003,229.16801481300067,False
2026-04-29 00:17:31.667296+00:00,sell,76333.58,0.001,-0.001,0.0038166790000000003,0.07880001686026067,76329.195,-0.004,305.49777813400067,False
2026-04-29 00:17:35.546359+00:00,buy,76324.79000000001,0.001,0.001,0.003816239500000001,0.07851481218867412,76329.195,-0.003,229.16917189450066,False
2026-04-29 00:17:45.889139+00:00,sell,76327.40000000001,0.001,-0.001,0.003816370000000001,0.0788000168600528,76323.015,-0.004,305.4927555245007,False
2026-04-29 00:17:57.404138+00:00,sell,76327.40000000001,0.001,-0.001,0.003816370000000001,0.0788000168600528,76323.015,-0.005,381.8163391545007,False
2026-04-29 00:18:01.249441+00:00,sell,76327.04000000001,0.001,-0.001,0.0038163520000000007,0.0788000168600528,76322.655,-0.006,458.13956280250073,False
2026-04-29 00:18:08.952730+00:00,sell,76319.98,0.001,-0.001,0.003815999,0.07880001686026067,76315.595,-0.007,534.4557268035007,False
2026-04-29 00:18:19.207193+00:00,sell,76304.40000000001,0.001,-0.001,0.0038152200000000007,0.07865728525846412,76300.005,-0.008,610.7563115835007,False
2026-04-29 00:18:55.141290+00:00,buy,76273.62,0.001,0.001,0.003813681,0.0788000168600528,76278.005,-0.007,534.4788779025008,False
2026-04-29 00:19:16.909310+00:00,buy,76286.61,0.001,0.001,0.0038143305000000005,0.07880001686026067,76290.995,-0.006,458.1884535720008,False
2026-04-29 00:19:23.293407+00:00,buy,76286.6,0.001,0.001,0.0038143300000000008,0.07865728525867163,76290.995,-0.005,381.8980392420008,False
2026-04-29 00:19:25.859949+00:00,sell,76295.39,0.001,-0.001,0.0038147695,0.07865728525846412,76290.995,-0.006,458.18961447250075,False
2026-04-29 00:19:30.996937+00:00,sell,76295.39,0.001,-0.001,0.0038147695,0.07865728525846412,76290.995,-0.007,534.4811897030008,False
2026-04-29 00:19:36.142927+00:00,buy,76286.6,0.001,0.001,0.0038143300000000008,0.07865728525867163,76290.995,-0.006,458.1907753730008,False
2026-04-29 00:19:42.565795+00:00,sell,76295.39,0.001,-0.001,0.0038147695,0.07865728525846412,76290.995,-0.007,534.4823506035009,False
2026-04-29 00:19:50.324436+00:00,buy,76293.43000000001,0.001,0.001,0.0038146715000000006,0.07880001686026067,76297.815,-0.006,458.1851059320009,False
2026-04-29 00:22:09.571769+00:00,buy,76308.2,0.001,0.001,0.00381541,0.07880001686026067,76312.58499999999,-0.005,381.8730905220009,False
2026-04-29 00:22:35.245038+00:00,buy,76311.26,0.001,0.001,0.003815563,0.07880001686026067,76315.64499999999,-0.004,305.5580149590009,False
2026-04-29 00:22:55.837949+00:00,sell,76315.23,0.001,-0.001,0.0038157615,0.07880001686026067,76310.845,-0.005,381.8694291975009,False
2026-04-29 00:23:15.515952+00:00,buy,76306.45,0.001,0.001,0.0038153225,0.07865728525846412,76310.845,-0.004,305.55916387500093,False
2026-04-29 00:23:16.796420+00:00,sell,76315.24,0.001,-0.001,0.0038157620000000008,0.07865728525846412,76310.845,-0.005,381.87058811300096,False
2026-04-29 00:23:19.381922+00:00,sell,76315.25,0.001,-0.001,0.0038157625000000005,0.07851481218867412,76310.845,-0.006,458.182022350501,False
2026-04-29 00:23:29.629839+00:00,buy,76311.25,0.001,0.001,0.0038155625000000004,0.07865728525867163,76315.64499999999,-0.005,381.86695678800095,False
2026-04-29 00:23:50.226590+00:00,buy,76311.25,0.001,0.001,0.0038155625000000004,0.07865728525867163,76315.64499999999,-0.004,305.551891225501,False
2026-04-29 00:23:57.880182+00:00,sell,76320.04000000001,0.001,-0.001,0.0038160020000000006,0.07865728525825662,76315.64499999999,-0.005,381.868115223501,False
2026-04-29 00:24:29.955730+00:00,buy,76311.25,0.001,0.001,0.0038155625000000004,0.07865728525867163,76315.64499999999,-0.004,305.55304966100095,False
2026-04-29 00:24:33.830454+00:00,buy,76311.25,0.001,0.001,0.0038155625000000004,0.07865728525867163,76315.64499999999,-0.003,229.23798409850096,False
2026-04-29 00:25:08.481197+00:00,buy,76326.91,0.001,0.001,0.0038163455000000007,0.07865728525867163,76331.305,-0.002,152.90725775300095,False
2026-04-29 00:25:09.776584+00:00,buy,76326.91,0.001,0.001,0.0038163455000000007,0.07865728525867163,76331.305,-0.001,76.57653140750095,False
2026-04-29 00:25:17.443658+00:00,sell,76335.7,0.001,-0.001,0.003816785,0.07865728525846412,76331.305,-0.002,152.90841462250094,False
2026-04-29 00:25:28.955047+00:00,buy,76326.91,0.001,0.001,0.0038163455000000007,0.07865728525867163,76331.305,-0.001,76.57768827700095,False
2026-04-29 00:25:44.391123+00:00,sell,76327.07,0.001,-0.001,0.003816353500000001,0.0788000168600528,76322.685,-0.002,152.90094192350094,False
2026-04-29 00:26:06.340089+00:00,sell,76326.28,0.001,-0.001,0.0038163140000000003,0.07851481218867412,76321.875,-0.003,229.22340560950093,False
2026-04-29 00:26:07.624662+00:00,sell,76326.27,0.001,-0.001,0.0038163135000000006,0.07865728525846412,76321.875,-0.004,305.5458592960009,False
2026-04-29 00:26:12.732824+00:00,sell,76326.27,0.001,-0.001,0.0038163135000000006,0.07865728525846412,76321.875,-0.005,381.8683129825009,False
2026-04-29 00:26:43.726006+00:00,sell,76319.55,0.001,-0.001,0.0038159775000000005,0.07865728525846412,76315.155,-0.006,458.18404700500093,False
2026-04-29 00:26:45.024594+00:00,buy,76310.76,0.001,0.001,0.0038155380000000003,0.07865728525846412,76315.155,-0.005,381.8694714670009,False
2026-04-29 00:27:03.070764+00:00,sell,76315.08,0.001,-0.001,0.0038157540000000006,0.07880001686026067,76310.695,-0.006,458.1807357130009,False
2026-04-29 00:27:05.634138+00:00,sell,76315.08,0.001,-0.001,0.0038157540000000006,0.07880001686026067,76310.695,-0.007,534.4919999590009,False
2026-04-29 00:27:10.775169+00:00,sell,76314.08,0.001,-0.001,0.0038157040000000005,0.07880001686026067,76309.695,-0.008,610.8022642550009,False
2026-04-29 00:27:15.939137+00:00,buy,76307.71,0.001,0.001,0.0038153855000000007,0.07865728525846412,76312.10500000001,-0.007,534.4907388695008,False
2026-04-29 00:27:17.237091+00:00,buy,76307.71,0.001,0.001,0.0038153855000000007,0.07865728525846412,76312.10500000001,-0.006,458.17921348400074,False
2026-04-29 00:27:31.358030+00:00,buy,76307.71,0.001,0.001,0.0038153855000000007,0.07865728525846412,76312.10500000001,-0.005,381.86768809850076,False
2026-04-29 00:27:59.701978+00:00,buy,76321.98,0.001,0.001,0.0038160990000000003,0.07865728525846412,76326.375,-0.004,305.54189199950076,False
2026-04-29 00:28:00.991795+00:00,buy,76321.98,0.001,0.001,0.0038160990000000003,0.07865728525846412,76326.375,-0.003,229.21609590050076,False
2026-04-29 00:28:03.567088+00:00,sell,76330.77,0.001,-0.001,0.0038165385000000006,0.07865728525846412,76326.375,-0.004,305.5430493620007,False
2026-04-29 00:28:04.843031+00:00,sell,76330.77,0.001,-0.001,0.0038165385000000006,0.07865728525846412,76326.375,-0.005,381.8700028235007,False
2026-04-29 00:28:07.384485+00:00,sell,76330.77,0.001,-0.001,0.0038165385000000006,0.07865728525846412,76326.375,-0.006,458.19695628500074,False
2026-04-29 00:28:31.634611+00:00,sell,76330.77,0.001,-0.001,0.0038165385000000006,0.07865728525846412,76326.375,-0.007,534.5239097465007,False
2026-04-29 00:28:44.466519+00:00,sell,76330.76,0.001,-0.001,0.003816538,0.07880001686026067,76326.375,-0.008,610.8508532085008,False
2026-04-29 00:29:06.315489+00:00,buy,76320.11,0.001,0.001,0.0038160055000000005,0.07865728525846412,76324.505,-0.007,534.5269272030008,False
2026-04-29 00:29:24.314180+00:00,sell,76328.90000000001,0.001,-0.001,0.0038164450000000008,0.07865728525846412,76324.505,-0.008,610.8520107580008,False
2026-04-29 00:29:37.199485+00:00,buy,76320.1,0.001,0.001,0.003816005000000001,0.07851481218867412,76324.505,-0.007,534.5280947530008,False
2026-04-29 00:29:42.365480+00:00,buy,76320.11,0.001,0.001,0.0038160055000000005,0.07865728525846412,76324.505,-0.006,458.2041687475008,False
2026-04-29 00:29:44.914756+00:00,sell,76328.90000000001,0.001,-0.001,0.0038164450000000008,0.07865728525846412,76324.505,-0.007,534.5292523025008,False
2026-04-29 00:30:13.235788+00:00,buy,76329.96,0.001,0.001,0.0038164980000000006,0.07865728525846412,76334.35500000001,-0.006,458.1954758045008,False
2026-04-29 00:30:19.651536+00:00,sell,76338.74,0.001,-0.001,0.0038169370000000007,0.07880001686026067,76334.35500000001,-0.007,534.5303988675008,False
2026-04-29 00:30:33.729523+00:00,buy,76329.96,0.001,0.001,0.0038164980000000006,0.07865728525846412,76334.35500000001,-0.006,458.1966223695008,False
2026-04-29 00:30:36.294674+00:00,buy,76329.96,0.001,0.001,0.0038164980000000006,0.07865728525846412,76334.35500000001,-0.005,381.8628458715008,False
2026-04-29 00:30:45.275575+00:00,buy,76333.25,0.001,0.001,0.0038166625000000003,0.0788000168600528,76337.63500000001,-0.004,305.52577920900075,False
2026-04-29 00:30:50.482756+00:00,buy,76333.85,0.001,0.001,0.0038166925000000006,0.07880001686026067,76338.235,-0.003,229.18811251650072,False
2026-04-29 00:31:03.325389+00:00,buy,76341.05,0.001,0.001,0.0038170525000000006,0.07865728525846412,76345.445,-0.002,152.84324546400072,False
2026-04-29 00:31:05.889359+00:00,buy,76341.05,0.001,0.001,0.0038170525000000006,0.07865728525846412,76345.445,-0.001,76.49837841150071,False
2026-04-29 00:31:08.459317+00:00,buy,76341.05,0.001,0.001,0.0038170525000000006,0.07865728525846412,76345.445,0.0,0.15351135900069987,False
2026-04-29 00:31:34.141954+00:00,buy,76341.92,0.001,0.001,0.0038170960000000003,0.07865728525846412,76346.315,0.001,-76.1922257369993,False
2026-04-29 00:32:52.355776+00:00,sell,76338.54000000001,0.001,-0.001,0.0038169270000000008,0.0788000168600528,76334.155,0.0,0.14249733600070416,False
2026-04-29 00:33:30.836711+00:00,sell,76335.71,0.001,-0.001,0.0038167855000000007,0.07880001686026067,76331.32500000001,-0.001,76.4743905505007,False
2026-04-29 00:33:55.170338+00:00,sell,76328.49,0.001,-0.001,0.0038164245000000007,0.07880001686026067,76324.10500000001,-0.002,152.7990641260007,False
2026-04-29 00:34:10.541428+00:00,sell,76312.81,0.001,-0.001,0.0038156405,0.0788000168600528,76308.42499999999,-0.003,229.10805848550072,False
2026-04-29 00:34:32.433143+00:00,buy,76304.04000000001,0.001,0.001,0.0038152020000000006,0.07880001686046857,76308.42499999999,-0.002,152.8002032835007,False
2026-04-29 00:34:42.727675+00:00,sell,76312.82,0.001,-0.001,0.0038156410000000007,0.07865728525825662,76308.42499999999,-0.003,229.1092076425007,False
2026-04-29 00:34:53.033035+00:00,sell,76312.81,0.001,-0.001,0.0038156405,0.0788000168600528,76308.42499999999,-0.004,305.41820200200067,False
2026-04-29 00:35:16.229798+00:00,sell,76309.13,0.001,-0.001,0.0038154565000000007,0.07865728525846412,76304.735,-0.005,381.72351654550073,False
2026-04-29 00:35:30.412886+00:00,sell,76309.12,0.001,-0.001,0.003815456,0.07880001686026067,76304.735,-0.006,458.02882108950075,False
2026-04-29 00:35:40.655682+00:00,sell,76309.12,0.001,-0.001,0.003815456,0.07880001686026067,76304.735,-0.007,534.3341256335008,False
2026-04-29 00:35:44.513137+00:00,sell,76293.38,0.001,-0.001,0.0038146690000000006,0.07865728525846412,76288.985,-0.008,610.6236909645007,False
2026-04-29 00:35:45.819602+00:00,sell,76293.38,0.001,-0.001,0.0038146690000000006,0.07865728525846412,76288.985,-0.009000000000000001,686.9132562955007,False
2026-04-29 00:35:53.485403+00:00,sell,76293.38,0.001,-0.001,0.0038146690000000006,0.07865728525846412,76288.985,-0.010000000000000002,763.2028216265006,False
2026-04-29 00:36:15.328455+00:00,buy,76302.36,0.001,0.001,0.003815118,0.07880001686026067,76306.745,-0.009000000000000001,686.8966465085006,False
2026-04-29 00:36:25.562413+00:00,buy,76302.36,0.001,0.001,0.003815118,0.07880001686026067,76306.745,-0.008,610.5904713905005,False
2026-04-29 00:36:53.893794+00:00,buy,76304.04000000001,0.001,0.001,0.0038152020000000006,0.07880001686046857,76308.42499999999,-0.007,534.2826161885005,False
2026-04-29 00:36:56.461225+00:00,sell,76312.82,0.001,-0.001,0.0038156410000000007,0.07865728525825662,76308.42499999999,-0.008,610.5916205475005,False
2026-04-29 00:37:01.609580+00:00,buy,76304.03,0.001,0.001,0.0038152015000000004,0.07865728525867163,76308.42499999999,-0.007,534.2837753460005,False
2026-04-29 00:37:06.828073+00:00,buy,76304.03,0.001,0.001,0.0038152015000000004,0.07865728525867163,76308.42499999999,-0.006,457.9759301445005,False
2026-04-29 00:37:28.557468+00:00,sell,76314.40000000001,0.001,-0.001,0.0038157200000000007,0.07851481218846697,76309.995,-0.007,534.2865144245005,False
2026-04-29 00:37:36.236947+00:00,buy,76305.6,0.001,0.001,0.0038152800000000008,0.07865728525867163,76309.995,-0.006,457.97709914450047,False
2026-04-29 00:37:40.089535+00:00,buy,76305.6,0.001,0.001,0.0038152800000000008,0.07865728525867163,76309.995,-0.005,381.6676838645004,False
2026-04-29 00:37:43.984346+00:00,buy,76305.6,0.001,0.001,0.0038152800000000008,0.07865728525867163,76309.995,-0.004,305.35826858450037,False
2026-04-29 00:37:59.384262+00:00,buy,76305.6,0.001,0.001,0.0038152800000000008,0.07865728525867163,76309.995,-0.003,229.04885330450034,False
2026-04-29 00:38:14.749326+00:00,sell,76314.39,0.001,-0.001,0.0038157195,0.07865728525846412,76309.995,-0.004,305.35942758500033,False
2026-04-29 00:38:36.611350+00:00,buy,76311.27,0.001,0.001,0.0038155635000000007,0.07880001686026067,76315.655,-0.003,229.0443420215003,False
2026-04-29 00:38:39.171255+00:00,buy,76318.88,0.001,0.001,0.0038159440000000004,0.07865728525867163,76323.275,-0.002,152.7216460775003,False
2026-04-29 00:39:35.693636+00:00,buy,76326.51,0.001,0.001,0.0038163255,0.07880001686026067,76330.89499999999,-0.001,76.39131975200031,False
2026-04-29 00:39:43.333758+00:00,buy,76326.51,0.001,0.001,0.0038163255,0.07880001686026067,76330.89499999999,0.0,0.0609934265003148,False
2026-04-29 00:40:25.688206+00:00,buy,76358.22,0.001,0.001,0.0038179110000000002,0.0788000168600528,76362.60500000001,0.001,-76.30104448449968,False
2026-04-29 00:40:57.757748+00:00,buy,76386.02,0.001,0.001,0.0038193010000000006,0.07880001686026067,76390.405,0.002,-152.69088378549966,False
2026-04-29 00:41:37.571797+00:00,sell,76423.53,0.001,-0.001,0.0038211765,0.0788000168600528,76419.14499999999,0.001,-76.27117496199966,False
2026-04-29 00:41:42.685866+00:00,sell,76423.52,0.001,-0.001,0.0038211760000000003,0.07865728525846412,76419.125,0.0,0.14852386200034814,False
2026-04-29 00:41:47.880379+00:00,buy,76414.73,0.001,0.001,0.0038207365,0.07865728525846412,76419.125,0.001,-76.27002687449965,False
2026-04-29 00:41:51.749519+00:00,sell,76423.52,0.001,-0.001,0.0038211760000000003,0.07865728525846412,76419.125,0.0,0.1496719495003613,False
2026-04-29 00:41:55.609958+00:00,sell,76423.52,0.001,-0.001,0.0038211760000000003,0.07865728525846412,76419.125,-0.001,76.56937077350037,False
2026-04-29 00:41:56.899304+00:00,buy,76414.73,0.001,0.001,0.0038207365,0.07865728525846412,76419.125,0.0,0.1508200370003754,False
2026-04-29 00:42:03.280110+00:00,sell,76423.52,0.001,-0.001,0.0038211760000000003,0.07865728525846412,76419.125,-0.001,76.57051886100038,False
2026-04-29 00:42:11.028446+00:00,sell,76423.52,0.001,-0.001,0.0038211760000000003,0.07865728525846412,76419.125,-0.002,152.99021768500037,False
2026-04-29 00:42:16.174932+00:00,buy,76414.73,0.001,0.001,0.0038207365,0.07865728525846412,76419.125,-0.001,76.57166694850038,False
2026-04-29 00:42:25.139835+00:00,sell,76415.09,0.001,-0.001,0.0038207545,0.07865728525867163,76410.695,-0.002,152.9829361940004,False
2026-04-29 00:42:34.121865+00:00,sell,76392.18000000001,0.001,-0.001,0.0038196090000000007,0.0788000168600528,76387.795,-0.003,229.37129658500038,False
2026-04-29 00:42:53.493703+00:00,buy,76386.02,0.001,0.001,0.0038193010000000006,0.07865728525846412,76390.41500000001,-0.002,152.98145728400038,False
2026-04-29 00:42:54.782543+00:00,buy,76386.02,0.001,0.001,0.0038193010000000006,0.07865728525846412,76390.41500000001,-0.001,76.59161798300039,False
2026-04-29 00:43:07.620735+00:00,buy,76386.02,0.001,0.001,0.0038193010000000006,0.07865728525846412,76390.41500000001,0.0,0.2017786820003878,False
2026-04-29 00:43:55.057116+00:00,buy,76362.78,0.001,0.001,0.0038181390000000003,0.0788000168600528,76367.16500000001,0.001,-76.16481945699961,False
2026-04-29 00:44:01.486107+00:00,buy,76369.18000000001,0.001,0.001,0.0038184590000000006,0.07880001686026067,76373.565,0.002,-152.53781791599963,False
2026-04-29 00:44:05.297791+00:00,buy,76380.14,0.001,0.001,0.003819007,0.07880001686026067,76384.525,0.003,-228.92177692299964,False
2026-04-29 00:44:29.743275+00:00,buy,76388.44,0.001,0.001,0.0038194220000000003,0.0788000168600528,76392.82500000001,0.004,-305.31403634499964,False
2026-04-29 00:44:47.803536+00:00,sell,76404.85,0.001,-0.001,0.0038202425000000008,0.07865728525846412,76400.455,0.003,-228.91300658749964,False
2026-04-29 00:44:51.654850+00:00,sell,76404.85,0.001,-0.001,0.0038202425000000008,0.07865728525846412,76400.455,0.002,-152.51197682999964,False
2026-04-29 00:44:52.951364+00:00,buy,76396.06,0.001,0.001,0.003819803,0.07865728525846412,76400.455,0.003,-228.91185663299964,False
2026-04-29 00:44:52.951364+00:00,sell,76404.85,0.001,-0.001,0.0038202425000000008,0.07865728525846412,76400.455,0.002,-152.51082687549965,False
2026-04-29 00:44:54.221403+00:00,sell,76404.85,0.001,-0.001,0.0038202425000000008,0.07865728525846412,76400.455,0.001,-76.10979711799963,False
2026-04-29 00:44:58.126758+00:00,sell,76404.85,0.001,-0.001,0.0038202425000000008,0.07865728525846412,76400.455,0.0,0.2912326395003768,False
2026-04-29 00:45:03.283859+00:00,buy,76414.65000000001,0.001,0.001,0.003820732500000001,0.07865728525867163,76419.045,0.001,-76.12723809299963,False
2026-04-29 00:45:14.862285+00:00,buy,76414.65000000001,0.001,0.001,0.003820732500000001,0.07865728525867163,76419.045,0.002,-152.54570882549964,False
2026-04-29 00:45:27.687367+00:00,buy,76401.76,0.001,0.001,0.003820088,0.07865728525846412,76406.155,0.003,-228.95128891349964,False
2026-04-29 00:45:28.977888+00:00,buy,76401.76,0.001,0.001,0.003820088,0.07865728525846412,76406.155,0.004,-305.3568690014996,False
2026-04-29 00:45:50.817258+00:00,buy,76405.21,0.001,0.001,0.003820260500000001,0.07865728525846412,76409.60500000001,0.005,-381.7658992619996,False
2026-04-29 00:45:57.214381+00:00,buy,76405.22,0.001,0.001,0.0038202610000000006,0.0788000168600528,76409.60500000001,0.006,-458.1749395229996,False
2026-04-29 00:46:19.072987+00:00,buy,76404.63,0.001,0.001,0.0038202315000000005,0.07865728525867163,76409.025,0.007,-534.5833897544995,False
2026-04-29 00:46:22.917669+00:00,buy,76404.63,0.001,0.001,0.0038202315000000005,0.07865728525867163,76409.025,0.008,-610.9918399859995,False
2026-04-29 00:46:28.026901+00:00,buy,76404.63,0.001,0.001,0.0038202315000000005,0.07865728525867163,76409.025,0.009000000000000001,-687.4002902174994,False
2026-04-29 00:46:44.721727+00:00,buy,76404.63,0.001,0.001,0.0038202315000000005,0.07865728525867163,76409.025,0.010000000000000002,-763.8087404489994,False
2026-04-29 00:48:48.077117+00:00,sell,76439.39,0.001,-0.001,0.0038219695000000003,0.07865728525846412,76434.995,0.009000000000000001,-687.3731724184994,False
2026-04-29 00:49:02.242556+00:00,buy,76430.61,0.001,0.001,0.0038215305000000002,0.07880001686026067,76434.995,0.010000000000000002,-763.8076039489994,False
2026-04-29 00:49:07.392287+00:00,sell,76439.38,0.001,-0.001,0.0038219690000000006,0.0788000168600528,76434.995,0.009000000000000001,-687.3720459179993,False
2026-04-29 00:49:12.508747+00:00,sell,76439.38,0.001,-0.001,0.0038219690000000006,0.0788000168600528,76434.995,0.008,-610.9364878869993,False
2026-04-29 00:49:25.311192+00:00,buy,76430.6,0.001,0.001,0.0038215300000000005,0.07865728525867163,76434.995,0.009000000000000001,-687.3709094169993,False
2026-04-29 00:49:25.311192+00:00,sell,76439.39,0.001,-0.001,0.0038219695000000003,0.07865728525846412,76434.995,0.008,-610.9353413864993,False
2026-04-29 00:49:29.174702+00:00,buy,76430.6,0.001,0.001,0.0038215300000000005,0.07865728525867163,76434.995,0.009000000000000001,-687.3697629164993,False
2026-04-29 00:49:31.742584+00:00,buy,76430.6,0.001,0.001,0.0038215300000000005,0.07865728525867163,76434.995,0.010000000000000002,-763.8041844464993,False
2026-04-29 00:50:11.597090+00:00,sell,76395.54000000001,0.001,-0.001,0.0038197770000000008,0.0788000168600528,76391.155,0.009000000000000001,-687.4124642234993,False
2026-04-29 00:50:25.673880+00:00,buy,76427.34,0.001,0.001,0.003821367,0.0788000168600528,76431.725,0.010000000000000002,-763.8436255904993,False
2026-04-29 00:53:04.955878+00:00,sell,76439.75,0.001,-0.001,0.0038219875000000004,0.0788000168600528,76435.36499999999,0.009000000000000001,-687.4076975779993,False
2026-04-29 00:53:06.255019+00:00,sell,76439.76,0.001,-0.001,0.003821988,0.07865728525846412,76435.36499999999,0.008,-610.9717595659994,False
2026-04-29 00:53:47.361738+00:00,sell,76453.62,0.001,-0.001,0.003822681,0.07865728525867163,76449.225,0.007,-534.5219622469994,False
2026-04-29 00:53:57.665043+00:00,buy,76444.83,0.001,0.001,0.0038222415000000003,0.07865728525846412,76449.225,0.008,-610.9706144884993,False
2026-04-29 00:57:08.118080+00:00,sell,76516.81,0.001,-0.001,0.0038258405000000002,0.07865728525867163,76512.41500000001,0.007,-534.4576303289994,False
2026-04-29 00:57:36.334420+00:00,buy,76495.78,0.001,0.001,0.0038247890000000003,0.07865728525867163,76500.17499999999,0.008,-610.9572351179993,False
2026-04-29 00:57:40.186821+00:00,buy,76495.78,0.001,0.001,0.0038247890000000003,0.07865728525867163,76500.17499999999,0.009000000000000001,-687.4568399069992,False
2026-04-29 00:57:44.043834+00:00,buy,76495.79000000001,0.001,0.001,0.003824789500000001,0.07880001686046857,76500.17499999999,0.010000000000000002,-763.9564546964992,False
2026-04-29 01:02:50.287273+00:00,sell,76509.66,0.001,-0.001,0.0038254830000000006,0.07865728525846412,76505.265,0.009000000000000001,-687.4506201794992,False
2026-04-29 01:03:10.737062+00:00,buy,76519.77,0.001,0.001,0.0038259885000000004,0.07880001686026067,76524.155,0.010000000000000002,-763.9742161679992,False
2026-04-29 01:04:01.968607+00:00,sell,76521.16,0.001,-0.001,0.0038260580000000007,0.0788000168600528,76516.775,0.009000000000000001,-687.4568822259992,False
2026-04-29 01:04:10.950926+00:00,sell,76500.65000000001,0.001,-0.001,0.003825032500000001,0.0788000168600528,76496.265,0.008,-610.9600572584992,False
2026-04-29 01:04:12.249719+00:00,sell,76500.65000000001,0.001,-0.001,0.003825032500000001,0.0788000168600528,76496.265,0.007,-534.4632322909991,False
2026-04-29 01:04:19.917140+00:00,sell,76496.2,0.001,-0.001,0.00382481,0.07880001686026067,76491.815,0.006,-457.9708571009992,False
2026-04-29 01:07:32.524116+00:00,sell,76480.89,0.001,-0.001,0.0038240445,0.07865728525846412,76476.495,0.005,-381.4937911454992,False
2026-04-29 01:07:44.039774+00:00,sell,76460.11,0.001,-0.001,0.0038230055,0.07880001686026067,76455.725,0.004,-305.0375041509992,False
2026-04-29 01:11:01.515685+00:00,buy,76405.85,0.001,0.001,0.0038202925000000005,0.07865728525867163,76410.245,0.005,-381.4471744434992,False
2026-04-29 01:11:06.613503+00:00,buy,76406.53,0.001,0.001,0.0038203265000000004,0.07865728525867163,76410.92499999999,0.006,-457.85752476999915,False
2026-04-29 01:11:10.446486+00:00,sell,76415.33,0.001,-0.001,0.0038207665000000003,0.07851481218846697,76410.92499999999,0.005,-381.44601553649915,False
2026-04-29 01:11:20.713444+00:00,sell,76415.31,0.001,-0.001,0.0038207655,0.0788000168600528,76410.92499999999,0.004,-305.0345263019991,False
2026-04-29 01:11:33.575508+00:00,sell,76407.66,0.001,-0.001,0.0038203830000000005,0.0788000168600528,76403.275,0.003,-228.6306866849991,False
2026-04-29 01:11:45.196338+00:00,buy,76398.87,0.001,0.001,0.0038199435000000003,0.07851481218867412,76403.275,0.004,-305.03337662849907,False
2026-04-29 01:12:07.089569+00:00,sell,76377.83,0.001,-0.001,0.0038188915,0.07880001686026067,76373.445,0.003,-228.65936551999906,False
2026-04-29 01:12:26.411037+00:00,buy,76355.27,0.001,0.001,0.0038177635000000007,0.07865728525846412,76359.66500000001,0.004,-305.01845328349907,False
2026-04-29 01:12:27.677666+00:00,buy,76355.27,0.001,0.001,0.0038177635000000007,0.07865728525846412,76359.66500000001,0.005,-381.3775410469991,False
2026-04-29 01:12:31.530672+00:00,sell,76364.06,0.001,-0.001,0.003818203,0.07865728525867163,76359.66500000001,0.004,-305.0172992499991,False
2026-04-29 01:13:10.217360+00:00,buy,76355.27,0.001,0.001,0.0038177635000000007,0.07865728525846412,76359.66500000001,0.005,-381.37638701349914,False
2026-04-29 01:13:19.277833+00:00,sell,76364.07,0.001,-0.001,0.0038182035000000007,0.07851481218867412,76359.66500000001,0.004,-305.0161352169991,False
2026-04-29 01:13:34.673133+00:00,buy,76355.27,0.001,0.001,0.0038177635000000007,0.07865728525846412,76359.66500000001,0.005,-381.37522298049913,False
2026-04-29 01:13:47.636362+00:00,buy,76355.27,0.001,0.001,0.0038177635000000007,0.07865728525846412,76359.66500000001,0.006,-457.7343107439992,False
2026-04-29 01:13:50.206522+00:00,buy,76355.27,0.001,0.001,0.0038177635000000007,0.07865728525846412,76359.66500000001,0.007,-534.0933985074992,False
2026-04-29 01:14:01.771692+00:00,buy,76370.27,0.001,0.001,0.0038185135000000005,0.07880001686026067,76374.655,0.008,-610.4674870209992,False
2026-04-29 01:14:14.591505+00:00,sell,76368.79000000001,0.001,-0.001,0.003818439500000001,0.0788000168600528,76364.405,0.007,-534.1025154604993,False
2026-04-29 01:14:28.768518+00:00,buy,76355.27,0.001,0.001,0.0038177635000000007,0.07865728525846412,76359.66500000001,0.008,-610.4616032239993,False
2026-04-29 01:15:11.137568+00:00,buy,76355.27,0.001,0.001,0.0038177635000000007,0.07865728525846412,76359.66500000001,0.009000000000000001,-686.8206909874993,False
2026-04-29 01:15:26.486178+00:00,sell,76389.44,0.001,-0.001,0.0038194720000000004,0.07865728525846412,76385.045,0.008,-610.4350704594993,False
2026-04-29 01:16:16.630392+00:00,buy,76395.18000000001,0.001,0.001,0.0038197590000000007,0.07865728525846412,76399.57500000001,0.009000000000000001,-686.8340702184993,False
2026-04-29 01:16:21.766281+00:00,sell,76403.98,0.001,-0.001,0.0038201990000000003,0.07851481218888125,76399.57500000001,0.008,-610.4339104174992,False
2026-04-29 01:16:24.335248+00:00,sell,76403.98,0.001,-0.001,0.0038201990000000003,0.07851481218888125,76399.57500000001,0.007,-534.0337506164991,False
2026-04-29 01:16:30.799054+00:00,sell,76403.97,0.001,-0.001,0.0038201985000000005,0.07865728525867163,76399.57500000001,0.006,-457.6336008149991,False
2026-04-29 01:16:32.083270+00:00,sell,76403.97,0.001,-0.001,0.0038201985000000005,0.07865728525867163,76399.57500000001,0.005,-381.2334510134991,False
2026-04-29 01:16:38.481600+00:00,buy,76395.17,0.001,0.001,0.0038197585,0.07851481218846697,76399.57500000001,0.006,-457.63244077199914,False
2026-04-29 01:16:55.164850+00:00,sell,76394.7,0.001,-0.001,0.0038197350000000003,0.07880001686026067,76390.315,0.005,-381.2415605069991,False
2026-04-29 01:17:14.343083+00:00,sell,76358.63,0.001,-0.001,0.0038179315000000007,0.07865728525846412,76354.235,0.004,-304.8867484384991,False
2026-04-29 01:17:22.030169+00:00,buy,76354.26,0.001,0.001,0.003817713,0.07880001686026067,76358.64499999999,0.005,-381.2448261514991,False
2026-04-29 01:17:28.498675+00:00,sell,76361.09,0.001,-0.001,0.0038180545,0.07880001686026067,76356.705,0.004,-304.88755420599915,False
2026-04-29 01:17:38.772641+00:00,sell,76342.39,0.001,-0.001,0.0038171195000000005,0.07880001686026067,76338.005,0.003,-228.54898132549917,False
2026-04-29 01:17:42.613759+00:00,sell,76339.18000000001,0.001,-0.001,0.003816959000000001,0.0788000168600528,76334.795,0.002,-152.21361828449915,False
2026-04-29 01:17:57.981533+00:00,sell,76314.38,0.001,-0.001,0.0038157190000000004,0.0788000168600528,76309.995,0.001,-75.90305400349915,False
2026-04-29 01:20:27.204754+00:00,sell,76282.64,0.001,-0.001,0.0038141320000000005,0.07865728525846412,76278.245,0.0,0.3757718645008503,False
2026-04-29 01:20:28.489384+00:00,buy,76273.85,0.001,0.001,0.0038136925000000006,0.07865728525867163,76278.245,0.001,-75.90189182799917,False
2026-04-29 01:20:46.455068+00:00,buy,76273.85,0.001,0.001,0.0038136925000000006,0.07865728525867163,76278.245,0.002,-152.17955552049915,False
2026-04-29 01:20:50.319410+00:00,buy,76281.08,0.001,0.001,0.0038140540000000003,0.07880001686026067,76285.465,0.003,-228.46444957449916,False
2026-04-29 01:21:03.177503+00:00,sell,76291.19,0.001,-0.001,0.0038145595000000005,0.07865728525846412,76286.795,0.002,-152.17707413399916,False
2026-04-29 01:21:04.450617+00:00,sell,76291.19,0.001,-0.001,0.0038145595000000005,0.07865728525846412,76286.795,0.001,-75.88969869349916,False
2026-04-29 01:21:14.782611+00:00,sell,76289.86,0.001,-0.001,0.0038144930000000004,0.07865728525846412,76285.465,0.0,0.3963468135008485,False
2026-04-29 01:21:22.417351+00:00,buy,76269.11,0.001,0.001,0.0038134555000000005,0.07865728525846412,76273.505,0.001,-75.87657664199914,False
2026-04-29 01:21:30.135152+00:00,buy,76269.1,0.001,0.001,0.0038134550000000008,0.07851481218867412,76273.505,0.002,-152.14949009699916,False
2026-04-29 01:21:31.422619+00:00,sell,76277.90000000001,0.001,-0.001,0.0038138950000000007,0.07865728525846412,76273.505,0.001,-75.87540399199914,False
2026-04-29 01:21:36.576268+00:00,sell,76277.90000000001,0.001,-0.001,0.0038138950000000007,0.07865728525846412,76273.505,0.0,0.398682113000881,False
2026-04-29 01:21:40.417999+00:00,sell,76274.77,0.001,-0.001,0.0038137385000000007,0.07880001686026067,76270.38500000001,-0.001,76.66963837450089,False
2026-04-29 01:21:41.701337+00:00,sell,76274.77,0.001,-0.001,0.0038137385000000007,0.07880001686026067,76270.38500000001,-0.002,152.94059463600087,False
2026-04-29 01:21:42.984650+00:00,sell,76274.77,0.001,-0.001,0.0038137385000000007,0.07880001686026067,76270.38500000001,-0.003,229.21155089750084,False
2026-04-29 01:21:58.500439+00:00,sell,76246.58,0.001,-0.001,0.0038123290000000006,0.07851481218846697,76242.17499999999,-0.004,305.4543185685008,False
2026-04-29 01:21:59.804913+00:00,sell,76246.57,0.001,-0.001,0.003812328500000001,0.07865728525825662,76242.17499999999,-0.005,381.69707624000085,False
2026-04-29 01:22:26.766549+00:00,buy,76248.38,0.001,0.001,0.0038124190000000005,0.07865728525867163,76252.775,-0.004,305.4448838210009,False
2026-04-29 01:22:51.111615+00:00,sell,76249.65000000001,0.001,-0.001,0.003812482500000001,0.07865728525846412,76245.255,-0.005,381.6907213385009,False
2026-04-29 01:22:58.816109+00:00,buy,76240.86,0.001,0.001,0.003812043,0.07865728525846412,76245.255,-0.004,305.4460492955009,False
2026-04-29 01:23:02.682123+00:00,buy,76240.86,0.001,0.001,0.003812043,0.07865728525846412,76245.255,-0.003,229.20137725250092,False
2026-04-29 01:23:02.682123+00:00,sell,76249.65000000001,0.001,-0.001,0.003812482500000001,0.07865728525846412,76245.255,-0.004,305.4472147700009,False
2026-04-29 01:23:16.754684+00:00,sell,76237.51,0.001,-0.001,0.0038118755,0.07865728525846412,76233.11499999999,-0.005,381.6809128945009,False
2026-04-29 01:23:29.530169+00:00,buy,76237.79000000001,0.001,0.001,0.0038118895000000008,0.07880001686046857,76242.17499999999,-0.004,305.4393110050009,False
2026-04-29 01:23:35.995942+00:00,sell,76257.16,0.001,-0.001,0.0038128580000000006,0.07865728525846412,76252.765,-0.005,381.6926581470009,False
2026-04-29 01:23:44.974667+00:00,buy,76248.37,0.001,0.001,0.0038124185000000003,0.07865728525846412,76252.765,-0.004,305.44047572850087,False
2026-04-29 01:24:01.643830+00:00,sell,76264.21,0.001,-0.001,0.0038132105000000006,0.07880001686026067,76259.82500000001,-0.005,381.70087251800084,False
2026-04-29 01:24:33.726727+00:00,sell,76253.72,0.001,-0.001,0.0038126860000000005,0.07851481218867412,76249.315,-0.006,457.9507798320008,False
2026-04-29 01:25:09.698713+00:00,sell,76265.3,0.001,-0.001,0.0038132650000000006,0.07880001686026067,76260.91500000001,-0.007,534.2122665670008,False
2026-04-29 01:25:10.976954+00:00,sell,76260.07,0.001,-0.001,0.0038130035000000007,0.07865728525825662,76255.67499999999,-0.008,610.4685235635009,False
2026-04-29 01:25:22.485790+00:00,sell,76254.29000000001,0.001,-0.001,0.0038127145000000006,0.07865728525825662,76249.89499999999,-0.009000000000000001,686.7190008490008,False
2026-04-29 01:25:25.056628+00:00,sell,76254.28,0.001,-0.001,0.0038127140000000005,0.0788000168600528,76249.89499999999,-0.010000000000000002,762.9694681350009,False
2026-04-29 01:25:37.840278+00:00,buy,76239.29000000001,0.001,0.001,0.0038119645000000008,0.07880001686046857,76243.67499999999,-0.009000000000000001,686.7263661705009,False
2026-04-29 01:25:48.073020+00:00,sell,76248.08,0.001,-0.001,0.0038124040000000006,0.07851481218846697,76243.67499999999,-0.010000000000000002,762.9706337665009,False
2026-04-29 01:26:03.523608+00:00,buy,76242.87,0.001,0.001,0.0038121435,0.0788000168600528,76247.255,-0.009000000000000001,686.7239516230009,False
2026-04-29 01:27:06.393223+00:00,sell,76266.13,0.001,-0.001,0.0038133065000000004,0.07865728525846412,76261.735,-0.010000000000000002,762.9862683165009,False
2026-04-29 01:27:14.179461+00:00,buy,76257.35,0.001,0.001,0.0038128675000000008,0.07880001686026067,76261.735,-0.009000000000000001,686.7251054490009,False
2026-04-29 01:27:16.752366+00:00,buy,76257.35,0.001,0.001,0.0038128675000000008,0.07880001686026067,76261.735,-0.008,610.463942581501,False
2026-04-29 01:27:52.672514+00:00,buy,76263.23,0.001,0.001,0.0038131615,0.07880001686026067,76267.61499999999,-0.007,534.1968994200009,False
2026-04-29 01:27:59.106953+00:00,sell,76272.01,0.001,-0.001,0.0038136005,0.07865728525846412,76267.61499999999,-0.008,610.4650958195009,False
2026-04-29 01:28:02.955608+00:00,sell,76272.0,0.001,-0.001,0.0038136000000000003,0.0788000168600528,76267.61499999999,-0.009000000000000001,686.733282219501,False
2026-04-29 01:28:58.219038+00:00,buy,76252.87,0.001,0.001,0.0038126435000000003,0.07865728525846412,76257.265,-0.008,610.4765995760009,False
2026-04-29 01:29:07.169003+00:00,buy,76252.87,0.001,0.001,0.0038126435000000003,0.07865728525846412,76257.265,-0.007,534.2199169325008,False
2026-04-29 01:29:12.322226+00:00,sell,76261.67,0.001,-0.001,0.0038130835000000003,0.07851481218867412,76257.265,-0.008,610.4777738490009,False
2026-04-29 01:29:13.596517+00:00,sell,76260.93000000001,0.001,-0.001,0.0038130465000000007,0.0788000168600528,76256.545,-0.009000000000000001,686.7348908025009,False
2026-04-29 01:29:30.288628+00:00,sell,76253.05,0.001,-0.001,0.0038126525000000003,0.07865728525846412,76248.655,-0.010000000000000002,762.984128150001,False
2026-04-29 01:32:36.067571+00:00,buy,76222.06,0.001,0.001,0.003811103,0.07865728525846412,76226.455,-0.009000000000000001,686.7582570470009,False
2026-04-29 01:32:38.620523+00:00,buy,76232.56,0.001,0.001,0.003811628,0.07865728525846412,76236.955,-0.008,610.5218854190009,False
2026-04-29 01:32:39.923353+00:00,buy,76232.57,0.001,0.001,0.0038116285000000007,0.07880001686026067,76236.955,-0.007,534.2855037905009,False
2026-04-29 01:33:01.067947+00:00,buy,76232.57,0.001,0.001,0.0038116285000000007,0.07880001686026067,76236.955,-0.006,458.0491221620009,False
2026-04-29 01:33:11.369222+00:00,sell,76255.68000000001,0.001,-0.001,0.003812784000000001,0.07865728525846412,76251.285,-0.007,534.3009893780008,False
2026-04-29 01:33:25.469099+00:00,buy,76246.89,0.001,0.001,0.0038123445000000002,0.07865728525846412,76251.285,-0.006,458.05028703350087,False
2026-04-29 01:33:47.334147+00:00,sell,76262.1,0.001,-0.001,0.0038131050000000007,0.07865728525846412,76257.705,-0.007,534.3085739285009,False
2026-04-29 01:33:48.622424+00:00,buy,76253.31,0.001,0.001,0.0038126655000000004,0.07865728525846412,76257.705,-0.006,458.0514512630009,False
2026-04-29 01:34:14.183556+00:00,buy,76261.52,0.001,0.001,0.0038130760000000007,0.07880001686026067,76265.905,-0.005,381.7861181870009,False
2026-04-29 01:35:47.979201+00:00,sell,76292.81,0.001,-0.001,0.0038146405000000004,0.0788000168600528,76288.42499999999,-0.006,458.07511354650086,False
2026-04-29 01:36:29.109776+00:00,buy,76305.61,0.001,0.001,0.0038152805000000005,0.07880001686026067,76309.995,-0.005,381.76568826600084,False
2026-04-29 01:36:32.993481+00:00,buy,76305.61,0.001,0.001,0.0038152805000000005,0.07880001686026067,76309.995,-0.004,305.4562629855008,False
2026-04-29 01:36:36.863996+00:00,buy,76310.94,0.001,0.001,0.0038155470000000003,0.07865728525867163,76315.33499999999,-0.003,229.1415074385008,False
2026-04-29 01:37:00.225412+00:00,sell,76317.28,0.001,-0.001,0.0038158640000000004,0.07865728525867163,76312.88500000001,-0.004,305.4549715745008,False
2026-04-29 01:37:27.140475+00:00,buy,76308.85,0.001,0.001,0.0038154425000000007,0.07865728525867163,76313.245,-0.003,229.14230613200078,False
2026-04-29 01:37:48.942316+00:00,sell,76317.64,0.001,-0.001,0.0038158820000000005,0.07865728525846412,76313.245,-0.004,305.45613025000074,False
2026-04-29 01:37:50.237961+00:00,buy,76308.85,0.001,0.001,0.0038154425000000007,0.07865728525867163,76313.245,-0.003,229.14346480750072,False
2026-04-29 01:37:51.525447+00:00,buy,76308.85,0.001,0.001,0.0038154425000000007,0.07865728525867163,76313.245,-0.002,152.8307993650007,False
2026-04-29 01:38:21.166906+00:00,sell,76344.75,0.001,-0.001,0.0038172375000000004,0.0788000168600528,76340.36499999999,-0.003,229.17173212750072,False
2026-04-29 01:38:50.709742+00:00,sell,76322.47,0.001,-0.001,0.0038161235000000004,0.07865728525867163,76318.07500000001,-0.004,305.49038600400075,False
2026-04-29 01:39:16.403784+00:00,sell,76313.2,0.001,-0.001,0.0038156600000000002,0.07880001686026067,76308.815,-0.005,381.79977034400076,False
2026-04-29 01:39:30.531930+00:00,sell,76310.78,0.001,-0.001,0.003815539,0.07865728525867163,76306.38500000001,-0.006,458.10673480500077,False
2026-04-29 01:39:36.930408+00:00,buy,76301.99,0.001,0.001,0.003815099500000001,0.07865728525846412,76306.38500000001,-0.005,381.8009297055008,False
2026-04-29 01:39:54.860047+00:00,buy,76305.61,0.001,0.001,0.0038152805000000005,0.07880001686026067,76309.995,-0.004,305.49150442500076,False
2026-04-29 01:39:56.133586+00:00,buy,76305.6,0.001,0.001,0.0038152800000000008,0.07865728525867163,76309.995,-0.003,229.18208914500073,False
2026-04-29 01:40:18.009946+00:00,buy,76317.12,0.001,0.001,0.0038158560000000003,0.07865728525846412,76321.515,-0.002,152.86115328900073,False
2026-04-29 01:40:19.283274+00:00,buy,76317.12,0.001,0.001,0.0038158560000000003,0.07865728525846412,76321.515,-0.001,76.54021743300072,False
2026-04-29 01:40:34.668771+00:00,buy,76317.13,0.001,0.001,0.0038158565000000005,0.07880001686026067,76321.515,0.0,0.219271576500714,False
2026-04-29 01:40:37.249613+00:00,buy,76327.57,0.001,0.001,0.0038163785000000006,0.07865728525867163,76331.965,0.001,-76.1121148019993,False
2026-04-29 01:40:38.545227+00:00,sell,76336.37,0.001,-0.001,0.0038168185,0.07851481218867412,76331.965,0.0,0.22043837950070502,False
2026-04-29 01:40:44.972163+00:00,buy,76327.57,0.001,0.001,0.0038163785000000006,0.07865728525867163,76331.965,0.001,-76.11094799899931,False
2026-04-29 01:40:47.564863+00:00,buy,76327.58,0.001,0.001,0.0038163790000000004,0.07880001686026067,76331.965,0.002,-152.4423443779993,False
2026-04-29 01:40:50.124912+00:00,buy,76327.58,0.001,0.001,0.0038163790000000004,0.07880001686026067,76331.965,0.003,-228.7737407569993,False
2026-04-29 01:41:10.674035+00:00,buy,76349.82,0.001,0.001,0.0038174910000000005,0.07880001686026067,76354.205,0.004,-305.12737824799933,False
2026-04-29 01:41:11.946220+00:00,buy,76349.82,0.001,0.001,0.0038174910000000005,0.07880001686026067,76354.205,0.005,-381.48101573899936,False
2026-04-29 01:41:14.513241+00:00,buy,76349.82,0.001,0.001,0.0038174910000000005,0.07880001686026067,76354.205,0.006,-457.8346532299994,False
2026-04-29 01:41:15.808031+00:00,buy,76349.82,0.001,0.001,0.0038174910000000005,0.07880001686026067,76354.205,0.007,-534.1882907209994,False
2026-04-29 01:41:20.942780+00:00,sell,76358.61,0.001,-0.001,0.0038179305000000004,0.07851481218867412,76354.205,0.006,-457.8334986514994,False
2026-04-29 01:41:29.967622+00:00,sell,76352.19,0.001,-0.001,0.0038176095000000006,0.07851481218867412,76347.785,0.005,-381.4851262609994,False
2026-04-29 01:42:02.028423+00:00,buy,76372.69,0.001,0.001,0.0038186345000000006,0.0788000168600528,76377.07500000001,0.006,-457.8616348954994,False
2026-04-29 01:42:20.033377+00:00,buy,76391.35,0.001,0.001,0.0038195675000000004,0.07865728525867163,76395.745,0.007,-534.2568044629994,False
2026-04-29 01:42:55.888342+00:00,buy,76397.39,0.001,0.001,0.0038198695,0.07880001686026067,76401.775,0.008,-610.6580143324994,False
2026-04-29 01:43:11.367765+00:00,sell,76403.43000000001,0.001,-0.001,0.003820171500000001,0.0788000168600528,76399.045,0.007,-534.2584045039995,False
2026-04-29 01:43:20.338533+00:00,sell,76400.14,0.001,-0.001,0.0038200070000000003,0.07880001686026067,76395.755,0.006,-457.86208451099947,False
2026-04-29 01:43:40.975285+00:00,buy,76391.36,0.001,0.001,0.003819568,0.07865728525846412,76395.755,0.007,-534.2572640789995,False
2026-04-29 01:43:44.892805+00:00,buy,76393.06,0.001,0.001,0.003819653,0.0788000168600528,76397.445,0.008,-610.6541437319995,False
2026-04-29 01:44:03.016110+00:00,buy,76398.89,0.001,0.001,0.0038199445,0.07880001686026067,76403.275,0.009000000000000001,-687.0568536764995,False
2026-04-29 01:44:17.087452+00:00,buy,76402.64,0.001,0.001,0.0038201320000000004,0.07880001686026067,76407.025,0.010000000000000002,-763.4633138084995,False
2026-04-29 01:45:18.800936+00:00,sell,76407.68000000001,0.001,-0.001,0.003820384000000001,0.07865728525846412,76403.285,0.009000000000000001,-687.0594541924995,False
2026-04-29 01:45:39.316739+00:00,sell,76400.14,0.001,-0.001,0.0038200070000000003,0.07865728525846412,76395.745,0.008,-610.6631341994995,False
2026-04-29 01:45:48.331235+00:00,sell,76400.14,0.001,-0.001,0.0038200070000000003,0.07865728525846412,76395.745,0.007,-534.2668142064995,False
2026-04-29 01:46:25.579830+00:00,buy,76391.35,0.001,0.001,0.0038195675000000004,0.07865728525867163,76395.745,0.008,-610.6619837739995,False
2026-04-29 01:46:34.587769+00:00,buy,76391.35,0.001,0.001,0.0038195675000000004,0.07865728525867163,76395.745,0.009000000000000001,-687.0571533414995,False
2026-04-29 01:46:38.448071+00:00,buy,76423.36,0.001,0.001,0.0038211680000000002,0.07880001686026067,76427.745,0.010000000000000002,-763.4843345094995,False
2026-04-29 01:46:52.695142+00:00,sell,76453.56,0.001,-0.001,0.0038226780000000004,0.07851481218867412,76449.155,0.009000000000000001,-687.0345971874995,False
2026-04-29 01:47:04.220589+00:00,buy,76444.77,0.001,0.001,0.0038222385000000005,0.07880001686026067,76449.155,0.010000000000000002,-763.4831894259995,False
2026-04-29 01:47:05.952430+00:00,sell,76453.56,0.001,-0.001,0.0038226780000000004,0.07851481218867412,76449.155,0.009000000000000001,-687.0334521039995,False
2026-04-29 01:47:23.896087+00:00,buy,76442.96,0.001,0.001,0.0038221480000000005,0.07865728525846412,76447.35500000001,0.010000000000000002,-763.4802342519995,False
2026-04-29 01:55:25.090386+00:00,sell,76559.49,0.001,-0.001,0.0038279745000000007,0.07865728525846412,76555.095,0.009000000000000001,-686.9245722264995,False
2026-04-29 01:55:40.511671+00:00,buy,76563.0,0.001,0.001,0.00382815,0.0788000168600528,76567.38500000001,0.010000000000000002,-763.4914003764995,False
2026-04-29 01:56:52.382774+00:00,sell,76583.05,0.001,-0.001,0.0038291525000000003,0.07865728525846412,76578.655,0.009000000000000001,-686.9121795289996,False
2026-04-29 01:57:18.086391+00:00,buy,76563.54000000001,0.001,0.001,0.0038281770000000007,0.07865728525867163,76567.935,0.010000000000000002,-763.4795477059995,False
2026-04-29 01:57:37.316984+00:00,sell,76585.82,0.001,-0.001,0.0038292910000000007,0.07865728525825662,76581.42499999999,0.009000000000000001,-686.8975569969995,False
2026-04-29 01:57:41.168499+00:00,buy,76577.03,0.001,0.001,0.0038288515000000005,0.07865728525867163,76581.42499999999,0.010000000000000002,-763.4784158484995,False
2026-04-29 01:57:47.633605+00:00,sell,76581.38,0.001,-0.001,0.0038290690000000005,0.0788000168600528,76576.995,0.009000000000000001,-686.9008649174995,False
2026-04-29 01:57:59.251463+00:00,sell,76577.64,0.001,-0.001,0.0038288820000000005,0.07880001686026067,76573.255,0.008,-610.3270537994995,False
2026-04-29 01:58:05.719824+00:00,sell,76572.49,0.001,-0.001,0.0038286245000000007,0.07880001686026067,76568.10500000001,0.007,-533.7583924239995,False
2026-04-29 01:58:10.848090+00:00,sell,76559.48,0.001,-0.001,0.003827974,0.07880001686026067,76555.095,0.006,-457.20274039799943,False
2026-04-29 01:58:17.249467+00:00,sell,76554.39,0.001,-0.001,0.0038277195000000004,0.07880001686026067,76550.005,0.005,-380.65217811749943,False
2026-04-29 01:58:23.706933+00:00,sell,76550.39,0.001,-0.001,0.0038275195000000003,0.07880001686026067,76546.005,0.004,-304.10561563699946,False
2026-04-29 01:58:42.111492+00:00,sell,76553.91,0.001,-0.001,0.0038276955000000005,0.07851481218867412,76549.505,0.003,-227.55553333249946,False
2026-04-29 01:58:57.501769+00:00,sell,76553.90000000001,0.001,-0.001,0.0038276950000000007,0.07865728525846412,76549.505,0.002,-151.00546102749948,False
2026-04-29 01:58:58.800339+00:00,buy,76545.11,0.001,0.001,0.0038272555000000005,0.07865728525846412,76549.505,0.003,-227.55439828299947,False
2026-04-29 01:59:09.104152+00:00,buy,76550.71,0.001,0.001,0.0038275355000000006,0.07880001686026067,76555.095,0.004,-304.1089358184995,False
2026-04-29 01:59:12.942431+00:00,buy,76550.7,0.001,0.001,0.0038275350000000004,0.07865728525846412,76555.095,0.005,-380.66346335349954,False
2026-04-29 01:59:19.397445+00:00,buy,76550.7,0.001,0.001,0.0038275350000000004,0.07865728525846412,76555.095,0.006,-457.21799088849957,False
2026-04-29 01:59:29.678881+00:00,buy,76550.7,0.001,0.001,0.0038275350000000004,0.07865728525846412,76555.095,0.007,-533.7725184234996,False
2026-04-29 01:59:29.678881+00:00,sell,76559.5,0.001,-0.001,0.0038279750000000004,0.07851481218867412,76555.095,0.006,-457.21684639849957,False
2026-04-29 01:59:47.809112+00:00,buy,76557.66,0.001,0.001,0.0038278830000000007,0.07865728525867163,76562.055,0.007,-533.7783342814996,False
2026-04-29 01:59:50.401793+00:00,sell,76566.46,0.001,-0.001,0.0038283230000000007,0.07851481218846697,76562.055,0.006,-457.2157026044996,False
2026-04-29 02:00:01.833045+00:00,buy,76578.57,0.001,0.001,0.0038289285000000007,0.07865728525867163,76582.965,0.007,-533.7981015329996,False
2026-04-29 02:00:20.949798+00:00,buy,76590.99,0.001,0.001,0.0038295495000000004,0.07880001686026067,76595.375,0.008,-610.3929210824996,False
2026-04-29 02:00:55.542135+00:00,buy,76605.91,0.001,0.001,0.0038302955000000007,0.07865728525867163,76610.305,0.009000000000000001,-687.0026613779996,False
2026-04-29 02:00:56.817790+00:00,sell,76614.7,0.001,-0.001,0.003830735,0.07865728525846412,76610.305,0.008,-610.3917921129996,False
2026-04-29 02:03:55.333874+00:00,sell,76525.25,0.001,-0.001,0.0038262625,0.07865728525867163,76520.85500000001,0.007,-533.8703683754995,False
2026-04-29 02:03:56.624998+00:00,sell,76525.25,0.001,-0.001,0.0038262625,0.07865728525867163,76520.85500000001,0.006,-457.3489446379995,False
2026-04-29 02:04:04.399390+00:00,buy,76520.48,0.001,0.001,0.003826024,0.07865728525846412,76524.875,0.007,-533.8732506619995,False
2026-04-29 02:04:37.731120+00:00,buy,76541.37,0.001,0.001,0.0038270685,0.07851481218867412,76545.775,0.008,-610.4184477304995,False
2026-04-29 02:04:44.141195+00:00,sell,76550.16,0.001,-0.001,0.0038275080000000003,0.0788000168600528,76545.775,0.007,-533.8721152384994,False
2026-04-29 02:04:50.652912+00:00,sell,76550.16,0.001,-0.001,0.0038275080000000003,0.0788000168600528,76545.775,0.006,-457.3257827464994,False
2026-04-29 02:04:53.213389+00:00,sell,76550.16,0.001,-0.001,0.0038275080000000003,0.0788000168600528,76545.775,0.005,-380.77945025449935,False
2026-04-29 02:05:16.345971+00:00,sell,76540.48,0.001,-0.001,0.003827024,0.07851481218888125,76536.07500000001,0.004,-304.2427972784993,False
2026-04-29 02:05:25.299239+00:00,buy,76540.65000000001,0.001,0.001,0.0038270325000000008,0.07865728525867163,76545.045,0.005,-380.78727431099935,False
2026-04-29 02:05:41.849290+00:00,buy,76544.11,0.001,0.001,0.0038272055000000004,0.07865728525846412,76548.505,0.006,-457.3352115164993,False
2026-04-29 02:05:44.474974+00:00,buy,76544.12,0.001,0.001,0.003827206,0.0788000168600528,76548.505,0.007,-533.8831587224993,False
2026-04-29 02:05:52.161077+00:00,sell,76546.46,0.001,-0.001,0.0038273230000000005,0.07880001686026067,76542.07500000001,0.006,-457.34052604549925,False
2026-04-29 02:05:57.315224+00:00,sell,76546.46,0.001,-0.001,0.0038273230000000005,0.07880001686026067,76542.07500000001,0.005,-380.7978933684992,False
2026-04-29 02:05:59.877346+00:00,buy,76537.68000000001,0.001,0.001,0.003826884000000001,0.07865728525846412,76542.07500000001,0.006,-457.3394002524992,False
2026-04-29 02:06:06.261342+00:00,sell,76546.47,0.001,-0.001,0.0038273235000000003,0.07865728525867163,76542.07500000001,0.005,-380.7967575759992,False
2026-04-29 02:06:16.513532+00:00,buy,76537.68000000001,0.001,0.001,0.003826884000000001,0.07865728525846412,76542.07500000001,0.006,-457.3382644599992,False
2026-04-29 02:06:35.778806+00:00,buy,76562.39,0.001,0.001,0.0038281195000000002,0.07880001686026067,76566.775,0.007,-533.9044825794992,False
2026-04-29 02:06:45.990056+00:00,buy,76567.44,0.001,0.001,0.0038283720000000005,0.07865728525867163,76571.83499999999,0.008,-610.4757509514993,False
2026-04-29 02:06:49.841833+00:00,buy,76570.86,0.001,0.001,0.0038285430000000002,0.07865728525846412,76575.255,0.009000000000000001,-687.0504394944994,False
2026-04-29 02:07:10.465168+00:00,buy,76582.98,0.001,0.001,0.003829149,0.07865728525846412,76587.375,0.010000000000000002,-763.6372486434994,False
2026-04-29 02:07:32.469886+00:00,sell,76604.39,0.001,-0.001,0.0038302195000000003,0.07865728525846412,76599.995,0.009000000000000001,-687.0366888629994,False
2026-04-29 02:07:43.991860+00:00,sell,76611.03,0.001,-0.001,0.0038305515000000004,0.07865728525867163,76606.63500000001,0.008,-610.4294894144994,False
2026-04-29 02:07:45.274588+00:00,sell,76611.03,0.001,-0.001,0.0038305515000000004,0.07865728525867163,76606.63500000001,0.007,-533.8222899659993,False
2026-04-29 02:07:56.738556+00:00,buy,76602.24,0.001,0.001,0.0038301120000000005,0.07865728525846412,76606.63500000001,0.008,-610.4283600779993,False
2026-04-29 02:07:56.738556+00:00,sell,76611.03,0.001,-0.001,0.0038305515000000004,0.07865728525867163,76606.63500000001,0.007,-533.8211606294992,False
2026-04-29 02:08:00.588533+00:00,sell,76611.03,0.001,-0.001,0.0038305515000000004,0.07865728525867163,76606.63500000001,0.006,-457.2139611809992,False
2026-04-29 02:08:03.157277+00:00,sell,76611.03,0.001,-0.001,0.0038305515000000004,0.07865728525867163,76606.63500000001,0.005,-380.60676173249925,False
2026-04-29 02:08:12.133428+00:00,buy,76606.07,0.001,0.001,0.003830303500000001,0.07865728525867163,76610.465,0.006,-457.21666203599926,False
2026-04-29 02:08:15.958227+00:00,sell,76614.86,0.001,-0.001,0.003830743,0.07865728525846412,76610.465,0.005,-380.6056327789992,False
2026-04-29 02:08:33.885935+00:00,buy,76621.97,0.001,0.001,0.0038310985000000004,0.07865728525867163,76626.36499999999,0.006,-457.23143387749917,False
2026-04-29 02:08:35.153416+00:00,buy,76621.97,0.001,0.001,0.0038310985000000004,0.07865728525867163,76626.36499999999,0.007,-533.8572349759992,False
2026-04-29 02:08:39.005510+00:00,buy,76621.97,0.001,0.001,0.0038310985000000004,0.07865728525867163,76626.36499999999,0.008,-610.4830360744992,False
2026-04-29 02:08:40.283548+00:00,sell,76630.76,0.001,-0.001,0.0038315380000000002,0.07865728525846412,76626.36499999999,0.007,-533.8561076124992,False
2026-04-29 02:09:09.801852+00:00,sell,76615.41,0.001,-0.001,0.0038307705000000004,0.07865728525846412,76611.015,0.006,-457.24452838299914,False
2026-04-29 02:09:11.088495+00:00,sell,76608.63,0.001,-0.001,0.0038304315000000006,0.0788000168600528,76604.245,0.005,-380.6397288144991,False
2026-04-29 02:09:34.139167+00:00,sell,76594.78,0.001,-0.001,0.0038297390000000004,0.07865728525867163,76590.38500000001,0.004,-304.0487785534991,False
2026-04-29 02:09:45.700066+00:00,buy,76585.99,0.001,0.001,0.0038292995000000006,0.07865728525846412,76590.38500000001,0.005,-380.63859785299917,False
2026-04-29 02:10:02.438522+00:00,sell,76594.82,0.001,-0.001,0.0038297410000000007,0.07865728525825662,76590.42499999999,0.004,-304.04760759399915,False
2026-04-29 02:10:03.713548+00:00,sell,76594.82,0.001,-0.001,0.0038297410000000007,0.07865728525825662,76590.42499999999,0.003,-227.45661733499912,False
2026-04-29 02:10:22.958846+00:00,sell,76586.39,0.001,-0.001,0.0038293195000000005,0.07880001686026067,76582.005,0.002,-150.87405665449913,False
2026-04-29 02:10:30.698913+00:00,sell,76594.68000000001,0.001,-0.001,0.003829734000000001,0.07851481218846697,76590.275,0.001,-74.28320638849912,False
2026-04-29 02:10:49.947263+00:00,buy,76580.40000000001,0.001,0.001,0.0038290200000000007,0.07851481218888125,76584.805,0.002,-150.86743540849915,False
2026-04-29 02:10:52.520612+00:00,sell,76589.2,0.001,-0.001,0.0038294600000000002,0.07865728525846412,76584.805,0.001,-74.28206486849915,False
2026-04-29 02:10:55.070006+00:00,sell,76589.19,0.001,-0.001,0.0038294595000000005,0.0788000168600528,76584.805,0.0,2.303295672000854,False
2026-04-29 02:10:56.331173+00:00,sell,76589.19,0.001,-0.001,0.0038294595000000005,0.0788000168600528,76584.805,-0.001,78.88865621250086,False
2026-04-29 02:11:01.511918+00:00,sell,76589.2,0.001,-0.001,0.0038294600000000002,0.07865728525846412,76584.805,-0.002,155.47402675250086,False
2026-04-29 02:11:02.785250+00:00,sell,76589.2,0.001,-0.001,0.0038294600000000002,0.07865728525846412,76584.805,-0.003,232.05939729250088,False
2026-04-29 02:11:09.225480+00:00,sell,76589.18000000001,0.001,-0.001,0.0038294590000000008,0.0788000168600528,76584.795,-0.004,308.6447478335009,False
2026-04-29 02:12:47.321513+00:00,sell,76556.8,0.001,-0.001,0.0038278400000000003,0.07880001686026067,76552.41500000001,-0.005,385.1977199935009,False
2026-04-29 02:13:09.137035+00:00,sell,76556.81,0.001,-0.001,0.0038278405,0.07865728525867163,76552.41500000001,-0.006,461.75070215300093,False
2026-04-29 02:13:14.237920+00:00,sell,76556.81,0.001,-0.001,0.0038278405,0.07865728525867163,76552.41500000001,-0.007,538.303684312501,False
2026-04-29 02:13:24.444496+00:00,buy,76548.02,0.001,0.001,0.0038274010000000007,0.07865728525846412,76552.41500000001,-0.006,461.75183691150096,False
2026-04-29 02:14:09.516693+00:00,buy,76540.40000000001,0.001,0.001,0.003827020000000001,0.07865728525867163,76544.795,-0.005,385.20760989150097,False
2026-04-29 02:14:22.355277+00:00,buy,76543.93000000001,0.001,0.001,0.0038271965000000008,0.07880001686026067,76548.315,-0.004,308.65985269500095,False
2026-04-29 02:14:31.287541+00:00,buy,76543.93000000001,0.001,0.001,0.0038271965000000008,0.07880001686026067,76548.315,-0.003,232.11209549850096,False
2026-04-29 02:14:40.330415+00:00,buy,76543.92,0.001,0.001,0.003827196,0.07865728525846412,76548.315,-0.002,155.56434830250097,False
2026-04-29 02:14:41.603118+00:00,buy,76543.92,0.001,0.001,0.003827196,0.07865728525846412,76548.315,-0.001,79.01660110650097,False
2026-04-29 02:14:57.041065+00:00,buy,76543.92,0.001,0.001,0.003827196,0.07865728525846412,76548.315,0.0,2.4688539105009712,False
2026-04-29 02:15:03.450481+00:00,buy,76543.92,0.001,0.001,0.003827196,0.07865728525846412,76548.315,0.001,-74.07889328549903,False
2026-04-29 02:15:07.251788+00:00,sell,76552.7,0.001,-0.001,0.0038276350000000002,0.07880001686026067,76548.315,0.0,2.4699790795009666,False
2026-04-29 02:15:20.116960+00:00,buy,76543.92,0.001,0.001,0.003827196,0.07865728525846412,76548.315,0.001,-74.07776811649903,False
2026-04-29 02:15:26.578601+00:00,buy,76543.92,0.001,0.001,0.003827196,0.07865728525846412,76548.315,0.002,-150.62551531249903,False
2026-04-29 02:15:48.329155+00:00,buy,76543.91,0.001,0.001,0.0038271955000000004,0.07851481218867412,76548.315,0.003,-227.17325250799905,False
2026-04-29 02:16:01.149978+00:00,sell,76552.69,0.001,-0.001,0.0038276345000000005,0.0788000168600528,76548.305,0.002,-150.62439014249907,False
2026-04-29 02:16:12.682249+00:00,sell,76546.46,0.001,-0.001,0.0038273230000000005,0.07880001686026067,76542.07500000001,0.001,-74.08175746549905,False
2026-04-29 02:16:25.517346+00:00,buy,76537.66,0.001,0.001,0.0038268830000000005,0.07865728525867163,76542.055,0.002,-150.62324434849904,False
2026-04-29 02:16:26.783252+00:00,buy,76537.66,0.001,0.001,0.0038268830000000005,0.07865728525867163,76542.055,0.003,-227.16473123149905,False
2026-04-29 02:16:33.251912+00:00,sell,76544.49,0.001,-0.001,0.0038272245000000008,0.07880001686026067,76540.10500000001,0.002,-150.62406845599904,False
2026-04-29 02:16:44.852237+00:00,sell,76517.03,0.001,-0.001,0.0038258515,0.0788000168600528,76512.64499999999,0.001,-74.11086430749903,False
2026-04-29 02:16:51.280412+00:00,buy,76508.25,0.001,0.001,0.0038254125000000004,0.07865728525867163,76512.64499999999,0.002,-150.62293971999904,False
2026-04-29 02:16:51.280412+00:00,sell,76517.04000000001,0.001,-0.001,0.0038258520000000007,0.07865728525825662,76512.64499999999,0.001,-74.10972557199904,False
2026-04-29 02:17:15.729775+00:00,buy,76510.15000000001,0.001,0.001,0.0038255075000000007,0.07865728525867163,76514.545,0.002,-150.62370107949906,False
2026-04-29 02:17:23.463495+00:00,sell,76518.95,0.001,-0.001,0.0038259475000000003,0.07851481218867412,76514.545,0.001,-74.10857702699906,False
2026-04-29 02:17:52.947414+00:00,sell,76549.26,0.001,-0.001,0.003827463,0.07865728525846412,76544.86499999999,0.0,2.436855510000932,False
2026-04-29 02:17:59.332072+00:00,sell,76549.26,0.001,-0.001,0.003827463,0.07865728525846412,76544.86499999999,-0.001,78.98228804700094,False
2026-04-29 02:18:03.162457+00:00,sell,76549.26,0.001,-0.001,0.003827463,0.07865728525846412,76544.86499999999,-0.002,155.52772058400092,False
2026-04-29 02:18:04.426015+00:00,buy,76540.47,0.001,0.001,0.0038270235000000003,0.07865728525867163,76544.86499999999,-0.001,78.98342356050092,False
2026-04-29 02:18:08.274256+00:00,sell,76549.26,0.001,-0.001,0.003827463,0.07865728525846412,76544.86499999999,-0.002,155.52885609750092,False
2026-04-29 02:18:17.279849+00:00,sell,76542.08,0.001,-0.001,0.0038271040000000004,0.07880001686026067,76537.695,-0.003,232.0671089935009,False
2026-04-29 02:18:37.792763+00:00,buy,76534.97,0.001,0.001,0.0038267485,0.07865728525867163,76539.36499999999,-0.002,155.5283122450009,False
2026-04-29 02:19:21.464985+00:00,sell,76550.08,0.001,-0.001,0.0038275040000000002,0.07865728525846412,76545.685,-0.003,232.07456474100093,False
2026-04-29 02:19:25.305780+00:00,buy,76546.95,0.001,0.001,0.0038273475,0.07865728525846412,76551.345,-0.002,155.52378739350095,False
2026-04-29 02:19:35.556931+00:00,sell,76555.73,0.001,-0.001,0.0038277865000000003,0.07880001686026067,76551.345,-0.003,232.07568960700095,False
2026-04-29 02:21:15.655465+00:00,sell,76525.76,0.001,-0.001,0.003826288,0.07865728525846412,76521.36499999999,-0.004,308.59762331900095,False
2026-04-29 02:21:27.168001+00:00,sell,76525.75,0.001,-0.001,0.0038262875000000004,0.0788000168600528,76521.36499999999,-0.005,385.119547031501,False
2026-04-29 02:21:29.719378+00:00,sell,76525.76,0.001,-0.001,0.003826288,0.07865728525846412,76521.36499999999,-0.006,461.64148074350095,False
2026-04-29 02:21:37.417136+00:00,sell,76525.76,0.001,-0.001,0.003826288,0.07865728525846412,76521.36499999999,-0.007,538.163414455501,False
2026-04-29 02:21:41.287133+00:00,buy,76516.97,0.001,0.001,0.0038258485000000004,0.07865728525867163,76521.36499999999,-0.006,461.64261860700094,False
2026-04-29 02:22:27.646414+00:00,sell,76534.37,0.001,-0.001,0.0038267185,0.07880001686026067,76529.985,-0.007,538.1731618885009,False
2026-04-29 02:23:15.189805+00:00,sell,76504.40000000001,0.001,-0.001,0.0038252200000000007,0.07865728525846412,76500.005,-0.008,614.673736668501,False
2026-04-29 02:23:30.562540+00:00,sell,76499.88,0.001,-0.001,0.0038249940000000004,0.0788000168600528,76495.495,-0.009000000000000001,691.169791674501,False
2026-04-29 02:23:31.846861+00:00,sell,76499.88,0.001,-0.001,0.0038249940000000004,0.0788000168600528,76495.495,-0.010000000000000002,767.665846680501,False
2026-04-29 02:23:42.148147+00:00,buy,76489.08,0.001,0.001,0.0038244540000000006,0.07865728525846412,76493.475,-0.009000000000000001,691.172942226501,False
2026-04-29 02:23:54.955333+00:00,sell,76504.35,0.001,-0.001,0.0038252175000000007,0.07865728525846412,76499.955,-0.010000000000000002,767.6734670090011,False
2026-04-29 02:23:56.243936+00:00,buy,76495.56,0.001,0.001,0.003824778,0.07865728525846412,76499.955,-0.009000000000000001,691.1740822310012,False
2026-04-29 02:23:57.511576+00:00,sell,76504.35,0.001,-0.001,0.0038252175000000007,0.07865728525846412,76499.955,-0.010000000000000002,767.6746070135013,False
2026-04-29 02:24:29.687955+00:00,buy,76482.38,0.001,0.001,0.0038241190000000004,0.07865728525867163,76486.775,-0.009000000000000001,691.1884028945012,False
2026-04-29 02:24:33.548650+00:00,buy,76482.38,0.001,0.001,0.0038241190000000004,0.07865728525867163,76486.775,-0.008,614.7021987755012,False
2026-04-29 02:24:33.548650+00:00,sell,76491.17,0.001,-0.001,0.0038245585,0.07865728525846412,76486.775,-0.009000000000000001,691.1895442170012,False
2026-04-29 02:24:41.275700+00:00,sell,76491.17,0.001,-0.001,0.0038245585,0.07865728525846412,76486.775,-0.010000000000000002,767.6768896585012,False
2026-04-29 02:25:31.411917+00:00,buy,76504.14,0.001,0.001,0.003825207,0.07880001686026067,76508.525,-0.009000000000000001,691.1689244515012,False
2026-04-29 02:25:33.988847+00:00,buy,76504.13,0.001,0.001,0.0038252065000000004,0.07865728525867163,76508.525,-0.008,614.6609692450012,False
2026-04-29 02:26:15.106992+00:00,sell,76512.92,0.001,-0.001,0.0038256460000000003,0.07865728525846412,76508.525,-0.009000000000000001,691.1700635990012,False
2026-04-29 02:26:17.672099+00:00,sell,76512.92,0.001,-0.001,0.0038256460000000003,0.07865728525846412,76508.525,-0.010000000000000002,767.6791579530012,False
2026-04-29 02:26:20.237242+00:00,buy,76504.13,0.001,0.001,0.0038252065000000004,0.07865728525867163,76508.525,-0.009000000000000001,691.1712027465012,False
2026-04-29 02:26:33.103904+00:00,sell,76505.90000000001,0.001,-0.001,0.0038252950000000007,0.0788000168600528,76501.515,-0.010000000000000002,767.6732774515012,False
2026-04-29 02:28:09.332041+00:00,buy,76470.39,0.001,0.001,0.0038235195000000002,0.07865728525846412,76474.785,-0.009000000000000001,691.1990639320013,False
2026-04-29 02:28:13.165995+00:00,sell,76479.18000000001,0.001,-0.001,0.003823959000000001,0.07865728525846412,76474.785,-0.010000000000000002,767.6744199730014,False
2026-04-29 02:28:24.784577+00:00,buy,76470.39,0.001,0.001,0.0038235195000000002,0.07865728525846412,76474.785,-0.009000000000000001,691.2002064535014,False
2026-04-29 02:28:37.700459+00:00,buy,76470.39,0.001,0.001,0.0038235195000000002,0.07865728525846412,76474.785,-0.008,614.7259929340015,False
2026-04-29 02:28:40.257853+00:00,sell,76479.18000000001,0.001,-0.001,0.003823959000000001,0.07865728525846412,76474.785,-0.009000000000000001,691.2013489750016,False
2026-04-29 02:28:47.976926+00:00,sell,76479.16,0.001,-0.001,0.0038239580000000006,0.0788000168600528,76474.775,-0.010000000000000002,767.6766850170015,False
2026-04-29 02:29:39.331526+00:00,buy,76456.56,0.001,0.001,0.0038228280000000003,0.07851481218867412,76460.965,-0.009000000000000001,691.2163021890016,False
2026-04-29 02:30:01.210874+00:00,sell,76465.36,0.001,-0.001,0.0038232680000000003,0.07865728525846412,76460.965,-0.010000000000000002,767.6778389210016,False
2026-04-29 02:30:06.308897+00:00,buy,76456.57,0.001,0.001,0.0038228285000000005,0.07865728525867163,76460.965,-0.009000000000000001,691.2174460925015,False
2026-04-29 02:30:08.913739+00:00,sell,76465.37,0.001,-0.001,0.0038232685,0.07851481218867412,76460.965,-0.010000000000000002,767.6789928240015,False
2026-04-29 02:30:11.475852+00:00,buy,76464.22,0.001,0.001,0.0038232110000000004,0.07865728525867163,76468.61499999999,-0.009000000000000001,691.2109496130015,False
2026-04-29 02:30:17.883031+00:00,buy,76464.22,0.001,0.001,0.0038232110000000004,0.07865728525867163,76468.61499999999,-0.008,614.7429064020015,False
2026-04-29 02:33:05.413561+00:00,buy,76427.46,0.001,0.001,0.0038213730000000007,0.07865728525846412,76431.85500000001,-0.007,538.3116250290014,False
2026-04-29 02:33:23.500324+00:00,buy,76429.84,0.001,0.001,0.003821492,0.0788000168600528,76434.225,-0.006,461.87796353700145,False
2026-04-29 02:33:24.768137+00:00,buy,76429.84,0.001,0.001,0.003821492,0.0788000168600528,76434.225,-0.005,385.44430204500145,False
2026-04-29 02:33:53.029813+00:00,buy,76431.55,0.001,0.001,0.0038215775000000007,0.07865728525846412,76435.945,-0.004,309.00893046750144,False
2026-04-29 02:34:01.996146+00:00,buy,76431.55,0.001,0.001,0.0038215775000000007,0.07865728525846412,76435.945,-0.003,232.57355889000144,False
2026-04-29 02:34:42.964940+00:00,buy,76440.48,0.001,0.001,0.0038220240000000003,0.07865728525846412,76444.875,-0.002,156.12925686600147,False
2026-04-29 02:34:45.522247+00:00,sell,76449.27,0.001,-0.001,0.0038224635000000005,0.07865728525846412,76444.875,-0.003,232.57470440250148,False
2026-04-29 02:34:48.083223+00:00,sell,76449.27,0.001,-0.001,0.0038224635000000005,0.07865728525846412,76444.875,-0.004,309.0201519390015,False
2026-04-29 02:34:57.025631+00:00,sell,76449.27,0.001,-0.001,0.0038224635000000005,0.07865728525846412,76444.875,-0.005,385.4655994755015,False
2026-04-29 02:35:29.060449+00:00,buy,76439.01,0.001,0.001,0.0038219505,0.07880001686026067,76443.39499999999,-0.004,309.0227675250015,False
2026-04-29 02:35:41.839885+00:00,buy,76439.01,0.001,0.001,0.0038219505,0.07880001686026067,76443.39499999999,-0.003,232.5799355745015,False
2026-04-29 02:35:58.529963+00:00,buy,76429.85,0.001,0.001,0.0038214925000000007,0.07865728525867163,76434.245,-0.002,156.14626408200147,False
2026-04-29 02:36:01.095296+00:00,buy,76429.85,0.001,0.001,0.0038214925000000007,0.07865728525867163,76434.245,-0.001,79.71259258950147,False
2026-04-29 02:36:15.208432+00:00,buy,76429.85,0.001,0.001,0.0038214925000000007,0.07865728525867163,76434.245,0.0,3.278921097001467,False
2026-04-29 02:36:16.546789+00:00,buy,76429.85,0.001,0.001,0.0038214925000000007,0.07865728525867163,76434.245,0.001,-73.15475039549852,False
2026-04-29 02:36:25.527434+00:00,buy,76429.85,0.001,0.001,0.0038214925000000007,0.07865728525867163,76434.245,0.002,-149.58842188799852,False
2026-04-29 02:36:42.210505+00:00,buy,76441.51,0.001,0.001,0.0038220755,0.07865728525846412,76445.905,0.003,-226.03375396349853,False
2026-04-29 02:36:51.191559+00:00,buy,76441.51,0.001,0.001,0.0038220755,0.07865728525846412,76445.905,0.004,-302.4790860389985,False
2026-04-29 02:36:52.497725+00:00,buy,76441.51,0.001,0.001,0.0038220755,0.07865728525846412,76445.905,0.005,-378.9244181144985,False
2026-04-29 02:37:02.717356+00:00,sell,76450.3,0.001,-0.001,0.0038225150000000003,0.07865728525846412,76445.905,0.004,-302.47794062949856,False
2026-04-29 02:37:11.673405+00:00,sell,76450.3,0.001,-0.001,0.0038225150000000003,0.07865728525846412,76445.905,0.003,-226.03146314449856,False
2026-04-29 02:37:12.959600+00:00,sell,76450.3,0.001,-0.001,0.0038225150000000003,0.07865728525846412,76445.905,0.002,-149.58498565949856,False
2026-04-29 02:37:34.889160+00:00,buy,76438.87,0.001,0.001,0.0038219435,0.07865728525846412,76443.265,0.003,-226.02767760299855,False
2026-04-29 02:37:40.014949+00:00,sell,76447.67,0.001,-0.001,0.0038223835,0.07851481218867412,76443.265,0.002,-149.58382998649853,False
2026-04-29 02:37:41.284503+00:00,sell,76447.67,0.001,-0.001,0.0038223835,0.07851481218867412,76443.265,0.001,-73.13998236999852,False
2026-04-29 02:37:45.155238+00:00,buy,76438.87,0.001,0.001,0.0038219435,0.07865728525846412,76443.265,0.002,-149.5826743134985,False
2026-04-29 02:37:46.446623+00:00,buy,76438.87,0.001,0.001,0.0038219435,0.07865728525846412,76443.265,0.003,-226.0253662569985,False
2026-04-29 02:38:06.557201+00:00,buy,76438.87,0.001,0.001,0.0038219435,0.07865728525846412,76443.265,0.004,-302.4680582004985,False
2026-04-29 02:38:22.470444+00:00,sell,76443.68000000001,0.001,-0.001,0.0038221840000000006,0.07865728525846412,76439.285,0.003,-226.02820038449846,False
2026-04-29 02:38:25.158923+00:00,buy,76434.89,0.001,0.001,0.0038217445000000004,0.07865728525846412,76439.285,0.004,-302.46691212899844,False
2026-04-29 02:38:29.139887+00:00,sell,76443.68000000001,0.001,-0.001,0.0038221840000000006,0.07865728525846412,76439.285,0.003,-226.02705431299842,False
2026-04-29 02:38:34.427041+00:00,sell,76443.67,0.001,-0.001,0.0038221835000000004,0.07880001686026067,76439.285,0.002,-149.58720649649842,False
2026-04-29 02:38:39.702961+00:00,buy,76434.89,0.001,0.001,0.0038217445000000004,0.07865728525846412,76439.285,0.003,-226.0259182409984,False
2026-04-29 02:38:45.078413+00:00,buy,76434.89,0.001,0.001,0.0038217445000000004,0.07865728525846412,76439.285,0.004,-302.4646299854984,False
2026-04-29 02:39:10.423481+00:00,sell,76443.68000000001,0.001,-0.001,0.0038221840000000006,0.07865728525846412,76439.285,0.003,-226.02477216949836,False
2026-04-29 02:39:14.467699+00:00,sell,76443.69,0.001,-0.001,0.0038221845000000003,0.07851481218867412,76439.285,0.002,-149.58490435399835,False
2026-04-29 02:39:45.300551+00:00,sell,76443.68000000001,0.001,-0.001,0.0038221840000000006,0.07865728525846412,76439.285,0.001,-73.14504653799834,False
2026-04-29 02:39:50.687820+00:00,buy,76434.89,0.001,0.001,0.0038217445000000004,0.07865728525846412,76439.285,0.002,-149.5837582824983,False
2026-04-29 02:40:21.766666+00:00,buy,76434.89,0.001,0.001,0.0038217445000000004,0.07865728525846412,76439.285,0.003,-226.0224700269983,False
2026-04-29 02:40:27.108541+00:00,buy,76434.89,0.001,0.001,0.0038217445000000004,0.07865728525846412,76439.285,0.004,-302.4611817714983,False
2026-04-29 02:40:29.747474+00:00,sell,76443.69,0.001,-0.001,0.0038221845000000003,0.07851481218867412,76439.285,0.003,-226.02131395599827,False
2026-04-29 02:41:00.570129+00:00,buy,76434.89,0.001,0.001,0.0038217445000000004,0.07865728525846412,76439.285,0.004,-302.46002570049825,False
2026-04-29 02:41:35.178034+00:00,sell,76452.13,0.001,-0.001,0.0038226065000000007,0.0788000168600528,76447.745,0.003,-226.01171830699823,False
2026-04-29 02:41:49.493258+00:00,sell,76452.14,0.001,-0.001,0.0038226070000000004,0.07865728525846412,76447.745,0.002,-149.5634009139982,False
2026-04-29 02:41:53.501396+00:00,buy,76443.35,0.001,0.001,0.0038221675000000006,0.07865728525867163,76447.745,0.003,-226.01057308149822,False
2026-04-29 02:41:56.145194+00:00,buy,76443.35,0.001,0.001,0.0038221675000000006,0.07865728525867163,76447.745,0.004,-302.45774524899826,False
2026-04-29 02:41:56.145194+00:00,sell,76452.14,0.001,-0.001,0.0038226070000000004,0.07865728525846412,76447.745,0.003,-226.00942785599827,False
2026-04-29 02:42:02.933101+00:00,sell,76452.14,0.001,-0.001,0.0038226070000000004,0.07865728525846412,76447.745,0.002,-149.56111046299824,False
2026-04-29 02:42:05.592625+00:00,sell,76452.14,0.001,-0.001,0.0038226070000000004,0.07865728525846412,76447.745,0.001,-73.11279306999825,False
2026-04-29 02:42:19.008534+00:00,buy,76443.35,0.001,0.001,0.0038221675000000006,0.07865728525867163,76447.745,0.002,-149.55996523749826,False
2026-04-29 02:42:37.634190+00:00,buy,76443.35,0.001,0.001,0.0038221675000000006,0.07865728525867163,76447.745,0.003,-226.00713740499828,False
2026-04-29 02:42:44.370502+00:00,sell,76452.14,0.001,-0.001,0.0038226070000000004,0.07865728525846412,76447.745,0.002,-149.55882001199828,False
2026-04-29 02:42:47.029957+00:00,sell,76452.14,0.001,-0.001,0.0038226070000000004,0.07865728525846412,76447.745,0.001,-73.11050261899828,False
2026-04-29 02:43:01.760231+00:00,buy,76443.34,0.001,0.001,0.003822167,0.07851481218867412,76447.745,0.002,-149.55766478599827,False
2026-04-29 02:43:12.523207+00:00,buy,76443.35,0.001,0.001,0.0038221675000000006,0.07865728525867163,76447.745,0.003,-226.00483695349828,False
2026-04-29 02:43:15.166735+00:00,buy,76443.35,0.001,0.001,0.0038221675000000006,0.07865728525867163,76447.745,0.004,-302.4520091209983,False
2026-04-29 02:43:28.629658+00:00,sell,76452.14,0.001,-0.001,0.0038226070000000004,0.07865728525846412,76447.745,0.003,-226.0036917279983,False
2026-04-29 02:43:35.379959+00:00,buy,76443.35,0.001,0.001,0.0038221675000000006,0.07865728525867163,76447.745,0.004,-302.45086389549834,False
2026-04-29 02:43:42.106349+00:00,sell,76452.14,0.001,-0.001,0.0038226070000000004,0.07865728525846412,76447.745,0.003,-226.00254650249835,False
2026-04-29 02:44:03.545341+00:00,buy,76450.89,0.001,0.001,0.0038225445000000004,0.07865728525846412,76455.285,0.004,-302.45725904699833,False
2026-04-29 02:44:39.563199+00:00,buy,76451.37,0.001,0.001,0.0038225685000000003,0.07865728525846412,76455.765,0.005,-378.91245161549836,False
2026-04-29 02:44:47.637257+00:00,buy,76451.37,0.001,0.001,0.0038225685000000003,0.07865728525846412,76455.765,0.006,-455.3676441839984,False
2026-04-29 02:44:57.058466+00:00,sell,76439.61,0.001,-0.001,0.0038219805,0.07865728525846412,76435.215,0.005,-378.93185616449836,False
2026-04-29 02:44:59.707454+00:00,buy,76430.81,0.001,0.001,0.0038215405,0.07851481218867412,76435.215,0.006,-455.36648770499835,False
2026-04-29 02:45:01.078337+00:00,sell,76438.68000000001,0.001,-0.001,0.003821934000000001,0.0788000168600528,76434.295,0.005,-378.93162963899834,False
2026-04-29 02:45:07.738081+00:00,buy,76429.90000000001,0.001,0.001,0.0038214950000000007,0.07865728525867163,76434.295,0.006,-455.3653511339984,False
2026-04-29 02:45:41.101953+00:00,buy,76446.40000000001,0.001,0.001,0.0038223200000000006,0.07880001686026067,76450.785,0.007,-531.8155734539985,False
2026-04-29 02:46:13.298152+00:00,sell,76469.25,0.001,-0.001,0.0038234625000000003,0.07865728525867163,76464.85500000001,0.006,-455.3501469164985,False
2026-04-29 02:46:21.356945+00:00,buy,76460.46,0.001,0.001,0.0038230230000000005,0.07865728525846412,76464.85500000001,0.007,-531.8144299394985,False
2026-04-29 02:46:38.785990+00:00,sell,76465.38,0.001,-0.001,0.0038232690000000007,0.0788000168600528,76460.995,0.006,-455.3528732084985,False
2026-04-29 02:46:59.194844+00:00,sell,76465.38,0.001,-0.001,0.0038232690000000007,0.0788000168600528,76460.995,0.005,-378.89131647749855,False
2026-04-29 02:47:20.432867+00:00,sell,76472.07,0.001,-0.001,0.0038236035000000007,0.07865728525825662,76467.67499999999,0.004,-302.4230700809985,False
2026-04-29 02:47:25.750828+00:00,buy,76463.28,0.001,0.001,0.0038231640000000004,0.07865728525867163,76467.67499999999,0.005,-378.8901732449985,False
2026-04-29 02:47:27.082375+00:00,buy,76463.28,0.001,0.001,0.0038231640000000004,0.07865728525867163,76467.67499999999,0.006,-455.3572764089985,False
2026-04-29 02:47:59.283832+00:00,buy,76463.28,0.001,0.001,0.0038231640000000004,0.07865728525867163,76467.67499999999,0.007,-531.8243795729985,False
2026-04-29 02:48:04.683557+00:00,buy,76463.28,0.001,0.001,0.0038231640000000004,0.07865728525867163,76467.67499999999,0.008,-608.2914827369985,False
2026-04-29 02:48:23.515937+00:00,buy,76463.28,0.001,0.001,0.0038231640000000004,0.07865728525867163,76467.67499999999,0.009000000000000001,-684.7585859009986,False
2026-04-29 02:48:28.862139+00:00,buy,76463.28,0.001,0.001,0.0038231640000000004,0.07865728525867163,76467.67499999999,0.010000000000000002,-761.2256890649986,False
2026-04-29 02:48:30.212524+00:00,sell,76472.07,0.001,-0.001,0.0038236035000000007,0.07865728525825662,76467.67499999999,0.009000000000000001,-684.7574426684986,False
2026-04-29 02:48:50.243640+00:00,buy,76463.28,0.001,0.001,0.0038231640000000004,0.07865728525867163,76467.67499999999,0.010000000000000002,-761.2245458324986,False
2026-04-29 02:48:50.243640+00:00,sell,76472.07,0.001,-0.001,0.0038236035000000007,0.07865728525825662,76467.67499999999,0.009000000000000001,-684.7562994359986,False
2026-04-29 02:49:23.746821+00:00,buy,76463.28,0.001,0.001,0.0038231640000000004,0.07865728525867163,76467.67499999999,0.010000000000000002,-761.2234025999986,False
2026-04-29 02:52:20.705061+00:00,sell,76519.13,0.001,-0.001,0.0038259565000000008,0.0788000168600528,76514.745,0.009000000000000001,-684.7080985564986,False
2026-04-29 02:52:22.022536+00:00,sell,76519.13,0.001,-0.001,0.0038259565000000008,0.0788000168600528,76514.745,0.008,-608.1927945129986,False
2026-04-29 02:52:35.349745+00:00,sell,76516.17,0.001,-0.001,0.0038258085,0.07880001686026067,76511.785,0.007,-531.6804503214986,False
2026-04-29 02:53:10.341131+00:00,sell,76499.89,0.001,-0.001,0.0038249945,0.07865728525846412,76495.495,0.006,-455.1843853159986,False
2026-04-29 02:53:18.442272+00:00,buy,76505.61,0.001,0.001,0.0038252805000000005,0.07865728525846412,76510.005,0.007,-531.6938205964987,False
2026-04-29 02:53:26.529010+00:00,sell,76514.39,0.001,-0.001,0.0038257195,0.07880001686026067,76510.005,0.006,-455.1832563159987,False
2026-04-29 02:53:42.722159+00:00,buy,76505.6,0.001,0.001,0.0038252800000000008,0.07851481218867412,76510.005,0.007,-531.6926815959987,False
2026-04-29 02:53:42.722159+00:00,sell,76514.40000000001,0.001,-0.001,0.0038257200000000008,0.07865728525846412,76510.005,0.006,-455.1821073159987,False
2026-04-29 02:54:23.134051+00:00,sell,76500.07,0.001,-0.001,0.0038250035000000006,0.0788000168600528,76495.685,0.005,-378.6858623194987,False
2026-04-29 02:54:36.516979+00:00,sell,76498.87,0.001,-0.001,0.0038249435,0.07880001686026067,76494.485,0.004,-302.1908172629987,False
2026-04-29 02:55:14.123600+00:00,buy,76487.56,0.001,0.001,0.0038243780000000002,0.07865728525846412,76491.955,0.005,-378.68220164099864,False
2026-04-29 02:55:23.524932+00:00,buy,76489.62,0.001,0.001,0.0038244810000000002,0.07851481218867412,76494.025,0.006,-455.1756461219986,False
2026-04-29 02:55:31.512159+00:00,sell,76498.41,0.001,-0.001,0.0038249205000000005,0.0788000168600528,76494.025,0.005,-378.6810610424986,False
2026-04-29 02:55:35.562627+00:00,sell,76498.41,0.001,-0.001,0.0038249205000000005,0.0788000168600528,76494.025,0.004,-302.1864759629986,False
2026-04-29 02:55:44.940882+00:00,sell,76498.41,0.001,-0.001,0.0038249205000000005,0.0788000168600528,76494.025,0.003,-225.6918908834986,False
2026-04-29 02:56:01.023577+00:00,sell,76497.35,0.001,-0.001,0.0038248675000000006,0.0788000168600528,76492.965,0.002,-149.19836575099856,False
2026-04-29 02:56:17.089472+00:00,sell,76497.35,0.001,-0.001,0.0038248675000000006,0.0788000168600528,76492.965,0.001,-72.70484061849855,False
2026-04-29 02:56:26.476970+00:00,sell,76497.35,0.001,-0.001,0.0038248675000000006,0.0788000168600528,76492.965,0.0,3.7886845140014604,False
2026-04-29 02:56:33.210853+00:00,sell,76497.37,0.001,-0.001,0.0038248685,0.07865728525867163,76492.975,-0.001,80.28222964550146,False
2026-04-29 02:56:35.903524+00:00,buy,76488.59,0.001,0.001,0.0038244295,0.07865728525846412,76492.985,0.0,3.7898152160014575,False
2026-04-29 02:57:05.475693+00:00,buy,76498.96,0.001,0.001,0.0038249480000000008,0.07865728525846412,76503.35500000001,0.001,-72.71296973199856,False
2026-04-29 02:57:10.836764+00:00,buy,76498.96,0.001,0.001,0.0038249480000000008,0.07865728525846412,76503.35500000001,0.002,-149.21575467999855,False
2026-04-29 02:57:22.833669+00:00,buy,76498.96,0.001,0.001,0.0038249480000000008,0.07865728525846412,76503.35500000001,0.003,-225.71853962799855,False
2026-04-29 02:57:26.893405+00:00,sell,76507.75,0.001,-0.001,0.0038253875,0.07865728525867163,76503.35500000001,0.002,-149.21461501549857,False
2026-04-29 02:57:28.218866+00:00,buy,76493.77,0.001,0.001,0.0038246885000000007,0.07865728525846412,76498.16500000001,0.003,-225.71220970399858,False
2026-04-29 02:57:37.604442+00:00,sell,76502.57,0.001,-0.001,0.0038251285000000007,0.07851481218867412,76498.16500000001,0.002,-149.21346483249857,False
2026-04-29 02:57:38.958242+00:00,buy,76493.77,0.001,0.001,0.0038246885000000007,0.07865728525846412,76498.16500000001,0.003,-225.7110595209986,False
2026-04-29 02:57:42.947673+00:00,sell,76502.57,0.001,-0.001,0.0038251285000000007,0.07851481218867412,76498.16500000001,0.002,-149.21231464949858,False
2026-04-29 02:57:44.269500+00:00,buy,76493.77,0.001,0.001,0.0038246885000000007,0.07865728525846412,76498.16500000001,0.003,-225.7099093379986,False
2026-04-29 02:57:45.606144+00:00,buy,76493.77,0.001,0.001,0.0038246885000000007,0.07865728525846412,76498.16500000001,0.004,-302.2075040264986,False
2026-04-29 02:57:46.963405+00:00,buy,76493.77,0.001,0.001,0.0038246885000000007,0.07865728525846412,76498.16500000001,0.005,-378.7050987149986,False
2026-04-29 02:58:00.384813+00:00,sell,76502.56,0.001,-0.001,0.003825128,0.07865728525867163,76498.16500000001,0.004,-302.2063638429986,False
2026-04-29 02:59:01.970494+00:00,buy,76501.39,0.001,0.001,0.0038250695,0.07880001686026067,76505.775,0.005,-378.7115789124986,False
2026-04-29 02:59:34.060677+00:00,buy,76503.54000000001,0.001,0.001,0.003825177000000001,0.07865728525867163,76507.935,0.006,-455.2189440894986,False
2026-04-29 03:00:19.708640+00:00,buy,76531.88,0.001,0.001,0.0038265940000000004,0.07880001686026067,76536.265,0.007,-531.7546506834985,False
2026-04-29 03:00:30.458945+00:00,buy,76531.88,0.001,0.001,0.0038265940000000004,0.07880001686026067,76536.265,0.008,-608.2903572774985,False
2026-04-29 03:00:33.146815+00:00,buy,76531.88,0.001,0.001,0.0038265940000000004,0.07880001686026067,76536.265,0.009000000000000001,-684.8260638714985,False
2026-04-29 03:00:45.226683+00:00,buy,76531.88,0.001,0.001,0.0038265940000000004,0.07880001686026067,76536.265,0.010000000000000002,-761.3617704654985,False
2026-04-29 03:00:50.960733+00:00,sell,76543.40000000001,0.001,-0.001,0.003827170000000001,0.07865728525846412,76539.005,0.009000000000000001,-684.8221976354985,False
2026-04-29 03:00:53.629154+00:00,buy,76534.61,0.001,0.001,0.0038267305,0.07865728525846412,76539.005,0.010000000000000002,-761.3606343659985,False
2026-04-29 03:02:23.461055+00:00,sell,76593.69,0.001,-0.001,0.0038296845000000005,0.07851481218867412,76589.285,0.009000000000000001,-684.7707740504985,False
2026-04-29 03:02:42.226032+00:00,sell,76582.25,0.001,-0.001,0.0038291125,0.07865728525867163,76577.85500000001,0.008,-608.1923531629984,False
2026-04-29 03:02:48.964057+00:00,sell,76582.24,0.001,-0.001,0.0038291120000000004,0.07880001686026067,76577.85500000001,0.007,-531.6139422749984,False
2026-04-29 03:02:54.329700+00:00,buy,76574.82,0.001,0.001,0.0038287410000000005,0.07865728525867163,76579.215,0.008,-608.1925910159985,False
2026-04-29 03:03:11.720110+00:00,sell,76583.61,0.001,-0.001,0.0038291805000000003,0.07865728525846412,76579.215,0.007,-531.6128101964985,False
2026-04-29 03:03:34.373008+00:00,sell,76582.24,0.001,-0.001,0.0038291120000000004,0.07880001686026067,76577.85500000001,0.006,-455.03439930849845,False
2026-04-29 03:03:37.060737+00:00,sell,76582.24,0.001,-0.001,0.0038291120000000004,0.07880001686026067,76577.85500000001,0.005,-378.45598842049844,False
2026-04-29 03:03:38.402694+00:00,sell,76582.24,0.001,-0.001,0.0038291120000000004,0.07880001686026067,76577.85500000001,0.004,-301.87757753249844,False
2026-04-29 03:03:54.476610+00:00,sell,76575.99,0.001,-0.001,0.0038287995000000005,0.07880001686026067,76571.60500000001,0.003,-225.30541633199846,False
2026-04-29 03:04:09.180255+00:00,buy,76530.38,0.001,0.001,0.0038265190000000004,0.07880001686026067,76534.765,0.004,-301.83962285099847,False
2026-04-29 03:04:10.500354+00:00,buy,76530.38,0.001,0.001,0.0038265190000000004,0.07880001686026067,76534.765,0.005,-378.3738293699985,False
2026-04-29 03:04:17.171515+00:00,buy,76530.38,0.001,0.001,0.0038265190000000004,0.07880001686026067,76534.765,0.006,-454.9080358889985,False
2026-04-29 03:04:33.260095+00:00,sell,76539.16,0.001,-0.001,0.0038269580000000005,0.07865728525846412,76534.765,0.005,-378.37270284699844,False
2026-04-29 03:04:41.345348+00:00,sell,76539.16,0.001,-0.001,0.0038269580000000005,0.07865728525846412,76534.765,0.004,-301.8373698049984,False
2026-04-29 03:04:52.078417+00:00,sell,76539.14,0.001,-0.001,0.003826957,0.07880001686026067,76534.755,0.003,-225.3020567619984,False
2026-04-29 03:05:09.493808+00:00,buy,76524.6,0.001,0.001,0.0038262300000000008,0.07865728525867163,76528.995,0.004,-301.8304829919984,False
2026-04-29 03:05:28.201389+00:00,sell,76524.34,0.001,-0.001,0.0038262170000000002,0.07865728525867163,76519.945,0.003,-225.3099692089984,False
2026-04-29 03:05:32.260723+00:00,sell,76524.35,0.001,-0.001,0.0038262175000000004,0.07851481218867412,76519.945,0.002,-148.78944542649842,False
2026-04-29 03:06:16.583222+00:00,sell,76539.39,0.001,-0.001,0.0038269695,0.07865728525846412,76534.995,0.001,-72.25388239599842,False
2026-04-29 03:06:23.279569+00:00,sell,76539.39,0.001,-0.001,0.0038269695,0.07865728525846412,76534.995,0.0,4.28168063450158,False
2026-04-29 03:06:41.867047+00:00,sell,76539.39,0.001,-0.001,0.0038269695,0.07865728525846412,76534.995,-0.001,80.81724366500158,False
2026-04-29 03:06:47.210607+00:00,sell,76546.75,0.001,-0.001,0.0038273375000000003,0.07865728525867163,76542.35500000001,-0.002,157.3601663275016,False
2026-04-29 03:07:15.334447+00:00,buy,76547.23,0.001,0.001,0.0038273615,0.07880001686026067,76551.61499999999,-0.001,80.80910896600159,False
2026-04-29 03:07:28.640196+00:00,buy,76550.7,0.001,0.001,0.0038275350000000004,0.07865728525846412,76555.095,0.0,4.254581431001596,False
2026-04-29 03:07:41.973548+00:00,buy,76550.71,0.001,0.001,0.0038275355000000006,0.07880001686026067,76555.095,0.001,-72.2999561044984,False
2026-04-29 03:07:50.031027+00:00,buy,76558.34,0.001,0.001,0.003827917,0.07865728525846412,76562.735,0.002,-148.8621240214984,False
2026-04-29 03:08:00.798068+00:00,buy,76558.34,0.001,0.001,0.003827917,0.07865728525846412,76562.735,0.003,-225.42429193849838,False
2026-04-29 03:08:26.078503+00:00,sell,76553.77,0.001,-0.001,0.0038276885000000007,0.07865728525846412,76549.375,0.002,-148.87434962699837,False
2026-04-29 03:08:30.089130+00:00,sell,76553.77,0.001,-0.001,0.0038276885000000007,0.07865728525846412,76549.375,0.001,-72.32440731549836,False
2026-04-29 03:08:31.442164+00:00,sell,76553.77,0.001,-0.001,0.0038276885000000007,0.07865728525846412,76549.375,0.0,4.225534996001637,False
2026-04-29 03:08:56.872001+00:00,buy,76550.71,0.001,0.001,0.0038275355000000006,0.07880001686026067,76555.095,0.001,-72.32900253949836,False
2026-04-29 03:09:27.816618+00:00,buy,76550.71,0.001,0.001,0.0038275355000000006,0.07880001686026067,76555.095,0.002,-148.88354007499836,False
2026-04-29 03:09:29.124013+00:00,buy,76553.26,0.001,0.001,0.0038276630000000002,0.07880001686026067,76557.64499999999,0.003,-225.44062773799837,False
2026-04-29 03:09:33.106753+00:00,buy,76553.26,0.001,0.001,0.0038276630000000002,0.07880001686026067,76557.64499999999,0.004,-301.99771540099835,False
2026-04-29 03:09:45.149588+00:00,buy,76562.57,0.001,0.001,0.0038281285000000007,0.07880001686026067,76566.955,0.005,-378.56411352949834,False
2026-04-29 03:09:46.508825+00:00,buy,76563.34,0.001,0.001,0.0038281670000000004,0.0788000168600528,76567.725,0.006,-455.1312816964983,False
2026-04-29 03:09:57.184632+00:00,buy,76563.34,0.001,0.001,0.0038281670000000004,0.0788000168600528,76567.725,0.007,-531.6984498634984,False
2026-04-29 03:10:10.847713+00:00,buy,76572.22,0.001,0.001,0.0038286110000000004,0.0788000168600528,76576.60500000001,0.008,-608.2744984744984,False
2026-04-29 03:10:57.699719+00:00,sell,76592.09,0.001,-0.001,0.0038296045,0.07865728525867163,76587.695,0.007,-531.6862380789984,False
2026-04-29 03:12:42.138373+00:00,sell,76619.93000000001,0.001,-0.001,0.0038309965000000007,0.07865728525846412,76615.535,0.006,-455.0701390754984,False
2026-04-29 03:12:43.431092+00:00,buy,76611.14,0.001,0.001,0.0038305570000000005,0.07865728525846412,76615.535,0.007,-531.6851096324984,False
2026-04-29 03:13:16.960514+00:00,sell,76614.40000000001,0.001,-0.001,0.0038307200000000006,0.07865728525846412,76610.005,0.006,-455.07454035249845,False
2026-04-29 03:13:25.058294+00:00,buy,76605.61,0.001,0.001,0.0038302805000000003,0.07865728525846412,76610.005,0.007,-531.6839806329984,False
2026-04-29 03:13:42.454207+00:00,buy,76605.62,0.001,0.001,0.003830281,0.0788000168600528,76610.005,0.008,-608.2934309139985,False
2026-04-29 03:13:59.690361+00:00,buy,76609.56,0.001,0.001,0.003830478,0.0788000168600528,76613.945,0.009000000000000001,-684.9068213919985,False
2026-04-29 03:14:13.069906+00:00,buy,76618.38,0.001,0.001,0.0038309190000000008,0.07865728525867163,76622.775,0.010000000000000002,-761.5290323109986,False
2026-04-29 03:15:32.305690+00:00,sell,76654.38,0.001,-0.001,0.0038327190000000005,0.0788000168600528,76649.995,0.009000000000000001,-684.8784850299985,False
2026-04-29 03:15:37.599675+00:00,sell,76651.22,0.001,-0.001,0.0038325610000000004,0.07865728525867163,76646.82500000001,0.008,-608.2310975909985,False
2026-04-29 03:15:41.599275+00:00,sell,76651.22,0.001,-0.001,0.0038325610000000004,0.07865728525867163,76646.82500000001,0.007,-531.5837101519985,False
2026-04-29 03:15:45.651286+00:00,sell,76651.22,0.001,-0.001,0.0038325610000000004,0.07865728525867163,76646.82500000001,0.006,-454.9363227129985,False
2026-04-29 03:15:49.703018+00:00,buy,76642.43000000001,0.001,0.001,0.0038321215000000006,0.07865728525846412,76646.82500000001,0.007,-531.5825848344984,False
2026-04-29 03:15:51.037892+00:00,buy,76642.43000000001,0.001,0.001,0.0038321215000000006,0.07865728525846412,76646.82500000001,0.008,-608.2288469559984,False
2026-04-29 03:16:24.651794+00:00,buy,76644.16,0.001,0.001,0.0038322080000000006,0.07865728525867163,76648.555,0.009000000000000001,-684.8768391639983,False
2026-04-29 03:16:27.321446+00:00,buy,76644.16,0.001,0.001,0.0038322080000000006,0.07865728525867163,76648.555,0.010000000000000002,-761.5248313719983,False
2026-04-29 03:16:28.631200+00:00,sell,76652.96,0.001,-0.001,0.0038326480000000006,0.07851481218846697,76648.555,0.009000000000000001,-684.8757040199982,False
2026-04-29 03:16:50.087179+00:00,buy,76655.61,0.001,0.001,0.0038327805,0.07880001686026067,76659.995,0.010000000000000002,-761.5351468004983,False
2026-04-29 03:25:09.405290+00:00,sell,76854.39,0.001,-0.001,0.0038427195000000003,0.07880001686026067,76850.005,0.009000000000000001,-684.6845995199983,False
2026-04-29 03:25:17.506266+00:00,sell,76872.42,0.001,-0.001,0.003843621,0.07865728525846412,76868.025,0.008,-607.8160231409983,False
2026-04-29 03:26:03.121723+00:00,sell,76839.95,0.001,-0.001,0.0038419975000000004,0.07865728525846412,76835.555,0.007,-530.9799151384982,False
2026-04-29 03:26:07.106129+00:00,sell,76839.95,0.001,-0.001,0.0038419975000000004,0.07865728525846412,76835.555,0.006,-454.1438071359982,False
2026-04-29 03:26:16.459502+00:00,sell,76839.95,0.001,-0.001,0.0038419975000000004,0.07865728525846412,76835.555,0.005,-377.3076991334982,False
2026-04-29 03:26:21.820211+00:00,buy,76831.15000000001,0.001,0.001,0.003841557500000001,0.07851481218888125,76835.555,0.006,-454.14269069099817,False
2026-04-29 03:26:37.795740+00:00,buy,76839.13,0.001,0.001,0.0038419565000000007,0.07865728525867163,76843.525,0.007,-530.9856626474981,False
2026-04-29 03:26:40.440689+00:00,sell,76847.92,0.001,-0.001,0.003842396,0.07865728525846412,76843.525,0.006,-454.1415850434981,False
2026-04-29 03:26:56.463511+00:00,sell,76833.84,0.001,-0.001,0.0038416920000000003,0.07880001686026067,76829.455,0.005,-377.31158673549805,False
2026-04-29 03:26:59.121447+00:00,sell,76833.84,0.001,-0.001,0.0038416920000000003,0.07880001686026067,76829.455,0.004,-300.481588427498,False
2026-04-29 03:27:15.101522+00:00,buy,76825.27,0.001,0.001,0.0038412635000000007,0.07865728525846412,76829.66500000001,0.005,-377.31069969099804,False
2026-04-29 03:27:19.147573+00:00,sell,76834.05,0.001,-0.001,0.0038417025000000004,0.07880001686026067,76829.66500000001,0.004,-300.480491393498,False
2026-04-29 03:27:23.135335+00:00,buy,76825.27,0.001,0.001,0.0038412635000000007,0.07865728525846412,76829.66500000001,0.005,-377.30960265699804,False
2026-04-29 03:28:03.249909+00:00,buy,76811.28,0.001,0.001,0.0038405640000000003,0.07865728525867163,76815.67499999999,0.006,-454.124723220998,False
2026-04-29 03:28:04.587215+00:00,buy,76819.5,0.001,0.001,0.0038409750000000004,0.0788000168600528,76823.88500000001,0.007,-530.9480641959981,False
2026-04-29 03:28:08.582093+00:00,buy,76825.27,0.001,0.001,0.0038412635000000007,0.07865728525846412,76829.66500000001,0.008,-607.7771754594982,False
2026-04-29 03:28:09.938118+00:00,buy,76825.27,0.001,0.001,0.0038412635000000007,0.07865728525846412,76829.66500000001,0.009000000000000001,-684.6062867229982,False
2026-04-29 03:28:11.306535+00:00,buy,76825.27,0.001,0.001,0.0038412635000000007,0.07865728525846412,76829.66500000001,0.010000000000000002,-761.4353979864983,False
2026-04-29 03:28:19.386870+00:00,sell,76827.64,0.001,-0.001,0.0038413820000000004,0.07865728525846412,76823.245,0.009000000000000001,-684.6115993684983,False
2026-04-29 03:28:23.363475+00:00,sell,76827.64,0.001,-0.001,0.0038413820000000004,0.07865728525846412,76823.245,0.008,-607.7878007504984,False
2026-04-29 03:28:26.022357+00:00,buy,76818.85,0.001,0.001,0.0038409425000000006,0.07865728525867163,76823.245,0.009000000000000001,-684.6104916929984,False
2026-04-29 03:28:26.022357+00:00,sell,76827.64,0.001,-0.001,0.0038413820000000004,0.07865728525846412,76823.245,0.008,-607.7866930749984,False
2026-04-29 03:28:31.356110+00:00,sell,76827.64,0.001,-0.001,0.0038413820000000004,0.07865728525846412,76823.245,0.007,-530.9628944569985,False
2026-04-29 03:28:43.482371+00:00,buy,76839.57,0.001,0.001,0.003841978500000001,0.07880001686026067,76843.955,0.008,-607.8063064354984,False
2026-04-29 03:28:59.651281+00:00,buy,76839.55,0.001,0.001,0.0038419775000000005,0.07851481218867412,76843.955,0.009000000000000001,-684.6496984129984,False
2026-04-29 03:29:11.705880+00:00,buy,76839.57,0.001,0.001,0.003841978500000001,0.07880001686026067,76843.955,0.010000000000000002,-761.4931103914984,False
2026-04-29 03:29:30.525859+00:00,sell,76860.62,0.001,-0.001,0.0038430310000000002,0.07865728525867163,76856.225,0.009000000000000001,-684.6363334224983,False
2026-04-29 03:29:33.195843+00:00,sell,76854.23,0.001,-0.001,0.0038427115,0.07880001686026067,76849.845,0.008,-607.7859461339983,False
2026-04-29 03:29:38.565422+00:00,buy,76851.34,0.001,0.001,0.0038425670000000003,0.0788000168600528,76855.725,0.009000000000000001,-684.6411287009983,False
2026-04-29 03:30:00.338873+00:00,sell,76886.38,0.001,-0.001,0.0038443190000000006,0.0788000168600528,76881.995,0.008,-607.7585930199982,False
2026-04-29 03:30:04.328417+00:00,buy,76881.82,0.001,0.001,0.003844091000000001,0.07865728525867163,76886.215,0.009000000000000001,-684.6442571109983,False
2026-04-29 03:32:18.107688+00:00,buy,76842.40000000001,0.001,0.001,0.003842120000000001,0.07865728525867163,76846.795,0.010000000000000002,-761.4904992309982,False
2026-04-29 03:32:22.053536+00:00,sell,76851.2,0.001,-0.001,0.00384256,0.07851481218867412,76846.795,0.009000000000000001,-684.6431417909981,False
2026-04-29 03:32:24.703398+00:00,buy,76842.40000000001,0.001,0.001,0.003842120000000001,0.07865728525867163,76846.795,0.010000000000000002,-761.4893839109981,False
2026-04-29 03:32:43.405175+00:00,sell,76851.19,0.001,-0.001,0.0038425595000000003,0.07865728525846412,76846.795,0.009000000000000001,-684.642036470498,False
2026-04-29 03:32:47.406489+00:00,buy,76842.40000000001,0.001,0.001,0.003842120000000001,0.07865728525867163,76846.795,0.010000000000000002,-761.488278590498,False
2026-04-29 03:33:06.160690+00:00,sell,76835.82,0.001,-0.001,0.0038417910000000006,0.0788000168600528,76831.435,0.009000000000000001,-684.656300381498,False
2026-04-29 03:33:07.507406+00:00,sell,76825.55,0.001,-0.001,0.0038412775000000003,0.07865728525846412,76821.155,0.008,-607.834591658998,False
2026-04-29 03:33:28.887831+00:00,buy,76798.05,0.001,0.001,0.0038399025000000007,0.07865728525846412,76802.445,0.009000000000000001,-684.6364815614979,False
2026-04-29 03:33:53.422359+00:00,sell,76812.43000000001,0.001,-0.001,0.003840621500000001,0.07865728525846412,76808.035,0.008,-607.827892182998,False
2026-04-29 03:34:05.400448+00:00,buy,76810.97,0.001,0.001,0.0038405485000000002,0.0788000168600528,76815.35500000001,0.009000000000000001,-684.6427027314979,False
2026-04-29 03:34:36.315854+00:00,sell,76830.24,0.001,-0.001,0.0038415120000000005,0.07880001686026067,76825.85500000001,0.008,-607.8163042434979,False
2026-04-29 03:34:49.648343+00:00,sell,76815.18000000001,0.001,-0.001,0.003840759000000001,0.07865728525846412,76810.785,0.007,-531.0049650024979,False
2026-04-29 03:34:50.972712+00:00,sell,76815.18000000001,0.001,-0.001,0.003840759000000001,0.07865728525846412,76810.785,0.006,-454.1936257614979,False
2026-04-29 03:34:57.733121+00:00,buy,76810.96,0.001,0.001,0.0038405480000000005,0.07880001686026067,76815.345,0.007,-531.0084263094978,False
2026-04-29 03:35:07.085404+00:00,buy,76812.31,0.001,0.001,0.0038406155,0.0788000168600528,76816.695,0.008,-607.8245769249979,False
2026-04-29 03:35:51.293874+00:00,sell,76858.3,0.001,-0.001,0.0038429150000000006,0.07880001686026067,76853.91500000001,0.007,-530.9701198399979,False
2026-04-29 03:36:13.399996+00:00,sell,76863.64,0.001,-0.001,0.003843182,0.07865728525846412,76859.245,0.006,-454.1103230219979,False
2026-04-29 03:46:07.236894+00:00,sell,77049.02,0.001,-0.001,0.0038524510000000007,0.07880001686026067,77044.63500000001,0.005,-377.0651554729979,False
2026-04-29 03:46:15.268524+00:00,sell,77036.22,0.001,-0.001,0.0038518110000000006,0.0788000168600528,77031.83499999999,0.004,-300.0327872839979,False
2026-04-29 03:46:27.420277+00:00,sell,77026.17,0.001,-0.001,0.0038513085,0.07880001686026067,77021.785,0.003,-223.01046859249792,False
2026-04-29 03:46:28.755273+00:00,sell,77026.17,0.001,-0.001,0.0038513085,0.07880001686026067,77021.785,0.002,-145.9881499009979,False
2026-04-29 03:46:35.486661+00:00,sell,77018.62,0.001,-0.001,0.003850931,0.07865728525867163,77014.225,0.001,-68.97338083199791,False
2026-04-29 03:46:36.811062+00:00,buy,77009.83,0.001,0.001,0.0038504915000000003,0.07865728525846412,77014.225,0.002,-145.98706132349793,False
2026-04-29 03:46:44.852849+00:00,sell,77018.61,0.001,-0.001,0.0038509305000000004,0.07880001686026067,77014.225,0.001,-68.97230225399792,False
2026-04-29 03:47:21.000469+00:00,sell,76996.0,0.001,-0.001,0.0038498000000000004,0.0788000168600528,76991.61499999999,0.0,8.019847946002072,False
2026-04-29 03:47:22.364653+00:00,buy,76987.22,0.001,0.001,0.0038493610000000004,0.07865728525867163,76991.61499999999,0.001,-68.97122141499793,False
2026-04-29 03:47:34.430586+00:00,sell,77018.38,0.001,-0.001,0.0038509190000000004,0.0788000168600528,77013.995,0.0,8.04330766600208,False
2026-04-29 03:47:57.385465+00:00,buy,77023.08,0.001,0.001,0.0038511540000000003,0.07880001686026067,77027.465,0.001,-68.98362348799793,False
2026-04-29 03:48:00.030416+00:00,buy,77027.01,0.001,0.001,0.0038513505,0.07880001686026067,77031.39499999999,0.002,-146.01448483849794,False
2026-04-29 03:48:06.730103+00:00,buy,77027.0,0.001,0.001,0.0038513500000000003,0.07865728525867163,77031.39499999999,0.003,-223.0453361884979,False
2026-04-29 03:48:08.044605+00:00,buy,77027.0,0.001,0.001,0.0038513500000000003,0.07865728525867163,77031.39499999999,0.004,-300.0761875384979,False
2026-04-29 03:48:18.848634+00:00,sell,77019.86,0.001,-0.001,0.0038509930000000005,0.07880001686026067,77015.475,0.003,-223.06017853149788,False
2026-04-29 03:48:20.215745+00:00,sell,77019.86,0.001,-0.001,0.0038509930000000005,0.07880001686026067,77015.475,0.002,-146.04416952449785,False
2026-04-29 03:48:37.717578+00:00,sell,77004.91,0.001,-0.001,0.0038502455000000006,0.0788000168600528,77000.525,0.001,-69.04310976999784,False
2026-04-29 03:48:44.397645+00:00,sell,77004.92,0.001,-0.001,0.0038502460000000003,0.07865728525846412,77000.525,0.0,7.957959984002158,False
2026-04-29 03:48:47.063648+00:00,buy,76996.13,0.001,0.001,0.0038498065000000005,0.07865728525867163,77000.525,0.001,-69.04201982249785,False
2026-04-29 03:49:03.092003+00:00,buy,77007.43000000001,0.001,0.001,0.0038503715000000006,0.07880001686026067,77011.815,0.002,-146.05330019399787,False
2026-04-29 03:49:24.587538+00:00,buy,77007.88,0.001,0.001,0.0038503940000000005,0.07865728525867163,77012.275,0.003,-223.06503058799788,False
2026-04-29 03:49:39.339745+00:00,sell,77016.67,0.001,-0.001,0.0038508335000000003,0.07865728525846412,77012.275,0.002,-146.05221142149787,False
2026-04-29 03:49:51.437943+00:00,buy,77007.88,0.001,0.001,0.0038503940000000005,0.07865728525867163,77012.275,0.003,-223.06394181549788,False
2026-04-29 03:50:06.233688+00:00,sell,77007.61,0.001,-0.001,0.0038503805,0.07865728525846412,77003.215,0.002,-146.0601821959979,False
2026-04-29 03:50:16.892917+00:00,sell,77007.6,0.001,-0.001,0.0038503800000000005,0.0788000168600528,77003.215,0.001,-69.05643257599789,False
2026-04-29 03:50:28.918454+00:00,buy,76994.38,0.001,0.001,0.0038497190000000006,0.07865728525867163,76998.775,0.002,-146.05466229499788,False
2026-04-29 03:50:51.708175+00:00,sell,77003.16,0.001,-0.001,0.0038501580000000007,0.0788000168600528,76998.775,0.001,-69.05535245299788,False
2026-04-29 03:50:59.752963+00:00,buy,76978.62,0.001,0.001,0.0038489310000000003,0.07865728525846412,76983.015,0.002,-146.03782138399788,False
2026-04-29 03:51:06.440785+00:00,sell,76987.40000000001,0.001,-0.001,0.003849370000000001,0.0788000168600528,76983.015,0.001,-69.05427075399787,False
2026-04-29 03:51:10.418201+00:00,sell,76983.21,0.001,-0.001,0.0038491605000000005,0.07880001686026067,76978.82500000001,0.0,7.925090085502145,False
2026-04-29 03:51:27.773437+00:00,buy,76973.83,0.001,0.001,0.0038486915000000006,0.07880001686026067,76978.215,0.001,-69.05258860599785,False
2026-04-29 03:51:41.205196+00:00,sell,76982.61,0.001,-0.001,0.0038491305000000003,0.07865728525846412,76978.215,0.0,7.926172263502154,False
2026-04-29 03:51:50.537607+00:00,sell,76977.75,0.001,-0.001,0.0038488875000000002,0.0788000168600528,76973.36499999999,-0.001,84.90007337600215,False
2026-04-29 03:52:06.610285+00:00,buy,76962.98,0.001,0.001,0.003848149,0.07880001686026067,76967.36499999999,0.0,7.9332452270021525,False
2026-04-29 03:52:20.367479+00:00,sell,76971.76,0.001,-0.001,0.003848588,0.07865728525846412,76967.36499999999,-0.001,84.90115663900215,False
2026-04-29 03:52:23.070591+00:00,buy,76962.97,0.001,0.001,0.0038481485,0.07865728525867163,76967.36499999999,0.0,7.934338490502154,False
2026-04-29 03:52:39.167515+00:00,sell,76968.38,0.001,-0.001,0.0038484190000000005,0.07865728525846412,76963.985,-0.001,84.89887007150217,False
2026-04-29 03:52:55.232932+00:00,buy,76953.67,0.001,0.001,0.0038476835000000003,0.07865728525846412,76958.065,0.0,7.941352388002171,False
2026-04-29 03:52:59.202963+00:00,buy,76953.67,0.001,0.001,0.0038476835000000003,0.07865728525846412,76958.065,0.001,-69.01616529549783,False
2026-04-29 03:53:05.918218+00:00,buy,76962.88,0.001,0.001,0.0038481440000000004,0.07865728525867163,76967.275,0.002,-145.98289343949781,False
2026-04-29 03:53:22.057058+00:00,buy,76962.88,0.001,0.001,0.0038481440000000004,0.07865728525867163,76967.275,0.003,-222.94962158349782,False
2026-04-29 03:53:30.127964+00:00,sell,76971.67,0.001,-0.001,0.0038485835,0.07865728525846412,76967.275,0.002,-145.98180016699783,False
2026-04-29 03:53:35.435685+00:00,sell,76971.67,0.001,-0.001,0.0038485835,0.07865728525846412,76967.275,0.001,-69.01397875049783,False
2026-04-29 03:53:43.500194+00:00,sell,76970.0,0.001,-0.001,0.0038485000000000004,0.0788000168600528,76965.61499999999,0.0,7.9521727495021715,False
2026-04-29 03:53:55.646339+00:00,sell,76967.67,0.001,-0.001,0.0038483835,0.07880001686026067,76963.285,-0.001,84.91599436600217,False
2026-04-29 03:54:23.775038+00:00,sell,76989.04000000001,0.001,-0.001,0.0038494520000000006,0.0788000168600528,76984.655,-0.002,161.90118491400216,False
2026-04-29 03:54:29.209293+00:00,sell,76989.04000000001,0.001,-0.001,0.0038494520000000006,0.0788000168600528,76984.655,-0.003,238.88637546200215,False
2026-04-29 03:55:09.596945+00:00,sell,76986.40000000001,0.001,-0.001,0.0038493200000000007,0.0788000168600528,76982.015,-0.004,315.8689261420022,False
2026-04-29 03:55:32.179071+00:00,sell,76978.41,0.001,-0.001,0.0038489205000000006,0.0788000168600528,76974.025,-0.005,392.8434872215022,False
2026-04-29 03:56:05.637335+00:00,sell,76978.40000000001,0.001,-0.001,0.003848920000000001,0.07865728525846412,76974.005,-0.006,469.8180383015022,False
2026-04-29 03:56:16.393006+00:00,sell,76978.39,0.001,-0.001,0.0038489195000000003,0.07880001686026067,76974.005,-0.007,546.7925793820023,False
2026-04-29 03:56:57.977864+00:00,buy,76939.95,0.001,0.001,0.0038469975,0.07865728525846412,76944.345,-0.006,469.8487823845023,False
2026-04-29 03:57:31.553079+00:00,buy,76948.76,0.001,0.001,0.003847438,0.07880001686026067,76953.14499999999,-0.005,392.8961749465023,False
2026-04-29 03:58:06.500101+00:00,buy,76981.41,0.001,0.001,0.0038490705000000006,0.07880001686026067,76985.795,-0.004,315.91091587600226,False
2026-04-29 03:58:11.869456+00:00,sell,76987.43000000001,0.001,-0.001,0.003849371500000001,0.0788000168600528,76983.045,-0.005,392.8944965045023,False
2026-04-29 03:58:23.998095+00:00,sell,76976.72,0.001,-0.001,0.0038488360000000004,0.07865728525867163,76972.32500000001,-0.006,469.8673676685023,False
2026-04-29 03:58:37.320128+00:00,buy,76962.76,0.001,0.001,0.003848138,0.07865728525846412,76967.155,-0.005,392.9007595305023,False
2026-04-29 03:59:20.136345+00:00,buy,76980.46,0.001,0.001,0.0038490230000000005,0.07865728525846412,76984.85500000001,-0.004,315.9164505075023,False
2026-04-29 03:59:49.616302+00:00,buy,76995.6,0.001,0.001,0.0038497800000000006,0.07865728525867163,76999.995,-0.003,238.91700072750228,False
2026-04-29 04:00:09.748417+00:00,buy,77003.61,0.001,0.001,0.0038501805000000005,0.07880001686026067,77007.995,-0.002,161.90954054700228,False
2026-04-29 04:00:23.075108+00:00,buy,76999.37,0.001,0.001,0.0038499685000000002,0.07865728525846412,77003.765,-0.001,84.90632057850227,False
2026-04-29 04:00:37.810560+00:00,sell,76997.45,0.001,-0.001,0.0038498725,0.07880001686026067,76993.065,-0.002,161.89992070600226,False
2026-04-29 04:00:43.213059+00:00,sell,76991.53,0.001,-0.001,0.0038495765,0.0788000168600528,76987.14499999999,-0.003,238.8876011295023,False
2026-04-29 04:00:59.283577+00:00,sell,76983.02,0.001,-0.001,0.0038491510000000007,0.07865728525846412,76978.625,-0.004,315.8667719785023,False
2026-04-29 04:01:23.245222+00:00,buy,76979.06,0.001,0.001,0.003848953,0.07851481218867412,76983.465,-0.003,238.8838630255023,False
2026-04-29 04:01:23.245222+00:00,sell,76987.86,0.001,-0.001,0.0038493930000000004,0.07865728525846412,76983.465,-0.004,315.8678736325023,False
2026-04-29 04:01:55.343990+00:00,sell,76983.01,0.001,-0.001,0.0038491505,0.07880001686026067,76978.625,-0.005,392.8470344820023,False
2026-04-29 04:02:07.405441+00:00,sell,76965.8,0.001,-0.001,0.0038482900000000003,0.07880001686026067,76961.41500000001,-0.006,469.8089861920023,False
2026-04-29 04:02:16.804965+00:00,sell,76965.5,0.001,-0.001,0.0038482750000000004,0.0788000168600528,76961.11499999999,-0.007,546.7706379170023,False
2026-04-29 04:02:19.475748+00:00,sell,76964.49,0.001,-0.001,0.0038482245000000005,0.07880001686026067,76960.10500000001,-0.008,623.7312796925023,False
2026-04-29 04:02:35.580520+00:00,buy,76947.82,0.001,0.001,0.003847391000000001,0.07865728525867163,76952.215,-0.007,546.7796123015023,False
2026-04-29 04:04:02.488171+00:00,buy,76946.45,0.001,0.001,0.0038473225,0.07865728525846412,76950.845,-0.006,469.8293149790023,False
2026-04-29 04:04:39.985880+00:00,sell,76947.56,0.001,-0.001,0.0038473780000000003,0.0788000168600528,76943.17499999999,-0.007,546.7730276010022,False
2026-04-29 04:05:42.914302+00:00,sell,76945.15000000001,0.001,-0.001,0.003847257500000001,0.07865728525846412,76940.755,-0.008,623.7143303435023,False
2026-04-29 04:05:46.954606+00:00,buy,76936.35,0.001,0.001,0.003846817500000001,0.07851481218867412,76940.755,-0.007,546.7741335260024,False
2026-04-29 04:06:09.733799+00:00,buy,76941.73,0.001,0.001,0.0038470865,0.07865728525846412,76946.125,-0.006,469.8285564395024,False
2026-04-29 04:06:33.963474+00:00,sell,76947.78,0.001,-0.001,0.003847389,0.0788000168600528,76943.39499999999,-0.007,546.7724890505024,False
2026-04-29 04:06:38.032586+00:00,sell,76947.79000000001,0.001,-0.001,0.0038473895000000007,0.07865728525825662,76943.39499999999,-0.008,623.7164316610024,False
2026-04-29 04:06:43.295141+00:00,sell,76947.8,0.001,-0.001,0.0038473900000000004,0.07851481218846697,76943.39499999999,-0.009000000000000001,700.6603842710024,False
2026-04-29 04:06:51.346127+00:00,buy,76938.99,0.001,0.001,0.0038469495000000007,0.07851481218888125,76943.39499999999,-0.008,623.7175473215024,False
2026-04-29 04:06:55.363053+00:00,sell,76947.79000000001,0.001,-0.001,0.0038473895000000007,0.07865728525825662,76943.39499999999,-0.009000000000000001,700.6614899320024,False
2026-04-29 04:07:07.391420+00:00,sell,76947.79000000001,0.001,-0.001,0.0038473895000000007,0.07865728525825662,76943.39499999999,-0.010000000000000002,777.6054325425024,False
2026-04-29 04:07:25.013755+00:00,buy,76938.99,0.001,0.001,0.0038469495000000007,0.07851481218888125,76943.39499999999,-0.009000000000000001,700.6625955930024,False
2026-04-29 04:07:33.028406+00:00,sell,76947.79000000001,0.001,-0.001,0.0038473895000000007,0.07865728525825662,76943.39499999999,-0.010000000000000002,777.6065382035024,False
2026-04-29 04:08:40.012533+00:00,buy,76930.84,0.001,0.001,0.003846542,0.07851481218867412,76935.245,-0.009000000000000001,700.6718516615024,False
2026-04-29 04:08:45.401947+00:00,sell,76939.64,0.001,-0.001,0.003846982,0.07865728525846412,76935.245,-0.010000000000000002,777.6076446795024,False
2026-04-29 04:08:49.405707+00:00,buy,76925.61,0.001,0.001,0.0038462805000000003,0.07865728525846412,76930.005,-0.009000000000000001,700.6781883990024,False
2026-04-29 04:08:56.135632+00:00,buy,76925.61,0.001,0.001,0.0038462805000000003,0.07865728525846412,76930.005,-0.008,623.7487321185023,False
2026-04-29 04:09:05.528483+00:00,buy,76925.61,0.001,0.001,0.0038462805000000003,0.07865728525846412,76930.005,-0.007,546.8192758380022,False
2026-04-29 04:09:10.858812+00:00,sell,76934.40000000001,0.001,-0.001,0.003846720000000001,0.07865728525846412,76930.005,-0.008,623.7498291180023,False
2026-04-29 04:09:13.550481+00:00,sell,76934.40000000001,0.001,-0.001,0.003846720000000001,0.07865728525846412,76930.005,-0.009000000000000001,700.6803823980023,False
2026-04-29 04:09:18.917286+00:00,buy,76925.61,0.001,0.001,0.0038462805000000003,0.07865728525846412,76930.005,-0.008,623.7509261175022,False
2026-04-29 04:09:24.214916+00:00,sell,76934.40000000001,0.001,-0.001,0.003846720000000001,0.07865728525846412,76930.005,-0.009000000000000001,700.6814793975022,False
2026-04-29 04:09:41.617032+00:00,sell,76944.38,0.001,-0.001,0.0038472190000000007,0.07865728525846412,76939.985,-0.010000000000000002,777.6220121785022,False
2026-04-29 04:10:15.499128+00:00,buy,76935.59,0.001,0.001,0.0038467795,0.07865728525846412,76939.985,-0.009000000000000001,700.6825753990022,False
2026-04-29 04:10:27.550430+00:00,sell,76940.96,0.001,-0.001,0.0038470480000000005,0.07880001686026067,76936.57500000001,-0.010000000000000002,777.6196883510022,False
2026-04-29 04:10:51.653685+00:00,buy,76921.69,0.001,0.001,0.0038460845000000007,0.0788000168600528,76926.07500000001,-0.009000000000000001,700.6941522665022,False
2026-04-29 04:11:06.476029+00:00,buy,76921.68000000001,0.001,0.001,0.003846084000000001,0.07865728525846412,76926.07500000001,-0.008,623.7686261825022,False
2026-04-29 04:11:09.146082+00:00,buy,76921.68000000001,0.001,0.001,0.003846084000000001,0.07865728525846412,76926.07500000001,-0.007,546.8431000985022,False
2026-04-29 04:11:11.895093+00:00,buy,76921.68000000001,0.001,0.001,0.003846084000000001,0.07865728525846412,76926.07500000001,-0.006,469.9175740145022,False
2026-04-29 04:11:33.317140+00:00,sell,76930.46,0.001,-0.001,0.0038465230000000006,0.07865728525846412,76926.065,-0.007,546.8441874915022,False
2026-04-29 04:11:34.642794+00:00,buy,76921.67,0.001,0.001,0.0038460835000000003,0.07865728525846412,76926.065,-0.006,469.91867140800224,False
2026-04-29 04:12:01.527345+00:00,sell,76930.46,0.001,-0.001,0.0038465230000000006,0.07865728525846412,76926.065,-0.007,546.8452848850022,False
2026-04-29 04:12:13.676988+00:00,sell,76902.26,0.001,-0.001,0.0038451130000000003,0.07865728525846412,76897.86499999999,-0.008,623.7436997720022,False
2026-04-29 04:12:17.696187+00:00,sell,76902.26,0.001,-0.001,0.0038451130000000003,0.07865728525846412,76897.86499999999,-0.009000000000000001,700.6421146590021,False
2026-04-29 04:12:21.712518+00:00,sell,76902.26,0.001,-0.001,0.0038451130000000003,0.07865728525846412,76897.86499999999,-0.010000000000000002,777.5405295460021,False
2026-04-29 04:14:39.604176+00:00,buy,76921.67,0.001,0.001,0.0038460835000000003,0.07865728525846412,76926.065,-0.009000000000000001,700.6150134625021,False
2026-04-29 04:14:40.921724+00:00,sell,76930.46,0.001,-0.001,0.0038465230000000006,0.07865728525846412,76926.065,-0.010000000000000002,777.5416269395022,False
2026-04-29 04:15:13.055565+00:00,buy,76921.67,0.001,0.001,0.0038460835000000003,0.07865728525846412,76926.065,-0.009000000000000001,700.6161108560021,False
2026-04-29 04:15:15.760026+00:00,buy,76935.06,0.001,0.001,0.003846753,0.07865728525846412,76939.455,-0.008,623.6772041030022,False
2026-04-29 04:15:17.035169+00:00,buy,76935.06,0.001,0.001,0.003846753,0.07865728525846412,76939.455,-0.007,546.7382973500022,False
2026-04-29 04:15:27.810734+00:00,buy,76935.07,0.001,0.001,0.0038467535000000007,0.07880001686026067,76939.455,-0.006,469.7993805965022,False
2026-04-29 04:15:30.472400+00:00,buy,76936.96,0.001,0.001,0.003846848000000001,0.07865728525846412,76941.35500000001,-0.005,392.8585737485022,False
2026-04-29 04:15:31.815373+00:00,buy,76936.96,0.001,0.001,0.003846848000000001,0.07865728525846412,76941.35500000001,-0.004,315.91776690050216,False
2026-04-29 04:15:47.768217+00:00,sell,76945.75,0.001,-0.001,0.0038472875,0.07865728525867163,76941.35500000001,-0.005,392.8596696130022,False
2026-04-29 04:15:49.096973+00:00,buy,76936.95,0.001,0.001,0.0038468475,0.07851481218846697,76941.35500000001,-0.004,315.9188727655022,False
2026-04-29 04:15:53.088146+00:00,buy,76936.96,0.001,0.001,0.003846848000000001,0.07865728525846412,76941.35500000001,-0.003,238.97806591750222,False
2026-04-29 04:15:59.778205+00:00,sell,76945.75,0.001,-0.001,0.0038472875,0.07865728525867163,76941.35500000001,-0.004,315.91996863000224,False
2026-04-29 04:16:15.870548+00:00,sell,76962.0,0.001,-0.001,0.0038481,0.07865728525867163,76957.60500000001,-0.005,392.8781205300022,False
2026-04-29 04:16:18.514166+00:00,sell,76961.99,0.001,-0.001,0.0038480995000000004,0.07880001686026067,76957.60500000001,-0.006,469.83626243050225,False
2026-04-29 04:16:22.598576+00:00,sell,76962.0,0.001,-0.001,0.0038481,0.07865728525867163,76957.60500000001,-0.007,546.7944143305023,False
2026-04-29 04:16:27.936422+00:00,buy,76953.21,0.001,0.001,0.0038476605000000007,0.07865728525846412,76957.60500000001,-0.006,469.83735667000224,False
2026-04-29 04:16:27.936422+00:00,sell,76962.0,0.001,-0.001,0.0038481,0.07865728525867163,76957.60500000001,-0.007,546.7955085700022,False
2026-04-29 04:16:37.332284+00:00,buy,76958.86,0.001,0.001,0.0038479430000000004,0.07880001686026067,76963.245,-0.006,469.8328006270022,False
2026-04-29 04:19:00.450314+00:00,buy,76961.64,0.001,0.001,0.0038480820000000005,0.07865728525846412,76966.035,-0.005,392.8673125450022,False
2026-04-29 04:19:26.295773+00:00,buy,76962.98,0.001,0.001,0.003848149,0.07880001686026067,76967.36499999999,-0.004,315.9004843960022,False
2026-04-29 04:20:07.787895+00:00,buy,76981.6,0.001,0.001,0.003849080000000001,0.07865728525867163,76985.995,-0.003,238.91503531600216,False
2026-04-29 04:20:45.341237+00:00,buy,76962.66,0.001,0.001,0.0038481330000000005,0.07865728525867163,76967.055,-0.002,161.94852718300217,False
2026-04-29 04:21:12.190722+00:00,buy,76962.66,0.001,0.001,0.0038481330000000005,0.07865728525867163,76967.055,-0.001,84.98201905000217,False
2026-04-29 04:21:20.287726+00:00,sell,76971.45,0.001,-0.001,0.0038485725000000004,0.07865728525846412,76967.055,-0.002,161.94962047750218,False
2026-04-29 04:21:21.637572+00:00,buy,76962.66,0.001,0.001,0.0038481330000000005,0.07865728525867163,76967.055,-0.001,84.98311234450217,False
2026-04-29 04:22:00.470736+00:00,buy,76978.7,0.001,0.001,0.0038489350000000004,0.07865728525846412,76983.095,0.0,8.00056340950217,False
2026-04-29 04:22:04.513169+00:00,buy,76978.7,0.001,0.001,0.0038489350000000004,0.07865728525846412,76983.095,0.001,-68.98198552549782,False
2026-04-29 04:22:08.507106+00:00,buy,76978.7,0.001,0.001,0.0038489350000000004,0.07865728525846412,76983.095,0.002,-145.96453446049782,False
2026-04-29 04:22:17.940775+00:00,buy,76991.64,0.001,0.001,0.0038495820000000003,0.07865728525846412,76996.035,0.003,-222.96002404249782,False
2026-04-29 04:22:19.279396+00:00,buy,76991.65000000001,0.001,0.001,0.003849582500000001,0.07880001686026067,76996.035,0.004,-299.9555236249978,False
2026-04-29 04:22:24.619826+00:00,buy,76991.65000000001,0.001,0.001,0.003849582500000001,0.07880001686026067,76996.035,0.005,-376.95102320749777,False
2026-04-29 04:22:31.336376+00:00,buy,77007.12,0.001,0.001,0.003850356,0.0788000168600528,77011.505,0.006,-453.96199356349774,False
2026-04-29 04:23:12.896632+00:00,buy,77029.01,0.001,0.001,0.0038514505,0.07880001686026067,77033.39499999999,0.007,-530.9948550139977,False
2026-04-29 04:23:39.878779+00:00,buy,77037.23,0.001,0.001,0.0038518615,0.07865728525846412,77041.625,0.008,-608.0359368754978,False
2026-04-29 04:23:46.561441+00:00,buy,77037.23,0.001,0.001,0.0038518615,0.07865728525846412,77041.625,0.009000000000000001,-685.0770187369978,False
2026-04-29 04:24:18.858409+00:00,sell,77038.75,0.001,-0.001,0.0038519375000000003,0.0788000168600528,77034.36499999999,0.008,-608.0421206744978,False
2026-04-29 04:24:30.928854+00:00,sell,77015.22,0.001,-0.001,0.0038507610000000003,0.0788000168600528,77010.83499999999,0.007,-531.0307514354978,False
2026-04-29 04:25:11.062011+00:00,buy,76998.7,0.001,0.001,0.003849935,0.07865728525846412,77003.095,0.008,-608.0333013704977,False
2026-04-29 04:25:12.422183+00:00,buy,76998.7,0.001,0.001,0.003849935,0.07865728525846412,77003.095,0.009000000000000001,-685.0358513054977,False
2026-04-29 04:25:23.247804+00:00,buy,77008.21,0.001,0.001,0.0038504105000000005,0.07851481218888125,77012.61499999999,0.010000000000000002,-762.0479117159977,False
2026-04-29 04:26:06.153806+00:00,sell,77044.36,0.001,-0.001,0.0038522180000000006,0.07865728525846412,77039.965,0.009000000000000001,-685.0074039339977,False
2026-04-29 04:27:34.703878+00:00,buy,77033.07,0.001,0.001,0.0038516535000000006,0.07851481218867412,77037.475,0.010000000000000002,-762.0443255874976,False
2026-04-29 04:28:22.848487+00:00,sell,77030.04000000001,0.001,-0.001,0.0038515020000000006,0.07865728525825662,77025.64499999999,0.009000000000000001,-685.0181370894976,False
2026-04-29 04:28:26.841704+00:00,sell,77030.04000000001,0.001,-0.001,0.0038515020000000006,0.07865728525825662,77025.64499999999,0.008,-607.9919485914976,False
2026-04-29 04:28:33.488486+00:00,buy,77021.25,0.001,0.001,0.0038510625000000003,0.07865728525867163,77025.64499999999,0.009000000000000001,-685.0170496539976,False
2026-04-29 04:28:34.849327+00:00,buy,77021.25,0.001,0.001,0.0038510625000000003,0.07865728525867163,77025.64499999999,0.010000000000000002,-762.0421507164975,False
2026-04-29 04:28:36.164683+00:00,sell,77030.04000000001,0.001,-0.001,0.0038515020000000006,0.07865728525825662,77025.64499999999,0.009000000000000001,-685.0159622184975,False
2026-04-29 04:28:41.488351+00:00,sell,77030.04000000001,0.001,-0.001,0.0038515020000000006,0.07865728525825662,77025.64499999999,0.008,-607.9897737204975,False
2026-04-29 04:29:04.357117+00:00,buy,77021.25,0.001,0.001,0.0038510625000000003,0.07865728525867163,77025.64499999999,0.009000000000000001,-685.0148747829975,False
2026-04-29 04:29:08.379637+00:00,buy,77033.08,0.001,0.001,0.0038516540000000004,0.07880001686026067,77037.465,0.010000000000000002,-762.0518064369975,False
2026-04-29 04:31:06.059124+00:00,sell,77043.38,0.001,-0.001,0.0038521690000000008,0.07865728525846412,77038.985,0.009000000000000001,-685.0122786059975,False
2026-04-29 04:31:24.605634+00:00,buy,77016.35,0.001,0.001,0.0038508175000000005,0.07880001686026067,77020.735,0.010000000000000002,-762.0324794234975,False
2026-04-29 04:48:50.088552+00:00,sell,77306.2,0.010000000000000002,-0.010000000000000002,0.0386531,1.0,77306.205,0.0,10.990867476502592,True
