timestamp,side,price,quantity,signed_quantity,fee,p_fill,mid_price,inventory_after,cash_after,is_terminal_unwind
2026-04-28 23:43:44.308547+00:00,sell,76305.11,0.001,-0.001,0.015261022,0.07865728525846412,76300.715,-0.001,76.289848978,False
2026-04-28 23:43:50.728099+00:00,sell,76305.11,0.001,-0.001,0.015261022,0.07865728525846412,76300.715,-0.002,152.579697956,False
2026-04-28 23:44:06.076279+00:00,sell,76305.11,0.001,-0.001,0.015261022,0.07865728525846412,76300.715,-0.003,228.86954693399997,False
2026-04-28 23:44:17.729590+00:00,buy,76296.31,0.001,0.001,0.015259262,0.07851481218867412,76300.715,-0.002,152.55797767199996,False
2026-04-28 23:44:21.614155+00:00,buy,76296.31,0.001,0.001,0.015259262,0.07851481218867412,76300.715,-0.001,76.24640840999996,False
2026-04-28 23:44:28.079635+00:00,buy,76296.31,0.001,0.001,0.015259262,0.07851481218867412,76300.715,0.0,-0.06516085200004723,False
2026-04-28 23:44:53.701427+00:00,buy,76296.32,0.001,0.001,0.015259264000000003,0.07865728525867163,76300.715,0.001,-76.37674011600005,False
2026-04-28 23:45:00.064159+00:00,sell,76305.11,0.001,-0.001,0.015261022,0.07865728525846412,76300.715,0.0,-0.0868911380000512,False
2026-04-28 23:45:18.054207+00:00,buy,76317.38,0.001,0.001,0.015263476000000002,0.07880001686026067,76321.765,0.001,-76.41953461400006,False
2026-04-28 23:45:36.153958+00:00,buy,76324.59,0.001,0.001,0.015264918,0.07865728525846412,76328.985,0.002,-152.75938953200006,False
2026-04-28 23:45:51.621039+00:00,buy,76324.6,0.001,0.001,0.015264920000000003,0.07880001686026067,76328.985,0.003,-229.09925445200005,False
2026-04-28 23:46:28.932203+00:00,buy,76342.1,0.001,0.001,0.015268420000000003,0.07880001686026067,76346.485,0.004,-305.456622872,False
2026-04-28 23:46:50.932757+00:00,buy,76340.75,0.001,0.001,0.015268150000000001,0.07851481218867412,76345.155,0.005,-381.81264102200004,False
2026-04-28 23:46:58.616821+00:00,sell,76349.55,0.001,-0.001,0.015269910000000001,0.07865728525846412,76345.155,0.004,-305.478360932,False
2026-04-28 23:47:23.129044+00:00,sell,76345.64,0.001,-0.001,0.015269128000000002,0.07880001686026067,76341.255,0.003,-229.14799005999998,False
2026-04-28 23:47:37.264465+00:00,sell,76345.64,0.001,-0.001,0.015269128000000002,0.07880001686026067,76341.255,0.002,-152.81761918799998,False
2026-04-28 23:47:38.551991+00:00,sell,76345.64,0.001,-0.001,0.015269128000000002,0.07880001686026067,76341.255,0.001,-76.48724831599998,False
2026-04-28 23:47:41.120810+00:00,sell,76345.64,0.001,-0.001,0.015269128000000002,0.07880001686026067,76341.255,0.0,-0.15687744399997436,False
2026-04-28 23:47:51.411445+00:00,sell,76345.64,0.001,-0.001,0.015269128000000002,0.07880001686026067,76341.255,-0.001,76.17349342800003,False
2026-04-28 23:47:59.097324+00:00,sell,76335.73,0.001,-0.001,0.015267146,0.07880001686026067,76331.345,-0.002,152.49395628200003,False
2026-04-28 23:48:05.519526+00:00,sell,76333.37,0.001,-0.001,0.015266674000000001,0.07880001686026067,76328.985,-0.003,228.81205960800003,False
2026-04-28 23:49:48.309655+00:00,sell,76336.67,0.001,-0.001,0.015267334,0.07865728525846412,76332.275,-0.004,305.13346227400007,False
2026-04-28 23:50:07.641120+00:00,buy,76327.88,0.001,0.001,0.015265576000000003,0.07865728525867163,76332.275,-0.003,228.79031669800008,False
2026-04-28 23:50:11.494779+00:00,sell,76336.68000000001,0.001,-0.001,0.015267336000000003,0.07851481218846697,76332.275,-0.004,305.11172936200006,False
2026-04-28 23:50:12.789634+00:00,buy,76327.88,0.001,0.001,0.015265576000000003,0.07865728525867163,76332.275,-0.003,228.76858378600008,False
2026-04-28 23:50:12.789634+00:00,sell,76336.68000000001,0.001,-0.001,0.015267336000000003,0.07851481218846697,76332.275,-0.004,305.08999645000006,False
2026-04-28 23:50:16.648981+00:00,buy,76327.88,0.001,0.001,0.015265576000000003,0.07865728525867163,76332.275,-0.003,228.74685087400007,False
2026-04-28 23:50:21.717205+00:00,buy,76327.88,0.001,0.001,0.015265576000000003,0.07865728525867163,76332.275,-0.002,152.4037052980001,False
2026-04-28 23:50:33.223612+00:00,sell,76336.67,0.001,-0.001,0.015267334,0.07865728525846412,76332.275,-0.003,228.7251079640001,False
2026-04-28 23:50:34.514505+00:00,sell,76336.67,0.001,-0.001,0.015267334,0.07865728525846412,76332.275,-0.004,305.0465106300001,False
2026-04-28 23:50:57.604932+00:00,buy,76327.88,0.001,0.001,0.015265576000000003,0.07865728525867163,76332.275,-0.003,228.70336505400013,False
2026-04-28 23:51:16.839269+00:00,buy,76319.02,0.001,0.001,0.015263804000000002,0.07865728525846412,76323.41500000001,-0.002,152.3690812500001,False
2026-04-28 23:51:18.134161+00:00,buy,76319.02,0.001,0.001,0.015263804000000002,0.07865728525846412,76323.41500000001,-0.001,76.0347974460001,False
2026-04-28 23:51:22.001234+00:00,buy,76319.01,0.001,0.001,0.015263802,0.07851481218846697,76323.41500000001,0.0,-0.2994763559998932,False
2026-04-28 23:51:33.872857+00:00,sell,76321.11,0.001,-0.001,0.015264222000000001,0.07880001686026067,76316.725,-0.001,76.0063694220001,False
2026-04-28 23:51:53.220572+00:00,buy,76312.33,0.001,0.001,0.015262466000000002,0.07865728525846412,76316.725,0.0,-0.32122304399989754,False
2026-04-28 23:52:04.742132+00:00,buy,76319.01,0.001,0.001,0.015263802,0.07865728525846412,76323.405,0.001,-76.65549684599989,False
2026-04-28 23:52:29.136141+00:00,buy,76332.22,0.001,0.001,0.015266444000000002,0.0788000168600528,76336.60500000001,0.002,-153.0029832899999,False
2026-04-28 23:52:35.523510+00:00,buy,76332.22,0.001,0.001,0.015266444000000002,0.0788000168600528,76336.60500000001,0.003,-229.3504697339999,False
2026-04-28 23:53:07.651038+00:00,buy,76342.1,0.001,0.001,0.015268420000000003,0.07880001686026067,76346.485,0.004,-305.7078381539999,False
2026-04-28 23:53:24.398361+00:00,buy,76342.08,0.001,0.001,0.015268416000000002,0.07851481218867412,76346.485,0.005,-382.0651865699999,False
2026-04-28 23:53:25.698603+00:00,buy,76342.08,0.001,0.001,0.015268416000000002,0.07851481218867412,76346.485,0.006,-458.42253498599996,False
2026-04-28 23:53:32.126114+00:00,buy,76342.09,0.001,0.001,0.015268418,0.07865728525846412,76346.485,0.007,-534.779893404,False
2026-04-28 23:53:34.713518+00:00,buy,76342.09,0.001,0.001,0.015268418,0.07865728525846412,76346.485,0.008,-611.1372518219999,False
2026-04-28 23:53:35.980087+00:00,sell,76350.88,0.001,-0.001,0.015270176000000002,0.07865728525846412,76346.485,0.007,-534.8016419979999,False
2026-04-28 23:53:56.485453+00:00,buy,76342.09,0.001,0.001,0.015268418,0.07865728525846412,76346.485,0.008,-611.1590004159999,False
2026-04-28 23:53:57.769424+00:00,buy,76342.09,0.001,0.001,0.015268418,0.07865728525846412,76346.485,0.009000000000000001,-687.5163588339999,False
2026-04-28 23:54:27.746201+00:00,sell,76350.88,0.001,-0.001,0.015270176000000002,0.07865728525846412,76346.485,0.008,-611.1807490099999,False
2026-04-28 23:54:30.335864+00:00,buy,76342.08,0.001,0.001,0.015268416000000002,0.07851481218867412,76346.485,0.009000000000000001,-687.5380974259999,False
2026-04-28 23:54:31.607924+00:00,buy,76342.08,0.001,0.001,0.015268416000000002,0.07851481218867412,76346.485,0.010000000000000002,-763.895445842,False
2026-04-28 23:54:35.450562+00:00,sell,76350.88,0.001,-0.001,0.015270176000000002,0.07865728525846412,76346.485,0.009000000000000001,-687.5598360179999,False
2026-04-28 23:54:38.001462+00:00,buy,76342.09,0.001,0.001,0.015268418,0.07865728525846412,76346.485,0.010000000000000002,-763.9171944359999,False
2026-04-28 23:54:44.398587+00:00,sell,76373.94,0.001,-0.001,0.015274788000000001,0.07865728525846412,76369.545,0.009000000000000001,-687.5585292239999,False
2026-04-28 23:54:48.236483+00:00,sell,76367.66,0.001,-0.001,0.015273532000000003,0.07865728525846412,76363.265,0.008,-611.206142756,False
2026-04-28 23:54:59.779262+00:00,buy,76359.90000000001,0.001,0.001,0.015271980000000003,0.07865728525867163,76364.295,0.009000000000000001,-687.581314736,False
2026-04-28 23:55:02.342709+00:00,sell,76357.38,0.001,-0.001,0.015271476000000003,0.07865728525846412,76352.985,0.008,-611.2392062119999,False
2026-04-28 23:55:07.469132+00:00,buy,76348.6,0.001,0.001,0.015269720000000002,0.07880001686026067,76352.985,0.009000000000000001,-687.6030759319999,False
2026-04-28 23:55:10.027768+00:00,buy,76353.76,0.001,0.001,0.015270752,0.07880001686026067,76358.14499999999,0.010000000000000002,-763.9721066839999,False
2026-04-28 23:55:21.641876+00:00,sell,76352.69,0.001,-0.001,0.015270538000000002,0.0788000168600528,76348.305,0.009000000000000001,-687.6346872219998,False
2026-04-28 23:55:45.991713+00:00,sell,76344.38,0.001,-0.001,0.015268876000000002,0.07865728525846412,76339.985,0.008,-611.3055760979998,False
2026-04-28 23:55:47.284693+00:00,sell,76344.38,0.001,-0.001,0.015268876000000002,0.07865728525846412,76339.985,0.007,-534.9764649739999,False
2026-04-28 23:55:48.579834+00:00,sell,76344.38,0.001,-0.001,0.015268876000000002,0.07865728525846412,76339.985,0.006,-458.6473538499999,False
2026-04-28 23:56:04.039295+00:00,buy,76335.59,0.001,0.001,0.015267118000000001,0.07865728525846412,76339.985,0.007,-534.9982109679999,False
2026-04-28 23:56:05.317235+00:00,buy,76335.59,0.001,0.001,0.015267118000000001,0.07865728525846412,76339.985,0.008,-611.3490680859999,False
2026-04-28 23:56:16.891985+00:00,buy,76342.09,0.001,0.001,0.015268418,0.07865728525846412,76346.485,0.009000000000000001,-687.7064265039999,False
2026-04-28 23:56:23.255590+00:00,buy,76342.09,0.001,0.001,0.015268418,0.07865728525846412,76346.485,0.010000000000000002,-764.0637849219999,False
2026-04-28 23:56:46.459051+00:00,sell,76345.41,0.001,-0.001,0.015269082000000002,0.07865728525846412,76341.015,0.009000000000000001,-687.7336440039999,False
2026-04-28 23:57:23.689423+00:00,sell,76346.89,0.001,-0.001,0.015269378000000002,0.07865728525846412,76342.495,0.008,-611.4020233819998,False
2026-04-28 23:57:53.103613+00:00,buy,76349.33,0.001,0.001,0.015269866000000002,0.07865728525846412,76353.725,0.009000000000000001,-687.7666232479999,False
2026-04-28 23:58:02.109988+00:00,buy,76349.33,0.001,0.001,0.015269866000000002,0.07865728525846412,76353.725,0.010000000000000002,-764.1312231139999,False
2026-04-28 23:59:26.898717+00:00,sell,76359.21,0.001,-0.001,0.015271842000000002,0.07880001686026067,76354.82500000001,0.009000000000000001,-687.7872849559999,False
2026-04-28 23:59:47.389996+00:00,sell,76349.11,0.001,-0.001,0.015269822,0.07880001686026067,76344.725,0.008,-611.453444778,False
2026-04-29 00:00:00.280482+00:00,sell,76347.17,0.001,-0.001,0.015269434,0.07865728525846412,76342.775,0.007,-535.1215442119999,False
2026-04-29 00:00:02.836371+00:00,buy,76331.02,0.001,0.001,0.015266204000000002,0.07851481218888125,76335.42499999999,0.008,-611.4678304159999,False
2026-04-29 00:00:26.030021+00:00,sell,76307.52,0.001,-0.001,0.015261504000000002,0.07880001686026067,76303.13500000001,0.007,-535.1755719199999,False
2026-04-29 00:00:55.527840+00:00,buy,76312.32,0.001,0.001,0.015262464000000003,0.07865728525867163,76316.715,0.008,-611.5031543839999,False
2026-04-29 00:01:22.476508+00:00,sell,76356.39,0.001,-0.001,0.015271278000000001,0.07865728525846412,76351.995,0.007,-535.1620356619999,False
2026-04-29 00:01:58.424358+00:00,sell,76356.38,0.001,-0.001,0.015271276000000002,0.07865728525846412,76351.985,0.006,-458.8209269379999,False
2026-04-29 00:02:08.706260+00:00,buy,76347.59,0.001,0.001,0.015269518000000001,0.07865728525846412,76351.985,0.007,-535.1837864559999,False
2026-04-29 00:02:30.538501+00:00,sell,76368.69,0.001,-0.001,0.015273738000000002,0.07865728525846412,76364.295,0.006,-458.8303701939999,False
2026-04-29 00:02:45.921514+00:00,sell,76368.69,0.001,-0.001,0.015273738000000002,0.07865728525846412,76364.295,0.005,-382.4769539319999,False
2026-04-29 00:02:47.190175+00:00,sell,76368.69,0.001,-0.001,0.015273738000000002,0.07865728525846412,76364.295,0.004,-306.1235376699999,False
2026-04-29 00:02:48.480272+00:00,buy,76359.90000000001,0.001,0.001,0.015271980000000003,0.07865728525867163,76364.295,0.005,-382.49870964999997,False
2026-04-29 00:02:51.053853+00:00,sell,76368.69,0.001,-0.001,0.015273738000000002,0.07865728525846412,76364.295,0.004,-306.14529338799997,False
2026-04-29 00:03:37.269774+00:00,sell,76363.3,0.001,-0.001,0.015272660000000002,0.07865728525846412,76358.905,0.003,-229.79726604799995,False
2026-04-29 00:03:38.552927+00:00,sell,76363.25,0.001,-0.001,0.015272650000000002,0.07865728525867163,76358.85500000001,0.002,-153.44928869799995,False
2026-04-29 00:03:48.865771+00:00,sell,76363.25,0.001,-0.001,0.015272650000000002,0.07865728525867163,76358.85500000001,0.001,-77.10131134799994,False
2026-04-29 00:03:50.206345+00:00,buy,76354.45,0.001,0.001,0.01527089,0.07851481218846697,76358.85500000001,0.002,-153.47103223799996,False
2026-04-29 00:03:55.402868+00:00,sell,76363.25,0.001,-0.001,0.015272650000000002,0.07865728525867163,76358.85500000001,0.001,-77.12305488799996,False
2026-04-29 00:04:04.418697+00:00,sell,76363.25,0.001,-0.001,0.015272650000000002,0.07865728525867163,76358.85500000001,0.0,-0.7750775379999482,False
2026-04-29 00:04:18.533501+00:00,buy,76380.88,0.001,0.001,0.015276176000000002,0.07865728525867163,76385.275,0.001,-77.17123371399995,False
2026-04-29 00:07:15.748834+00:00,sell,76343.89,0.001,-0.001,0.015268778000000002,0.07865728525846412,76339.495,0.0,-0.8426124919999516,False
2026-04-29 00:07:22.193187+00:00,sell,76331.21,0.001,-0.001,0.015266242000000003,0.07880001686026067,76326.82500000001,-0.001,75.47333126600006,False
2026-04-29 00:07:23.472751+00:00,sell,76331.21,0.001,-0.001,0.015266242000000003,0.07880001686026067,76326.82500000001,-0.002,151.78927502400006,False
2026-04-29 00:07:27.354594+00:00,sell,76327.39,0.001,-0.001,0.015265478,0.07880001686026067,76323.005,-0.003,228.10139954600004,False
2026-04-29 00:07:33.779948+00:00,sell,76327.39,0.001,-0.001,0.015265478,0.07880001686026067,76323.005,-0.004,304.413524068,False
2026-04-29 00:08:13.450948+00:00,buy,76345.6,0.001,0.001,0.015269120000000002,0.07865728525867163,76349.995,-0.003,228.05265494800003,False
2026-04-29 00:08:19.844478+00:00,sell,76350.53,0.001,-0.001,0.015270106,0.07851481218867412,76346.125,-0.004,304.38791484200004,False
2026-04-29 00:08:35.275270+00:00,buy,76349.71,0.001,0.001,0.015269942000000003,0.07865728525846412,76354.10500000001,-0.003,228.02293490000002,False
2026-04-29 00:08:37.855599+00:00,buy,76349.71,0.001,0.001,0.015269942000000003,0.07865728525846412,76354.10500000001,-0.002,151.65795495800003,False
2026-04-29 00:08:41.687874+00:00,buy,76349.71,0.001,0.001,0.015269942000000003,0.07865728525846412,76354.10500000001,-0.001,75.29297501600003,False
2026-04-29 00:08:46.805196+00:00,buy,76349.71,0.001,0.001,0.015269942000000003,0.07865728525846412,76354.10500000001,0.0,-1.0720049259999735,False
2026-04-29 00:08:55.846383+00:00,buy,76349.71,0.001,0.001,0.015269942000000003,0.07865728525846412,76354.10500000001,0.001,-77.43698486799998,False
2026-04-29 00:09:20.236136+00:00,sell,76353.40000000001,0.001,-0.001,0.015270680000000003,0.0788000168600528,76349.015,0.0,-1.0988555479999742,False
2026-04-29 00:09:26.640260+00:00,sell,76353.41,0.001,-0.001,0.015270682000000002,0.07865728525846412,76349.015,-0.001,75.23928377000004,False
2026-04-29 00:09:36.929616+00:00,sell,76345.2,0.001,-0.001,0.015269040000000001,0.07880001686026067,76340.815,-0.002,151.56921473000006,False
2026-04-29 00:09:39.486245+00:00,sell,76345.2,0.001,-0.001,0.015269040000000001,0.07880001686026067,76340.815,-0.003,227.89914569000007,False
2026-04-29 00:10:12.932961+00:00,sell,76348.74,0.001,-0.001,0.015269748000000003,0.07880001686026067,76344.35500000001,-0.004,304.2326159420001,False
2026-04-29 00:10:18.034326+00:00,sell,76335.88,0.001,-0.001,0.015267176000000002,0.0788000168600528,76331.495,-0.005,380.55322876600013,False
2026-04-29 00:10:24.451288+00:00,sell,76327.39,0.001,-0.001,0.015265478,0.07880001686026067,76323.005,-0.006,456.8653532880001,False
2026-04-29 00:11:00.410265+00:00,buy,76323.78,0.001,0.001,0.015264756,0.07865728525867163,76328.17499999999,-0.005,380.5263085320001,False
2026-04-29 00:11:24.714906+00:00,buy,76323.78,0.001,0.001,0.015264756,0.07865728525867163,76328.17499999999,-0.004,304.18726377600007,False
2026-04-29 00:11:42.728783+00:00,sell,76326.31,0.001,-0.001,0.015265262000000002,0.07865728525867163,76321.91500000001,-0.005,380.49830851400003,False
2026-04-29 00:12:03.296633+00:00,buy,76321.33,0.001,0.001,0.015264266000000002,0.07865728525846412,76325.725,-0.004,304.16171424800007,False
2026-04-29 00:12:05.882736+00:00,buy,76321.33,0.001,0.001,0.015264266000000002,0.07865728525846412,76325.725,-0.003,227.82511998200007,False
2026-04-29 00:12:50.083701+00:00,buy,76330.04000000001,0.001,0.001,0.015266008000000003,0.07865728525867163,76334.435,-0.002,151.47981397400005,False
2026-04-29 00:12:59.078526+00:00,buy,76333.25,0.001,0.001,0.015266650000000001,0.0788000168600528,76337.63500000001,-0.001,75.13129732400004,False
2026-04-29 00:13:38.858262+00:00,sell,76350.88,0.001,-0.001,0.015270176000000002,0.07865728525846412,76346.485,-0.002,151.46690714800005,False
2026-04-29 00:13:45.297600+00:00,sell,76345.37,0.001,-0.001,0.015269074,0.07880001686026067,76340.985,-0.003,227.79700807400005,False
2026-04-29 00:13:49.125067+00:00,sell,76345.37,0.001,-0.001,0.015269074,0.07880001686026067,76340.985,-0.004,304.127109,False
2026-04-29 00:13:52.974984+00:00,sell,76345.38,0.001,-0.001,0.015269076000000003,0.07865728525846412,76340.985,-0.005,380.457219924,False
2026-04-29 00:14:03.341710+00:00,sell,76345.38,0.001,-0.001,0.015269076000000003,0.07865728525846412,76340.985,-0.006,456.787330848,False
2026-04-29 00:14:32.853917+00:00,sell,76330.64,0.001,-0.001,0.015266128000000002,0.07880001686026067,76326.255,-0.007,533.10270472,False
2026-04-29 00:14:35.419747+00:00,sell,76330.64,0.001,-0.001,0.015266128000000002,0.07880001686026067,76326.255,-0.008,609.418078592,False
2026-04-29 00:14:57.286996+00:00,buy,76343.88,0.001,0.001,0.015268776000000003,0.07865728525867163,76348.275,-0.007,533.058929816,False
2026-04-29 00:15:15.221883+00:00,buy,76328.01,0.001,0.001,0.015265602,0.07865728525846412,76332.405,-0.006,456.71565421400004,False
2026-04-29 00:15:31.904491+00:00,sell,76325.52,0.001,-0.001,0.015265104000000002,0.07865728525846412,76321.125,-0.007,533.02590911,False
2026-04-29 00:15:43.503312+00:00,buy,76316.47,0.001,0.001,0.015263294000000002,0.0788000168600528,76320.85500000001,-0.006,456.69417581600004,False
2026-04-29 00:15:48.634611+00:00,sell,76325.24,0.001,-0.001,0.015265048000000002,0.07880001686026067,76320.85500000001,-0.007,533.004150768,False
2026-04-29 00:17:02.118753+00:00,buy,76324.79000000001,0.001,0.001,0.015264958000000004,0.07851481218867412,76329.195,-0.006,456.66409581000005,False
2026-04-29 00:17:04.696814+00:00,sell,76333.59,0.001,-0.001,0.015266718,0.07865728525867163,76329.195,-0.007,532.982419092,False
2026-04-29 00:17:05.982987+00:00,buy,76324.8,0.001,0.001,0.015264960000000003,0.07865728525846412,76329.195,-0.006,456.642354132,False
2026-04-29 00:17:07.242960+00:00,buy,76324.8,0.001,0.001,0.015264960000000003,0.07865728525846412,76329.195,-0.005,380.3022891719999,False
2026-04-29 00:17:11.115841+00:00,buy,76324.8,0.001,0.001,0.015264960000000003,0.07865728525846412,76329.195,-0.004,303.96222421199985,False
2026-04-29 00:17:14.982217+00:00,buy,76324.8,0.001,0.001,0.015264960000000003,0.07865728525846412,76329.195,-0.003,227.62215925199985,False
2026-04-29 00:17:31.667296+00:00,sell,76333.58,0.001,-0.001,0.015266716000000001,0.07880001686026067,76329.195,-0.004,303.94047253599985,False
2026-04-29 00:17:35.546359+00:00,buy,76324.79000000001,0.001,0.001,0.015264958000000004,0.07851481218867412,76329.195,-0.003,227.60041757799985,False
2026-04-29 00:17:45.889139+00:00,sell,76327.40000000001,0.001,-0.001,0.015265480000000003,0.0788000168600528,76323.015,-0.004,303.9125520979999,False
2026-04-29 00:17:57.404138+00:00,sell,76327.40000000001,0.001,-0.001,0.015265480000000003,0.0788000168600528,76323.015,-0.005,380.2246866179999,False
2026-04-29 00:18:01.249441+00:00,sell,76327.04000000001,0.001,-0.001,0.015265408000000003,0.0788000168600528,76322.655,-0.006,456.5364612099999,False
2026-04-29 00:18:08.952730+00:00,sell,76319.98,0.001,-0.001,0.015263996,0.07880001686026067,76315.595,-0.007,532.8411772139999,False
2026-04-29 00:18:19.207193+00:00,sell,76304.40000000001,0.001,-0.001,0.015260880000000003,0.07865728525846412,76300.005,-0.008,609.1303163339999,False
2026-04-29 00:18:55.141290+00:00,buy,76273.62,0.001,0.001,0.015254724,0.0788000168600528,76278.005,-0.007,532.84144161,False
2026-04-29 00:19:16.909310+00:00,buy,76286.61,0.001,0.001,0.015257322000000002,0.07880001686026067,76290.995,-0.006,456.5395742879999,False
2026-04-29 00:19:23.293407+00:00,buy,76286.6,0.001,0.001,0.015257320000000003,0.07865728525867163,76290.995,-0.005,380.2377169679999,False
2026-04-29 00:19:25.859949+00:00,sell,76295.39,0.001,-0.001,0.015259078,0.07865728525846412,76290.995,-0.006,456.5178478899999,False
2026-04-29 00:19:30.996937+00:00,sell,76295.39,0.001,-0.001,0.015259078,0.07865728525846412,76290.995,-0.007,532.797978812,False
2026-04-29 00:19:36.142927+00:00,buy,76286.6,0.001,0.001,0.015257320000000003,0.07865728525867163,76290.995,-0.006,456.496121492,False
2026-04-29 00:19:42.565795+00:00,sell,76295.39,0.001,-0.001,0.015259078,0.07865728525846412,76290.995,-0.007,532.7762524139999,False
2026-04-29 00:19:50.324436+00:00,buy,76293.43000000001,0.001,0.001,0.015258686000000002,0.07880001686026067,76297.815,-0.006,456.46756372799996,False
2026-04-29 00:22:09.571769+00:00,buy,76308.2,0.001,0.001,0.01526164,0.07880001686026067,76312.58499999999,-0.005,380.14410208799995,False
2026-04-29 00:22:35.245038+00:00,buy,76311.26,0.001,0.001,0.015262252,0.07880001686026067,76315.64499999999,-0.004,303.81757983599994,False
2026-04-29 00:22:55.837949+00:00,sell,76315.23,0.001,-0.001,0.015263046,0.07880001686026067,76310.845,-0.005,380.11754678999995,False
2026-04-29 00:23:15.515952+00:00,buy,76306.45,0.001,0.001,0.01526129,0.07865728525846412,76310.845,-0.004,303.79583549999995,False
2026-04-29 00:23:16.796420+00:00,sell,76315.24,0.001,-0.001,0.015263048000000003,0.07865728525846412,76310.845,-0.005,380.09581245199996,False
2026-04-29 00:23:19.381922+00:00,sell,76315.25,0.001,-0.001,0.015263050000000002,0.07851481218867412,76310.845,-0.006,456.39579940199997,False
2026-04-29 00:23:29.629839+00:00,buy,76311.25,0.001,0.001,0.015262250000000002,0.07865728525867163,76315.64499999999,-0.005,380.069287152,False
2026-04-29 00:23:50.226590+00:00,buy,76311.25,0.001,0.001,0.015262250000000002,0.07865728525867163,76315.64499999999,-0.004,303.74277490200006,False
2026-04-29 00:23:57.880182+00:00,sell,76320.04000000001,0.001,-0.001,0.015264008000000003,0.07865728525825662,76315.64499999999,-0.005,380.0475508940001,False
2026-04-29 00:24:29.955730+00:00,buy,76311.25,0.001,0.001,0.015262250000000002,0.07865728525867163,76315.64499999999,-0.004,303.72103864400015,False
2026-04-29 00:24:33.830454+00:00,buy,76311.25,0.001,0.001,0.015262250000000002,0.07865728525867163,76315.64499999999,-0.003,227.39452639400014,False
2026-04-29 00:25:08.481197+00:00,buy,76326.91,0.001,0.001,0.015265382000000003,0.07865728525867163,76331.305,-0.002,151.05235101200014,False
2026-04-29 00:25:09.776584+00:00,buy,76326.91,0.001,0.001,0.015265382000000003,0.07865728525867163,76331.305,-0.001,74.71017563000015,False
2026-04-29 00:25:17.443658+00:00,sell,76335.7,0.001,-0.001,0.01526714,0.07865728525846412,76331.305,-0.002,151.03060849000016,False
2026-04-29 00:25:28.955047+00:00,buy,76326.91,0.001,0.001,0.015265382000000003,0.07865728525867163,76331.305,-0.001,74.68843310800017,False
2026-04-29 00:25:44.391123+00:00,sell,76327.07,0.001,-0.001,0.015265414000000003,0.0788000168600528,76322.685,-0.002,151.0002376940002,False
2026-04-29 00:26:06.340089+00:00,sell,76326.28,0.001,-0.001,0.015265256000000001,0.07851481218867412,76321.875,-0.003,227.3112524380002,False
2026-04-29 00:26:07.624662+00:00,sell,76326.27,0.001,-0.001,0.015265254000000002,0.07865728525846412,76321.875,-0.004,303.6222571840002,False
2026-04-29 00:26:12.732824+00:00,sell,76326.27,0.001,-0.001,0.015265254000000002,0.07865728525846412,76321.875,-0.005,379.93326193000024,False
2026-04-29 00:26:43.726006+00:00,sell,76319.55,0.001,-0.001,0.015263910000000002,0.07865728525846412,76315.155,-0.006,456.23754802000025,False
2026-04-29 00:26:45.024594+00:00,buy,76310.76,0.001,0.001,0.015262152000000001,0.07865728525846412,76315.155,-0.005,379.91152586800024,False
2026-04-29 00:27:03.070764+00:00,sell,76315.08,0.001,-0.001,0.015263016000000003,0.07880001686026067,76310.695,-0.006,456.21134285200026,False
2026-04-29 00:27:05.634138+00:00,sell,76315.08,0.001,-0.001,0.015263016000000003,0.07880001686026067,76310.695,-0.007,532.5111598360003,False
2026-04-29 00:27:10.775169+00:00,sell,76314.08,0.001,-0.001,0.015262816000000002,0.07880001686026067,76309.695,-0.008,608.8099770200002,False
2026-04-29 00:27:15.939137+00:00,buy,76307.71,0.001,0.001,0.015261542000000003,0.07865728525846412,76312.10500000001,-0.007,532.4870054780002,False
2026-04-29 00:27:17.237091+00:00,buy,76307.71,0.001,0.001,0.015261542000000003,0.07865728525846412,76312.10500000001,-0.006,456.1640339360002,False
2026-04-29 00:27:31.358030+00:00,buy,76307.71,0.001,0.001,0.015261542000000003,0.07865728525846412,76312.10500000001,-0.005,379.8410623940002,False
2026-04-29 00:27:59.701978+00:00,buy,76321.98,0.001,0.001,0.015264396000000001,0.07865728525846412,76326.375,-0.004,303.50381799800016,False
2026-04-29 00:28:00.991795+00:00,buy,76321.98,0.001,0.001,0.015264396000000001,0.07865728525846412,76326.375,-0.003,227.16657360200017,False
2026-04-29 00:28:03.567088+00:00,sell,76330.77,0.001,-0.001,0.015266154000000002,0.07865728525846412,76326.375,-0.004,303.48207744800015,False
2026-04-29 00:28:04.843031+00:00,sell,76330.77,0.001,-0.001,0.015266154000000002,0.07865728525846412,76326.375,-0.005,379.79758129400017,False
2026-04-29 00:28:07.384485+00:00,sell,76330.77,0.001,-0.001,0.015266154000000002,0.07865728525846412,76326.375,-0.006,456.1130851400001,False
2026-04-29 00:28:31.634611+00:00,sell,76330.77,0.001,-0.001,0.015266154000000002,0.07865728525846412,76326.375,-0.007,532.4285889860001,False
2026-04-29 00:28:44.466519+00:00,sell,76330.76,0.001,-0.001,0.015266152,0.07880001686026067,76326.375,-0.008,608.7440828340001,False
2026-04-29 00:29:06.315489+00:00,buy,76320.11,0.001,0.001,0.015264022000000002,0.07865728525846412,76324.505,-0.007,532.4087088120001,False
2026-04-29 00:29:24.314180+00:00,sell,76328.90000000001,0.001,-0.001,0.015265780000000003,0.07865728525846412,76324.505,-0.008,608.722343032,False
2026-04-29 00:29:37.199485+00:00,buy,76320.1,0.001,0.001,0.015264020000000003,0.07851481218867412,76324.505,-0.007,532.386979012,False
2026-04-29 00:29:42.365480+00:00,buy,76320.11,0.001,0.001,0.015264022000000002,0.07865728525846412,76324.505,-0.006,456.05160499,False
2026-04-29 00:29:44.914756+00:00,sell,76328.90000000001,0.001,-0.001,0.015265780000000003,0.07865728525846412,76324.505,-0.007,532.3652392099999,False
2026-04-29 00:30:13.235788+00:00,buy,76329.96,0.001,0.001,0.015265992000000003,0.07865728525846412,76334.35500000001,-0.006,456.02001321799986,False
2026-04-29 00:30:19.651536+00:00,sell,76338.74,0.001,-0.001,0.015267748000000003,0.07880001686026067,76334.35500000001,-0.007,532.3434854699998,False
2026-04-29 00:30:33.729523+00:00,buy,76329.96,0.001,0.001,0.015265992000000003,0.07865728525846412,76334.35500000001,-0.006,455.99825947799974,False
2026-04-29 00:30:36.294674+00:00,buy,76329.96,0.001,0.001,0.015265992000000003,0.07865728525846412,76334.35500000001,-0.005,379.6530334859997,False
2026-04-29 00:30:45.275575+00:00,buy,76333.25,0.001,0.001,0.015266650000000001,0.0788000168600528,76337.63500000001,-0.004,303.30451683599966,False
2026-04-29 00:30:50.482756+00:00,buy,76333.85,0.001,0.001,0.015266770000000002,0.07880001686026067,76338.235,-0.003,226.95540006599964,False
2026-04-29 00:31:03.325389+00:00,buy,76341.05,0.001,0.001,0.015268210000000003,0.07865728525846412,76345.445,-0.002,150.59908185599966,False
2026-04-29 00:31:05.889359+00:00,buy,76341.05,0.001,0.001,0.015268210000000003,0.07865728525846412,76345.445,-0.001,74.24276364599964,False
2026-04-29 00:31:08.459317+00:00,buy,76341.05,0.001,0.001,0.015268210000000003,0.07865728525846412,76345.445,0.0,-2.113554564000365,False
2026-04-29 00:31:34.141954+00:00,buy,76341.92,0.001,0.001,0.015268384000000001,0.07865728525846412,76346.315,0.001,-78.47074294800036,False
2026-04-29 00:32:52.355776+00:00,sell,76338.54000000001,0.001,-0.001,0.015267708000000003,0.0788000168600528,76334.155,0.0,-2.147470656000355,False
2026-04-29 00:33:30.836711+00:00,sell,76335.71,0.001,-0.001,0.015267142000000003,0.07880001686026067,76331.32500000001,-0.001,74.17297220199966,False
2026-04-29 00:33:55.170338+00:00,sell,76328.49,0.001,-0.001,0.015265698000000003,0.07880001686026067,76324.10500000001,-0.002,150.48619650399965,False
2026-04-29 00:34:10.541428+00:00,sell,76312.81,0.001,-0.001,0.015262562,0.0788000168600528,76308.42499999999,-0.003,226.78374394199963,False
2026-04-29 00:34:32.433143+00:00,buy,76304.04000000001,0.001,0.001,0.015260808000000002,0.07880001686046857,76308.42499999999,-0.002,150.46444313399962,False
2026-04-29 00:34:42.727675+00:00,sell,76312.82,0.001,-0.001,0.015262564000000003,0.07865728525825662,76308.42499999999,-0.003,226.7620005699996,False
2026-04-29 00:34:53.033035+00:00,sell,76312.81,0.001,-0.001,0.015262562,0.0788000168600528,76308.42499999999,-0.004,303.05954800799964,False
2026-04-29 00:35:16.229798+00:00,sell,76309.13,0.001,-0.001,0.015261826000000003,0.07865728525846412,76304.735,-0.005,379.3534161819996,False
2026-04-29 00:35:30.412886+00:00,sell,76309.12,0.001,-0.001,0.015261824,0.07880001686026067,76304.735,-0.006,455.6472743579996,False
2026-04-29 00:35:40.655682+00:00,sell,76309.12,0.001,-0.001,0.015261824,0.07880001686026067,76304.735,-0.007,531.9411325339995,False
2026-04-29 00:35:44.513137+00:00,sell,76293.38,0.001,-0.001,0.015258676000000002,0.07865728525846412,76288.985,-0.008,608.2192538579995,False
2026-04-29 00:35:45.819602+00:00,sell,76293.38,0.001,-0.001,0.015258676000000002,0.07865728525846412,76288.985,-0.009000000000000001,684.4973751819996,False
2026-04-29 00:35:53.485403+00:00,sell,76293.38,0.001,-0.001,0.015258676000000002,0.07865728525846412,76288.985,-0.010000000000000002,760.7754965059996,False
2026-04-29 00:36:15.328455+00:00,buy,76302.36,0.001,0.001,0.015260472,0.07880001686026067,76306.745,-0.009000000000000001,684.4578760339996,False
2026-04-29 00:36:25.562413+00:00,buy,76302.36,0.001,0.001,0.015260472,0.07880001686026067,76306.745,-0.008,608.1402555619995,False
2026-04-29 00:36:53.893794+00:00,buy,76304.04000000001,0.001,0.001,0.015260808000000002,0.07880001686046857,76308.42499999999,-0.007,531.8209547539996,False
2026-04-29 00:36:56.461225+00:00,sell,76312.82,0.001,-0.001,0.015262564000000003,0.07865728525825662,76308.42499999999,-0.008,608.1185121899996,False
2026-04-29 00:37:01.609580+00:00,buy,76304.03,0.001,0.001,0.015260806000000002,0.07865728525867163,76308.42499999999,-0.007,531.7992213839996,False
2026-04-29 00:37:06.828073+00:00,buy,76304.03,0.001,0.001,0.015260806000000002,0.07865728525867163,76308.42499999999,-0.006,455.47993057799954,False
2026-04-29 00:37:28.557468+00:00,sell,76314.40000000001,0.001,-0.001,0.015262880000000003,0.07851481218846697,76309.995,-0.007,531.7790676979995,False
2026-04-29 00:37:36.236947+00:00,buy,76305.6,0.001,0.001,0.015261120000000003,0.07865728525867163,76309.995,-0.006,455.4582065779995,False
2026-04-29 00:37:40.089535+00:00,buy,76305.6,0.001,0.001,0.015261120000000003,0.07865728525867163,76309.995,-0.005,379.13734545799946,False
2026-04-29 00:37:43.984346+00:00,buy,76305.6,0.001,0.001,0.015261120000000003,0.07865728525867163,76309.995,-0.004,302.81648433799944,False
2026-04-29 00:37:59.384262+00:00,buy,76305.6,0.001,0.001,0.015261120000000003,0.07865728525867163,76309.995,-0.003,226.49562321799942,False
2026-04-29 00:38:14.749326+00:00,sell,76314.39,0.001,-0.001,0.015262878,0.07865728525846412,76309.995,-0.004,302.79475033999944,False
2026-04-29 00:38:36.611350+00:00,buy,76311.27,0.001,0.001,0.015262254000000003,0.07880001686026067,76315.655,-0.003,226.46821808599944,False
2026-04-29 00:38:39.171255+00:00,buy,76318.88,0.001,0.001,0.015263776000000001,0.07865728525867163,76323.275,-0.002,150.13407430999942,False
2026-04-29 00:39:35.693636+00:00,buy,76326.51,0.001,0.001,0.015265302,0.07880001686026067,76330.89499999999,-0.001,73.79229900799942,False
2026-04-29 00:39:43.333758+00:00,buy,76326.51,0.001,0.001,0.015265302,0.07880001686026067,76330.89499999999,0.0,-2.549476294000581,False
2026-04-29 00:40:25.688206+00:00,buy,76358.22,0.001,0.001,0.015271644000000001,0.0788000168600528,76362.60500000001,0.001,-78.92296793800058,False
2026-04-29 00:40:57.757748+00:00,buy,76386.02,0.001,0.001,0.015277204000000003,0.07880001686026067,76390.405,0.002,-155.3242651420006,False
2026-04-29 00:41:37.571797+00:00,sell,76423.53,0.001,-0.001,0.015284706,0.0788000168600528,76419.14499999999,0.001,-78.9160198480006,False
2026-04-29 00:41:42.685866+00:00,sell,76423.52,0.001,-0.001,0.015284704000000001,0.07865728525846412,76419.125,0.0,-2.507784552000591,False
2026-04-29 00:41:47.880379+00:00,buy,76414.73,0.001,0.001,0.015282946,0.07865728525846412,76419.125,0.001,-78.93779749800058,False
2026-04-29 00:41:51.749519+00:00,sell,76423.52,0.001,-0.001,0.015284704000000001,0.07865728525846412,76419.125,0.0,-2.529562202000567,False
2026-04-29 00:41:55.609958+00:00,sell,76423.52,0.001,-0.001,0.015284704000000001,0.07865728525846412,76419.125,-0.001,73.87867309399945,False
2026-04-29 00:41:56.899304+00:00,buy,76414.73,0.001,0.001,0.015282946,0.07865728525846412,76419.125,0.0,-2.551339852000539,False
2026-04-29 00:42:03.280110+00:00,sell,76423.52,0.001,-0.001,0.015284704000000001,0.07865728525846412,76419.125,-0.001,73.85689544399948,False
2026-04-29 00:42:11.028446+00:00,sell,76423.52,0.001,-0.001,0.015284704000000001,0.07865728525846412,76419.125,-0.002,150.26513073999948,False
2026-04-29 00:42:16.174932+00:00,buy,76414.73,0.001,0.001,0.015282946,0.07865728525846412,76419.125,-0.001,73.83511779399949,False
2026-04-29 00:42:25.139835+00:00,sell,76415.09,0.001,-0.001,0.015283018,0.07865728525867163,76410.695,-0.002,150.2349247759995,False
2026-04-29 00:42:34.121865+00:00,sell,76392.18000000001,0.001,-0.001,0.015278436000000003,0.0788000168600528,76387.795,-0.003,226.6118263399995,False
2026-04-29 00:42:53.493703+00:00,buy,76386.02,0.001,0.001,0.015277204000000003,0.07865728525846412,76390.41500000001,-0.002,150.2105291359995,False
2026-04-29 00:42:54.782543+00:00,buy,76386.02,0.001,0.001,0.015277204000000003,0.07865728525846412,76390.41500000001,-0.001,73.8092319319995,False
2026-04-29 00:43:07.620735+00:00,buy,76386.02,0.001,0.001,0.015277204000000003,0.07865728525846412,76390.41500000001,0.0,-2.5920652720004966,False
2026-04-29 00:43:55.057116+00:00,buy,76362.78,0.001,0.001,0.015272556000000001,0.0788000168600528,76367.16500000001,0.001,-78.9701178280005,False
2026-04-29 00:44:01.486107+00:00,buy,76369.18000000001,0.001,0.001,0.015273836000000002,0.07880001686026067,76373.565,0.002,-155.3545716640005,False
2026-04-29 00:44:05.297791+00:00,buy,76380.14,0.001,0.001,0.015276028,0.07880001686026067,76384.525,0.003,-231.74998769200047,False
2026-04-29 00:44:29.743275+00:00,buy,76388.44,0.001,0.001,0.015277688000000001,0.0788000168600528,76392.82500000001,0.004,-308.15370538000053,False
2026-04-29 00:44:47.803536+00:00,sell,76404.85,0.001,-0.001,0.015280970000000003,0.07865728525846412,76400.455,0.003,-231.7641363500005,False
2026-04-29 00:44:51.654850+00:00,sell,76404.85,0.001,-0.001,0.015280970000000003,0.07865728525846412,76400.455,0.002,-155.3745673200005,False
2026-04-29 00:44:52.951364+00:00,buy,76396.06,0.001,0.001,0.015279212,0.07865728525846412,76400.455,0.003,-231.7859065320005,False
2026-04-29 00:44:52.951364+00:00,sell,76404.85,0.001,-0.001,0.015280970000000003,0.07865728525846412,76400.455,0.002,-155.39633750200048,False
2026-04-29 00:44:54.221403+00:00,sell,76404.85,0.001,-0.001,0.015280970000000003,0.07865728525846412,76400.455,0.001,-79.00676847200047,False
2026-04-29 00:44:58.126758+00:00,sell,76404.85,0.001,-0.001,0.015280970000000003,0.07865728525846412,76400.455,0.0,-2.617199442000463,False
2026-04-29 00:45:03.283859+00:00,buy,76414.65000000001,0.001,0.001,0.015282930000000004,0.07865728525867163,76419.045,0.001,-79.04713237200048,False
2026-04-29 00:45:14.862285+00:00,buy,76414.65000000001,0.001,0.001,0.015282930000000004,0.07865728525867163,76419.045,0.002,-155.47706530200048,False
2026-04-29 00:45:27.687367+00:00,buy,76401.76,0.001,0.001,0.015280352,0.07865728525846412,76406.155,0.003,-231.89410565400047,False
2026-04-29 00:45:28.977888+00:00,buy,76401.76,0.001,0.001,0.015280352,0.07865728525846412,76406.155,0.004,-308.31114600600046,False
2026-04-29 00:45:50.817258+00:00,buy,76405.21,0.001,0.001,0.015281042000000003,0.07865728525846412,76409.60500000001,0.005,-384.7316370480005,False
2026-04-29 00:45:57.214381+00:00,buy,76405.22,0.001,0.001,0.015281044000000002,0.0788000168600528,76409.60500000001,0.006,-461.1521380920005,False
2026-04-29 00:46:19.072987+00:00,buy,76404.63,0.001,0.001,0.015280926000000002,0.07865728525867163,76409.025,0.007,-537.5720490180005,False
2026-04-29 00:46:22.917669+00:00,buy,76404.63,0.001,0.001,0.015280926000000002,0.07865728525867163,76409.025,0.008,-613.9919599440004,False
2026-04-29 00:46:28.026901+00:00,buy,76404.63,0.001,0.001,0.015280926000000002,0.07865728525867163,76409.025,0.009000000000000001,-690.4118708700004,False
2026-04-29 00:46:44.721727+00:00,buy,76404.63,0.001,0.001,0.015280926000000002,0.07865728525867163,76409.025,0.010000000000000002,-766.8317817960003,False
2026-04-29 00:48:48.077117+00:00,sell,76439.39,0.001,-0.001,0.015287878000000001,0.07865728525846412,76434.995,0.009000000000000001,-690.4076796740003,False
2026-04-29 00:49:02.242556+00:00,buy,76430.61,0.001,0.001,0.015286122000000001,0.07880001686026067,76434.995,0.010000000000000002,-766.8535757960003,False
2026-04-29 00:49:07.392287+00:00,sell,76439.38,0.001,-0.001,0.015287876000000002,0.0788000168600528,76434.995,0.009000000000000001,-690.4294836720003,False
2026-04-29 00:49:12.508747+00:00,sell,76439.38,0.001,-0.001,0.015287876000000002,0.0788000168600528,76434.995,0.008,-614.0053915480003,False
2026-04-29 00:49:25.311192+00:00,buy,76430.6,0.001,0.001,0.015286120000000002,0.07865728525867163,76434.995,0.009000000000000001,-690.4512776680003,False
2026-04-29 00:49:25.311192+00:00,sell,76439.39,0.001,-0.001,0.015287878000000001,0.07865728525846412,76434.995,0.008,-614.0271755460003,False
2026-04-29 00:49:29.174702+00:00,buy,76430.6,0.001,0.001,0.015286120000000002,0.07865728525867163,76434.995,0.009000000000000001,-690.4730616660004,False
2026-04-29 00:49:31.742584+00:00,buy,76430.6,0.001,0.001,0.015286120000000002,0.07865728525867163,76434.995,0.010000000000000002,-766.9189477860004,False
2026-04-29 00:50:11.597090+00:00,sell,76395.54000000001,0.001,-0.001,0.015279108000000003,0.0788000168600528,76391.155,0.009000000000000001,-690.5386868940004,False
2026-04-29 00:50:25.673880+00:00,buy,76427.34,0.001,0.001,0.015285468,0.0788000168600528,76431.725,0.010000000000000002,-766.9813123620004,False
2026-04-29 00:53:04.955878+00:00,sell,76439.75,0.001,-0.001,0.015287950000000002,0.0788000168600528,76435.36499999999,0.009000000000000001,-690.5568503120004,False
2026-04-29 00:53:06.255019+00:00,sell,76439.76,0.001,-0.001,0.015287952,0.07865728525846412,76435.36499999999,0.008,-614.1323782640004,False
2026-04-29 00:53:47.361738+00:00,sell,76453.62,0.001,-0.001,0.015290724,0.07865728525867163,76449.225,0.007,-537.6940489880004,False
2026-04-29 00:53:57.665043+00:00,buy,76444.83,0.001,0.001,0.015288966000000001,0.07865728525846412,76449.225,0.008,-614.1541679540004,False
2026-04-29 00:57:08.118080+00:00,sell,76516.81,0.001,-0.001,0.015303362000000001,0.07865728525867163,76512.41500000001,0.007,-537.6526613160005,False
2026-04-29 00:57:36.334420+00:00,buy,76495.78,0.001,0.001,0.015299156000000001,0.07865728525867163,76500.17499999999,0.008,-614.1637404720004,False
2026-04-29 00:57:40.186821+00:00,buy,76495.78,0.001,0.001,0.015299156000000001,0.07865728525867163,76500.17499999999,0.009000000000000001,-690.6748196280004,False
2026-04-29 00:57:44.043834+00:00,buy,76495.79000000001,0.001,0.001,0.015299158000000004,0.07880001686046857,76500.17499999999,0.010000000000000002,-767.1859087860004,False
2026-04-29 01:02:50.287273+00:00,sell,76509.66,0.001,-0.001,0.015301932000000002,0.07865728525846412,76505.265,0.009000000000000001,-690.6915507180004,False
2026-04-29 01:03:10.737062+00:00,buy,76519.77,0.001,0.001,0.015303954000000002,0.07880001686026067,76524.155,0.010000000000000002,-767.2266246720004,False
2026-04-29 01:04:01.968607+00:00,sell,76521.16,0.001,-0.001,0.015304232000000003,0.0788000168600528,76516.775,0.009000000000000001,-690.7207689040004,False
2026-04-29 01:04:10.950926+00:00,sell,76500.65000000001,0.001,-0.001,0.015300130000000004,0.0788000168600528,76496.265,0.008,-614.2354190340004,False
2026-04-29 01:04:12.249719+00:00,sell,76500.65000000001,0.001,-0.001,0.015300130000000004,0.0788000168600528,76496.265,0.007,-537.7500691640005,False
2026-04-29 01:04:19.917140+00:00,sell,76496.2,0.001,-0.001,0.01529924,0.07880001686026067,76491.815,0.006,-461.2691684040005,False
2026-04-29 01:07:32.524116+00:00,sell,76480.89,0.001,-0.001,0.015296178,0.07865728525846412,76476.495,0.005,-384.8035745820005,False
2026-04-29 01:07:44.039774+00:00,sell,76460.11,0.001,-0.001,0.015292022,0.07880001686026067,76455.725,0.004,-308.3587566040005,False
2026-04-29 01:11:01.515685+00:00,buy,76405.85,0.001,0.001,0.015281170000000002,0.07865728525867163,76410.245,0.005,-384.7798877740005,False
2026-04-29 01:11:06.613503+00:00,buy,76406.53,0.001,0.001,0.015281306000000001,0.07865728525867163,76410.92499999999,0.006,-461.2016990800005,False
2026-04-29 01:11:10.446486+00:00,sell,76415.33,0.001,-0.001,0.015283066000000001,0.07851481218846697,76410.92499999999,0.005,-384.8016521460005,False
2026-04-29 01:11:20.713444+00:00,sell,76415.31,0.001,-0.001,0.015283062,0.0788000168600528,76410.92499999999,0.004,-308.4016252080005,False
2026-04-29 01:11:33.575508+00:00,sell,76407.66,0.001,-0.001,0.015281532000000002,0.0788000168600528,76403.275,0.003,-232.00924674000046,False
2026-04-29 01:11:45.196338+00:00,buy,76398.87,0.001,0.001,0.015279774000000001,0.07851481218867412,76403.275,0.004,-308.4233965140005,False
2026-04-29 01:12:07.089569+00:00,sell,76377.83,0.001,-0.001,0.015275566,0.07880001686026067,76373.445,0.003,-232.0608420800005,False
2026-04-29 01:12:26.411037+00:00,buy,76355.27,0.001,0.001,0.015271054000000003,0.07865728525846412,76359.66500000001,0.004,-308.4313831340005,False
2026-04-29 01:12:27.677666+00:00,buy,76355.27,0.001,0.001,0.015271054000000003,0.07865728525846412,76359.66500000001,0.005,-384.8019241880005,False
2026-04-29 01:12:31.530672+00:00,sell,76364.06,0.001,-0.001,0.015272812,0.07865728525867163,76359.66500000001,0.004,-308.4531370000005,False
2026-04-29 01:13:10.217360+00:00,buy,76355.27,0.001,0.001,0.015271054000000003,0.07865728525846412,76359.66500000001,0.005,-384.8236780540005,False
2026-04-29 01:13:19.277833+00:00,sell,76364.07,0.001,-0.001,0.015272814000000003,0.07851481218867412,76359.66500000001,0.004,-308.47488086800047,False
2026-04-29 01:13:34.673133+00:00,buy,76355.27,0.001,0.001,0.015271054000000003,0.07865728525846412,76359.66500000001,0.005,-384.84542192200047,False
2026-04-29 01:13:47.636362+00:00,buy,76355.27,0.001,0.001,0.015271054000000003,0.07865728525846412,76359.66500000001,0.006,-461.21596297600047,False
2026-04-29 01:13:50.206522+00:00,buy,76355.27,0.001,0.001,0.015271054000000003,0.07865728525846412,76359.66500000001,0.007,-537.5865040300005,False
2026-04-29 01:14:01.771692+00:00,buy,76370.27,0.001,0.001,0.015274054000000002,0.07880001686026067,76374.655,0.008,-613.9720480840004,False
2026-04-29 01:14:14.591505+00:00,sell,76368.79000000001,0.001,-0.001,0.015273758000000004,0.0788000168600528,76364.405,0.007,-537.6185318420005,False
2026-04-29 01:14:28.768518+00:00,buy,76355.27,0.001,0.001,0.015271054000000003,0.07865728525846412,76359.66500000001,0.008,-613.9890728960005,False
2026-04-29 01:15:11.137568+00:00,buy,76355.27,0.001,0.001,0.015271054000000003,0.07865728525846412,76359.66500000001,0.009000000000000001,-690.3596139500005,False
2026-04-29 01:15:26.486178+00:00,sell,76389.44,0.001,-0.001,0.015277888000000002,0.07865728525846412,76385.045,0.008,-613.9854518380005,False
2026-04-29 01:16:16.630392+00:00,buy,76395.18000000001,0.001,0.001,0.015279036000000003,0.07865728525846412,76399.57500000001,0.009000000000000001,-690.3959108740005,False
2026-04-29 01:16:21.766281+00:00,sell,76403.98,0.001,-0.001,0.015280796000000001,0.07851481218888125,76399.57500000001,0.008,-614.0072116700004,False
2026-04-29 01:16:24.335248+00:00,sell,76403.98,0.001,-0.001,0.015280796000000001,0.07851481218888125,76399.57500000001,0.007,-537.6185124660003,False
2026-04-29 01:16:30.799054+00:00,sell,76403.97,0.001,-0.001,0.015280794000000002,0.07865728525867163,76399.57500000001,0.006,-461.2298232600003,False
2026-04-29 01:16:32.083270+00:00,sell,76403.97,0.001,-0.001,0.015280794000000002,0.07865728525867163,76399.57500000001,0.005,-384.84113405400024,False
2026-04-29 01:16:38.481600+00:00,buy,76395.17,0.001,0.001,0.015279034,0.07851481218846697,76399.57500000001,0.006,-461.25158308800025,False
2026-04-29 01:16:55.164850+00:00,sell,76394.7,0.001,-0.001,0.015278940000000001,0.07880001686026067,76390.315,0.005,-384.8721620280002,False
2026-04-29 01:17:14.343083+00:00,sell,76358.63,0.001,-0.001,0.015271726000000003,0.07865728525846412,76354.235,0.004,-308.5288037540002,False
2026-04-29 01:17:22.030169+00:00,buy,76354.26,0.001,0.001,0.015270852,0.07880001686026067,76358.64499999999,0.005,-384.8983346060002,False
2026-04-29 01:17:28.498675+00:00,sell,76361.09,0.001,-0.001,0.015272218,0.07880001686026067,76356.705,0.004,-308.55251682400024,False
2026-04-29 01:17:38.772641+00:00,sell,76342.39,0.001,-0.001,0.015268478000000002,0.07880001686026067,76338.005,0.003,-232.22539530200024,False
2026-04-29 01:17:42.613759+00:00,sell,76339.18000000001,0.001,-0.001,0.015267836000000003,0.0788000168600528,76334.795,0.002,-155.9014831380002,False
2026-04-29 01:17:57.981533+00:00,sell,76314.38,0.001,-0.001,0.015262876000000002,0.0788000168600528,76309.995,0.001,-79.6023660140002,False
2026-04-29 01:20:27.204754+00:00,sell,76282.64,0.001,-0.001,0.015256528000000002,0.07865728525846412,76278.245,0.0,-3.334982542000196,False
2026-04-29 01:20:28.489384+00:00,buy,76273.85,0.001,0.001,0.015254770000000003,0.07865728525867163,76278.245,0.001,-79.6240873120002,False
2026-04-29 01:20:46.455068+00:00,buy,76273.85,0.001,0.001,0.015254770000000003,0.07865728525867163,76278.245,0.002,-155.91319208200022,False
2026-04-29 01:20:50.319410+00:00,buy,76281.08,0.001,0.001,0.015256216000000001,0.07880001686026067,76285.465,0.003,-232.20952829800024,False
2026-04-29 01:21:03.177503+00:00,sell,76291.19,0.001,-0.001,0.015258238000000002,0.07865728525846412,76286.795,0.002,-155.93359653600024,False
2026-04-29 01:21:04.450617+00:00,sell,76291.19,0.001,-0.001,0.015258238000000002,0.07865728525846412,76286.795,0.001,-79.65766477400024,False
2026-04-29 01:21:14.782611+00:00,sell,76289.86,0.001,-0.001,0.015257972000000002,0.07865728525846412,76285.465,0.0,-3.3830627460002343,False
2026-04-29 01:21:22.417351+00:00,buy,76269.11,0.001,0.001,0.015253822000000002,0.07865728525846412,76273.505,0.001,-79.66742656800024,False
2026-04-29 01:21:30.135152+00:00,buy,76269.1,0.001,0.001,0.015253820000000003,0.07851481218867412,76273.505,0.002,-155.95178038800026,False
2026-04-29 01:21:31.422619+00:00,sell,76277.90000000001,0.001,-0.001,0.015255580000000003,0.07865728525846412,76273.505,0.001,-79.68913596800024,False
2026-04-29 01:21:36.576268+00:00,sell,76277.90000000001,0.001,-0.001,0.015255580000000003,0.07865728525846412,76273.505,0.0,-3.426491548000227,False
2026-04-29 01:21:40.417999+00:00,sell,76274.77,0.001,-0.001,0.015254954000000003,0.07880001686026067,76270.38500000001,-0.001,72.83302349799978,False
2026-04-29 01:21:41.701337+00:00,sell,76274.77,0.001,-0.001,0.015254954000000003,0.07880001686026067,76270.38500000001,-0.002,149.09253854399978,False
2026-04-29 01:21:42.984650+00:00,sell,76274.77,0.001,-0.001,0.015254954000000003,0.07880001686026067,76270.38500000001,-0.003,225.3520535899998,False
2026-04-29 01:21:58.500439+00:00,sell,76246.58,0.001,-0.001,0.015249316000000002,0.07851481218846697,76242.17499999999,-0.004,301.5833842739998,False
2026-04-29 01:21:59.804913+00:00,sell,76246.57,0.001,-0.001,0.015249314000000003,0.07865728525825662,76242.17499999999,-0.005,377.8147049599998,False
2026-04-29 01:22:26.766549+00:00,buy,76248.38,0.001,0.001,0.015249676000000002,0.07865728525867163,76252.775,-0.004,301.5510752839998,False
2026-04-29 01:22:51.111615+00:00,sell,76249.65000000001,0.001,-0.001,0.015249930000000004,0.07865728525846412,76245.255,-0.005,377.78547535399986,False
2026-04-29 01:22:58.816109+00:00,buy,76240.86,0.001,0.001,0.015248172,0.07865728525846412,76245.255,-0.004,301.5293671819999,False
2026-04-29 01:23:02.682123+00:00,buy,76240.86,0.001,0.001,0.015248172,0.07865728525846412,76245.255,-0.003,225.27325900999986,False
2026-04-29 01:23:02.682123+00:00,sell,76249.65000000001,0.001,-0.001,0.015249930000000004,0.07865728525846412,76245.255,-0.004,301.5076590799999,False
2026-04-29 01:23:16.754684+00:00,sell,76237.51,0.001,-0.001,0.015247502,0.07865728525846412,76233.11499999999,-0.005,377.72992157799985,False
2026-04-29 01:23:29.530169+00:00,buy,76237.79000000001,0.001,0.001,0.015247558000000003,0.07880001686046857,76242.17499999999,-0.004,301.47688401999983,False
2026-04-29 01:23:35.995942+00:00,sell,76257.16,0.001,-0.001,0.015251432000000002,0.07865728525846412,76252.765,-0.005,377.7187925879998,False
2026-04-29 01:23:44.974667+00:00,buy,76248.37,0.001,0.001,0.015249674000000001,0.07865728525846412,76252.765,-0.004,301.4551729139998,False
2026-04-29 01:24:01.643830+00:00,sell,76264.21,0.001,-0.001,0.015252842000000003,0.07880001686026067,76259.82500000001,-0.005,377.70413007199977,False
2026-04-29 01:24:33.726727+00:00,sell,76253.72,0.001,-0.001,0.015250744000000002,0.07851481218867412,76249.315,-0.006,453.94259932799974,False
2026-04-29 01:25:09.698713+00:00,sell,76265.3,0.001,-0.001,0.015253060000000002,0.07880001686026067,76260.91500000001,-0.007,530.1926462679997,False
2026-04-29 01:25:10.976954+00:00,sell,76260.07,0.001,-0.001,0.015252014000000003,0.07865728525825662,76255.67499999999,-0.008,606.4374642539998,False
2026-04-29 01:25:22.485790+00:00,sell,76254.29000000001,0.001,-0.001,0.015250858000000003,0.07865728525825662,76249.89499999999,-0.009000000000000001,682.6765033959998,False
2026-04-29 01:25:25.056628+00:00,sell,76254.28,0.001,-0.001,0.015250856000000002,0.0788000168600528,76249.89499999999,-0.010000000000000002,758.9155325399998,False
2026-04-29 01:25:37.840278+00:00,buy,76239.29000000001,0.001,0.001,0.015247858000000003,0.07880001686046857,76243.67499999999,-0.009000000000000001,682.6609946819999,False
2026-04-29 01:25:48.073020+00:00,sell,76248.08,0.001,-0.001,0.015249616000000002,0.07851481218846697,76243.67499999999,-0.010000000000000002,758.8938250659999,False
2026-04-29 01:26:03.523608+00:00,buy,76242.87,0.001,0.001,0.015248574,0.0788000168600528,76247.255,-0.009000000000000001,682.6357064919998,False
2026-04-29 01:27:06.393223+00:00,sell,76266.13,0.001,-0.001,0.015253226000000002,0.07865728525846412,76261.735,-0.010000000000000002,758.8865832659998,False
2026-04-29 01:27:14.179461+00:00,buy,76257.35,0.001,0.001,0.015251470000000003,0.07880001686026067,76261.735,-0.009000000000000001,682.6139817959998,False
2026-04-29 01:27:16.752366+00:00,buy,76257.35,0.001,0.001,0.015251470000000003,0.07880001686026067,76261.735,-0.008,606.3413803259999,False
2026-04-29 01:27:52.672514+00:00,buy,76263.23,0.001,0.001,0.015252646,0.07880001686026067,76267.61499999999,-0.007,530.0628976799999,False
2026-04-29 01:27:59.106953+00:00,sell,76272.01,0.001,-0.001,0.015254402,0.07865728525846412,76267.61499999999,-0.008,606.3196532779999,False
2026-04-29 01:28:02.955608+00:00,sell,76272.0,0.001,-0.001,0.015254400000000001,0.0788000168600528,76267.61499999999,-0.009000000000000001,682.576398878,False
2026-04-29 01:28:58.219038+00:00,buy,76252.87,0.001,0.001,0.015250574000000001,0.07865728525846412,76257.265,-0.008,606.3082783039999,False
2026-04-29 01:29:07.169003+00:00,buy,76252.87,0.001,0.001,0.015250574000000001,0.07865728525846412,76257.265,-0.007,530.0401577299999,False
2026-04-29 01:29:12.322226+00:00,sell,76261.67,0.001,-0.001,0.015252334000000001,0.07851481218867412,76257.265,-0.008,606.2865753959999,False
2026-04-29 01:29:13.596517+00:00,sell,76260.93000000001,0.001,-0.001,0.015252186000000003,0.0788000168600528,76256.545,-0.009000000000000001,682.5322532099999,False
2026-04-29 01:29:30.288628+00:00,sell,76253.05,0.001,-0.001,0.015250610000000001,0.07865728525846412,76248.655,-0.010000000000000002,758.7700526,False
2026-04-29 01:32:36.067571+00:00,buy,76222.06,0.001,0.001,0.015244412,0.07865728525846412,76226.455,-0.009000000000000001,682.532748188,False
2026-04-29 01:32:38.620523+00:00,buy,76232.56,0.001,0.001,0.015246512,0.07865728525846412,76236.955,-0.008,606.284941676,False
2026-04-29 01:32:39.923353+00:00,buy,76232.57,0.001,0.001,0.015246514000000003,0.07880001686026067,76236.955,-0.007,530.037125162,False
2026-04-29 01:33:01.067947+00:00,buy,76232.57,0.001,0.001,0.015246514000000003,0.07880001686026067,76236.955,-0.006,453.78930864800003,False
2026-04-29 01:33:11.369222+00:00,sell,76255.68000000001,0.001,-0.001,0.015251136000000004,0.07865728525846412,76251.285,-0.007,530.0297375120001,False
2026-04-29 01:33:25.469099+00:00,buy,76246.89,0.001,0.001,0.015249378000000001,0.07865728525846412,76251.285,-0.006,453.7675981340001,False
2026-04-29 01:33:47.334147+00:00,sell,76262.1,0.001,-0.001,0.015252420000000003,0.07865728525846412,76257.705,-0.007,530.0144457140001,False
2026-04-29 01:33:48.622424+00:00,buy,76253.31,0.001,0.001,0.015250662000000002,0.07865728525846412,76257.705,-0.006,453.74588505200006,False
2026-04-29 01:34:14.183556+00:00,buy,76261.52,0.001,0.001,0.015252304000000003,0.07880001686026067,76265.905,-0.005,377.46911274800004,False
2026-04-29 01:35:47.979201+00:00,sell,76292.81,0.001,-0.001,0.015258562000000002,0.0788000168600528,76288.42499999999,-0.006,453.7466641860001,False
2026-04-29 01:36:29.109776+00:00,buy,76305.61,0.001,0.001,0.015261122000000002,0.07880001686026067,76309.995,-0.005,377.42579306400006,False
2026-04-29 01:36:32.993481+00:00,buy,76305.61,0.001,0.001,0.015261122000000002,0.07880001686026067,76309.995,-0.004,301.10492194200003,False
2026-04-29 01:36:36.863996+00:00,buy,76310.94,0.001,0.001,0.015262188000000001,0.07865728525867163,76315.33499999999,-0.003,224.778719754,False
2026-04-29 01:37:00.225412+00:00,sell,76317.28,0.001,-0.001,0.015263456000000002,0.07865728525867163,76312.88500000001,-0.004,301.080736298,False
2026-04-29 01:37:27.140475+00:00,buy,76308.85,0.001,0.001,0.015261770000000003,0.07865728525867163,76313.245,-0.003,224.75662452799997,False
2026-04-29 01:37:48.942316+00:00,sell,76317.64,0.001,-0.001,0.015263528000000002,0.07865728525846412,76313.245,-0.004,301.05900099999997,False
2026-04-29 01:37:50.237961+00:00,buy,76308.85,0.001,0.001,0.015261770000000003,0.07865728525867163,76313.245,-0.003,224.73488922999996,False
2026-04-29 01:37:51.525447+00:00,buy,76308.85,0.001,0.001,0.015261770000000003,0.07865728525867163,76313.245,-0.002,148.41077745999996,False
2026-04-29 01:38:21.166906+00:00,sell,76344.75,0.001,-0.001,0.015268950000000002,0.0788000168600528,76340.36499999999,-0.003,224.74025850999996,False
2026-04-29 01:38:50.709742+00:00,sell,76322.47,0.001,-0.001,0.015264494000000002,0.07865728525867163,76318.07500000001,-0.004,301.04746401599994,False
2026-04-29 01:39:16.403784+00:00,sell,76313.2,0.001,-0.001,0.015262640000000001,0.07880001686026067,76308.815,-0.005,377.3454013759999,False
2026-04-29 01:39:30.531930+00:00,sell,76310.78,0.001,-0.001,0.015262156,0.07865728525867163,76306.38500000001,-0.006,453.64091921999994,False
2026-04-29 01:39:36.930408+00:00,buy,76301.99,0.001,0.001,0.015260398000000003,0.07865728525846412,76306.38500000001,-0.005,377.32366882199995,False
2026-04-29 01:39:54.860047+00:00,buy,76305.61,0.001,0.001,0.015261122000000002,0.07880001686026067,76309.995,-0.004,301.0027976999999,False
2026-04-29 01:39:56.133586+00:00,buy,76305.6,0.001,0.001,0.015261120000000003,0.07865728525867163,76309.995,-0.003,224.6819365799999,False
2026-04-29 01:40:18.009946+00:00,buy,76317.12,0.001,0.001,0.015263424000000001,0.07865728525846412,76321.515,-0.002,148.3495531559999,False
2026-04-29 01:40:19.283274+00:00,buy,76317.12,0.001,0.001,0.015263424000000001,0.07865728525846412,76321.515,-0.001,72.0171697319999,False
2026-04-29 01:40:34.668771+00:00,buy,76317.13,0.001,0.001,0.015263426000000002,0.07880001686026067,76321.515,0.0,-4.315223694000106,False
2026-04-29 01:40:37.249613+00:00,buy,76327.57,0.001,0.001,0.015265514000000003,0.07865728525867163,76331.965,0.001,-80.65805920800013,False
2026-04-29 01:40:38.545227+00:00,sell,76336.37,0.001,-0.001,0.015267274,0.07851481218867412,76331.965,0.0,-4.336956482000123,False
2026-04-29 01:40:44.972163+00:00,buy,76327.57,0.001,0.001,0.015265514000000003,0.07865728525867163,76331.965,0.001,-80.67979199600013,False
2026-04-29 01:40:47.564863+00:00,buy,76327.58,0.001,0.001,0.015265516000000002,0.07880001686026067,76331.965,0.002,-157.02263751200013,False
2026-04-29 01:40:50.124912+00:00,buy,76327.58,0.001,0.001,0.015265516000000002,0.07880001686026067,76331.965,0.003,-233.36548302800014,False
2026-04-29 01:41:10.674035+00:00,buy,76349.82,0.001,0.001,0.015269964000000002,0.07880001686026067,76354.205,0.004,-309.7305729920002,False
2026-04-29 01:41:11.946220+00:00,buy,76349.82,0.001,0.001,0.015269964000000002,0.07880001686026067,76354.205,0.005,-386.09566295600024,False
2026-04-29 01:41:14.513241+00:00,buy,76349.82,0.001,0.001,0.015269964000000002,0.07880001686026067,76354.205,0.006,-462.4607529200003,False
2026-04-29 01:41:15.808031+00:00,buy,76349.82,0.001,0.001,0.015269964000000002,0.07880001686026067,76354.205,0.007,-538.8258428840003,False
2026-04-29 01:41:20.942780+00:00,sell,76358.61,0.001,-0.001,0.015271722000000001,0.07851481218867412,76354.205,0.006,-462.4825046060003,False
2026-04-29 01:41:29.967622+00:00,sell,76352.19,0.001,-0.001,0.015270438000000002,0.07851481218867412,76347.785,0.005,-386.1455850440003,False
2026-04-29 01:42:02.028423+00:00,buy,76372.69,0.001,0.001,0.015274538000000002,0.0788000168600528,76377.07500000001,0.006,-462.5335495820004,False
2026-04-29 01:42:20.033377+00:00,buy,76391.35,0.001,0.001,0.015278270000000002,0.07865728525867163,76395.745,0.007,-538.9401778520004,False
2026-04-29 01:42:55.888342+00:00,buy,76397.39,0.001,0.001,0.015279478,0.07880001686026067,76401.775,0.008,-615.3528473300004,False
2026-04-29 01:43:11.367765+00:00,sell,76403.43000000001,0.001,-0.001,0.015280686000000003,0.0788000168600528,76399.045,0.007,-538.9646980160004,False
2026-04-29 01:43:20.338533+00:00,sell,76400.14,0.001,-0.001,0.015280028000000001,0.07880001686026067,76395.755,0.006,-462.5798380440004,False
2026-04-29 01:43:40.975285+00:00,buy,76391.36,0.001,0.001,0.015278272,0.07865728525846412,76395.755,0.007,-538.9864763160004,False
2026-04-29 01:43:44.892805+00:00,buy,76393.06,0.001,0.001,0.015278612,0.0788000168600528,76397.445,0.008,-615.3948149280004,False
2026-04-29 01:44:03.016110+00:00,buy,76398.89,0.001,0.001,0.015279778,0.07880001686026067,76403.275,0.009000000000000001,-691.8089847060004,False
2026-04-29 01:44:17.087452+00:00,buy,76402.64,0.001,0.001,0.015280528000000002,0.07880001686026067,76407.025,0.010000000000000002,-768.2269052340004,False
2026-04-29 01:45:18.800936+00:00,sell,76407.68000000001,0.001,-0.001,0.015281536000000004,0.07865728525846412,76403.285,0.009000000000000001,-691.8345067700003,False
2026-04-29 01:45:39.316739+00:00,sell,76400.14,0.001,-0.001,0.015280028000000001,0.07865728525846412,76395.745,0.008,-615.4496467980003,False
2026-04-29 01:45:48.331235+00:00,sell,76400.14,0.001,-0.001,0.015280028000000001,0.07865728525846412,76395.745,0.007,-539.0647868260004,False
2026-04-29 01:46:25.579830+00:00,buy,76391.35,0.001,0.001,0.015278270000000002,0.07865728525867163,76395.745,0.008,-615.4714150960003,False
2026-04-29 01:46:34.587769+00:00,buy,76391.35,0.001,0.001,0.015278270000000002,0.07865728525867163,76395.745,0.009000000000000001,-691.8780433660003,False
2026-04-29 01:46:38.448071+00:00,buy,76423.36,0.001,0.001,0.015284672000000001,0.07880001686026067,76427.745,0.010000000000000002,-768.3166880380003,False
2026-04-29 01:46:52.695142+00:00,sell,76453.56,0.001,-0.001,0.015290712000000001,0.07851481218867412,76449.155,0.009000000000000001,-691.8784187500003,False
2026-04-29 01:47:04.220589+00:00,buy,76444.77,0.001,0.001,0.015288954000000002,0.07880001686026067,76449.155,0.010000000000000002,-768.3384777040003,False
2026-04-29 01:47:05.952430+00:00,sell,76453.56,0.001,-0.001,0.015290712000000001,0.07851481218867412,76449.155,0.009000000000000001,-691.9002084160003,False
2026-04-29 01:47:23.896087+00:00,buy,76442.96,0.001,0.001,0.015288592000000002,0.07865728525846412,76447.35500000001,0.010000000000000002,-768.3584570080003,False
2026-04-29 01:55:25.090386+00:00,sell,76559.49,0.001,-0.001,0.015311898000000003,0.07865728525846412,76555.095,0.009000000000000001,-691.8142789060004,False
2026-04-29 01:55:40.511671+00:00,buy,76563.0,0.001,0.001,0.0153126,0.0788000168600528,76567.38500000001,0.010000000000000002,-768.3925915060004,False
2026-04-29 01:56:52.382774+00:00,sell,76583.05,0.001,-0.001,0.015316610000000001,0.07865728525846412,76578.655,0.009000000000000001,-691.8248581160004,False
2026-04-29 01:57:18.086391+00:00,buy,76563.54000000001,0.001,0.001,0.015312708000000003,0.07865728525867163,76567.935,0.010000000000000002,-768.4037108240004,False
2026-04-29 01:57:37.316984+00:00,sell,76585.82,0.001,-0.001,0.015317164000000003,0.07865728525825662,76581.42499999999,0.009000000000000001,-691.8332079880004,False
2026-04-29 01:57:41.168499+00:00,buy,76577.03,0.001,0.001,0.015315406000000002,0.07865728525867163,76581.42499999999,0.010000000000000002,-768.4255533940004,False
2026-04-29 01:57:47.633605+00:00,sell,76581.38,0.001,-0.001,0.015316276000000002,0.0788000168600528,76576.995,0.009000000000000001,-691.8594896700005,False
2026-04-29 01:57:59.251463+00:00,sell,76577.64,0.001,-0.001,0.015315528000000002,0.07880001686026067,76573.255,0.008,-615.2971651980005,False
2026-04-29 01:58:05.719824+00:00,sell,76572.49,0.001,-0.001,0.015314498000000003,0.07880001686026067,76568.10500000001,0.007,-538.7399896960004,False
2026-04-29 01:58:10.848090+00:00,sell,76559.48,0.001,-0.001,0.015311896,0.07880001686026067,76555.095,0.006,-462.1958215920004,False
2026-04-29 01:58:17.249467+00:00,sell,76554.39,0.001,-0.001,0.015310878000000002,0.07880001686026067,76550.005,0.005,-385.6567424700004,False
2026-04-29 01:58:23.706933+00:00,sell,76550.39,0.001,-0.001,0.015310078000000001,0.07880001686026067,76546.005,0.004,-309.1216625480004,False
2026-04-29 01:58:42.111492+00:00,sell,76553.91,0.001,-0.001,0.015310782000000002,0.07851481218867412,76549.505,0.003,-232.5830633300004,False
2026-04-29 01:58:57.501769+00:00,sell,76553.90000000001,0.001,-0.001,0.015310780000000003,0.07865728525846412,76549.505,0.002,-156.0444741100004,False
2026-04-29 01:58:58.800339+00:00,buy,76545.11,0.001,0.001,0.015309022000000002,0.07865728525846412,76549.505,0.003,-232.60489313200043,False
2026-04-29 01:59:09.104152+00:00,buy,76550.71,0.001,0.001,0.015310142000000002,0.07880001686026067,76555.095,0.004,-309.17091327400044,False
2026-04-29 01:59:12.942431+00:00,buy,76550.7,0.001,0.001,0.015310140000000002,0.07865728525846412,76555.095,0.005,-385.73692341400044,False
2026-04-29 01:59:19.397445+00:00,buy,76550.7,0.001,0.001,0.015310140000000002,0.07865728525846412,76555.095,0.006,-462.30293355400045,False
2026-04-29 01:59:29.678881+00:00,buy,76550.7,0.001,0.001,0.015310140000000002,0.07865728525846412,76555.095,0.007,-538.8689436940004,False
2026-04-29 01:59:29.678881+00:00,sell,76559.5,0.001,-0.001,0.015311900000000002,0.07851481218867412,76555.095,0.006,-462.3247555940004,False
2026-04-29 01:59:47.809112+00:00,buy,76557.66,0.001,0.001,0.015311532000000003,0.07865728525867163,76562.055,0.007,-538.8977271260004,False
2026-04-29 01:59:50.401793+00:00,sell,76566.46,0.001,-0.001,0.015313292000000003,0.07851481218846697,76562.055,0.006,-462.34658041800037,False
2026-04-29 02:00:01.833045+00:00,buy,76578.57,0.001,0.001,0.015315714000000003,0.07865728525867163,76582.965,0.007,-538.9404661320004,False
2026-04-29 02:00:20.949798+00:00,buy,76590.99,0.001,0.001,0.015318198000000002,0.07880001686026067,76595.375,0.008,-615.5467743300005,False
2026-04-29 02:00:55.542135+00:00,buy,76605.91,0.001,0.001,0.015321182000000003,0.07865728525867163,76610.305,0.009000000000000001,-692.1680055120005,False
2026-04-29 02:00:56.817790+00:00,sell,76614.7,0.001,-0.001,0.01532294,0.07865728525846412,76610.305,0.008,-615.5686284520006,False
2026-04-29 02:03:55.333874+00:00,sell,76525.25,0.001,-0.001,0.01530505,0.07865728525867163,76520.85500000001,0.007,-539.0586835020006,False
2026-04-29 02:03:56.624998+00:00,sell,76525.25,0.001,-0.001,0.01530505,0.07865728525867163,76520.85500000001,0.006,-462.54873855200054,False
2026-04-29 02:04:04.399390+00:00,buy,76520.48,0.001,0.001,0.015304096,0.07865728525846412,76524.875,0.007,-539.0845226480005,False
2026-04-29 02:04:37.731120+00:00,buy,76541.37,0.001,0.001,0.015308274,0.07851481218867412,76545.775,0.008,-615.6412009220005,False
2026-04-29 02:04:44.141195+00:00,sell,76550.16,0.001,-0.001,0.015310032000000001,0.0788000168600528,76545.775,0.007,-539.1063509540005,False
2026-04-29 02:04:50.652912+00:00,sell,76550.16,0.001,-0.001,0.015310032000000001,0.0788000168600528,76545.775,0.006,-462.5715009860005,False
2026-04-29 02:04:53.213389+00:00,sell,76550.16,0.001,-0.001,0.015310032000000001,0.0788000168600528,76545.775,0.005,-386.0366510180005,False
2026-04-29 02:05:16.345971+00:00,sell,76540.48,0.001,-0.001,0.015308096,0.07851481218888125,76536.07500000001,0.004,-309.5114791140005,False
2026-04-29 02:05:25.299239+00:00,buy,76540.65000000001,0.001,0.001,0.015308130000000003,0.07865728525867163,76545.045,0.005,-386.06743724400053,False
2026-04-29 02:05:41.849290+00:00,buy,76544.11,0.001,0.001,0.015308822000000001,0.07865728525846412,76548.505,0.006,-462.6268560660005,False
2026-04-29 02:05:44.474974+00:00,buy,76544.12,0.001,0.001,0.015308824,0.0788000168600528,76548.505,0.007,-539.1862848900006,False
2026-04-29 02:05:52.161077+00:00,sell,76546.46,0.001,-0.001,0.015309292000000002,0.07880001686026067,76542.07500000001,0.006,-462.65513418200055,False
2026-04-29 02:05:57.315224+00:00,sell,76546.46,0.001,-0.001,0.015309292000000002,0.07880001686026067,76542.07500000001,0.005,-386.1239834740005,False
2026-04-29 02:05:59.877346+00:00,buy,76537.68000000001,0.001,0.001,0.015307536000000004,0.07865728525846412,76542.07500000001,0.006,-462.67697101000056,False
2026-04-29 02:06:06.261342+00:00,sell,76546.47,0.001,-0.001,0.015309294000000001,0.07865728525867163,76542.07500000001,0.005,-386.1458103040006,False
2026-04-29 02:06:16.513532+00:00,buy,76537.68000000001,0.001,0.001,0.015307536000000004,0.07865728525846412,76542.07500000001,0.006,-462.6987978400006,False
2026-04-29 02:06:35.778806+00:00,buy,76562.39,0.001,0.001,0.015312478000000001,0.07880001686026067,76566.775,0.007,-539.2765003180007,False
2026-04-29 02:06:45.990056+00:00,buy,76567.44,0.001,0.001,0.015313488000000002,0.07865728525867163,76571.83499999999,0.008,-615.8592538060007,False
2026-04-29 02:06:49.841833+00:00,buy,76570.86,0.001,0.001,0.015314172000000001,0.07865728525846412,76575.255,0.009000000000000001,-692.4454279780007,False
2026-04-29 02:07:10.465168+00:00,buy,76582.98,0.001,0.001,0.015316596,0.07865728525846412,76587.375,0.010000000000000002,-769.0437245740007,False
2026-04-29 02:07:32.469886+00:00,sell,76604.39,0.001,-0.001,0.015320878000000001,0.07865728525846412,76599.995,0.009000000000000001,-692.4546554520008,False
2026-04-29 02:07:43.991860+00:00,sell,76611.03,0.001,-0.001,0.015322206000000001,0.07865728525867163,76606.63500000001,0.008,-615.8589476580007,False
2026-04-29 02:07:45.274588+00:00,sell,76611.03,0.001,-0.001,0.015322206000000001,0.07865728525867163,76606.63500000001,0.007,-539.2632398640006,False
2026-04-29 02:07:56.738556+00:00,buy,76602.24,0.001,0.001,0.015320448000000002,0.07865728525846412,76606.63500000001,0.008,-615.8808003120007,False
2026-04-29 02:07:56.738556+00:00,sell,76611.03,0.001,-0.001,0.015322206000000001,0.07865728525867163,76606.63500000001,0.007,-539.2850925180006,False
2026-04-29 02:08:00.588533+00:00,sell,76611.03,0.001,-0.001,0.015322206000000001,0.07865728525867163,76606.63500000001,0.006,-462.6893847240006,False
2026-04-29 02:08:03.157277+00:00,sell,76611.03,0.001,-0.001,0.015322206000000001,0.07865728525867163,76606.63500000001,0.005,-386.09367693000064,False
2026-04-29 02:08:12.133428+00:00,buy,76606.07,0.001,0.001,0.015321214000000003,0.07865728525867163,76610.465,0.006,-462.7150681440006,False
2026-04-29 02:08:15.958227+00:00,sell,76614.86,0.001,-0.001,0.015322972,0.07865728525846412,76610.465,0.005,-386.11553111600057,False
2026-04-29 02:08:33.885935+00:00,buy,76621.97,0.001,0.001,0.015324394000000002,0.07865728525867163,76626.36499999999,0.006,-462.75282551000055,False
2026-04-29 02:08:35.153416+00:00,buy,76621.97,0.001,0.001,0.015324394000000002,0.07865728525867163,76626.36499999999,0.007,-539.3901199040006,False
2026-04-29 02:08:39.005510+00:00,buy,76621.97,0.001,0.001,0.015324394000000002,0.07865728525867163,76626.36499999999,0.008,-616.0274142980006,False
2026-04-29 02:08:40.283548+00:00,sell,76630.76,0.001,-0.001,0.015326152000000001,0.07865728525846412,76626.36499999999,0.007,-539.4119804500006,False
2026-04-29 02:09:09.801852+00:00,sell,76615.41,0.001,-0.001,0.015323082000000002,0.07865728525846412,76611.015,0.006,-462.81189353200057,False
2026-04-29 02:09:11.088495+00:00,sell,76608.63,0.001,-0.001,0.015321726000000003,0.0788000168600528,76604.245,0.005,-386.2185852580006,False
2026-04-29 02:09:34.139167+00:00,sell,76594.78,0.001,-0.001,0.015318956000000002,0.07865728525867163,76590.38500000001,0.004,-309.63912421400056,False
2026-04-29 02:09:45.700066+00:00,buy,76585.99,0.001,0.001,0.015317198000000002,0.07865728525846412,76590.38500000001,0.005,-386.24043141200053,False
2026-04-29 02:10:02.438522+00:00,sell,76594.82,0.001,-0.001,0.015318964000000003,0.07865728525825662,76590.42499999999,0.004,-309.6609303760005,False
2026-04-29 02:10:03.713548+00:00,sell,76594.82,0.001,-0.001,0.015318964000000003,0.07865728525825662,76590.42499999999,0.003,-233.08142934000048,False
2026-04-29 02:10:22.958846+00:00,sell,76586.39,0.001,-0.001,0.015317278000000002,0.07880001686026067,76582.005,0.002,-156.5103566180005,False
2026-04-29 02:10:30.698913+00:00,sell,76594.68000000001,0.001,-0.001,0.015318936000000003,0.07851481218846697,76590.275,0.001,-79.93099555400048,False
2026-04-29 02:10:49.947263+00:00,buy,76580.40000000001,0.001,0.001,0.015316080000000003,0.07851481218888125,76584.805,0.002,-156.5267116340005,False
2026-04-29 02:10:52.520612+00:00,sell,76589.2,0.001,-0.001,0.015317840000000001,0.07865728525846412,76584.805,0.001,-79.95282947400048,False
2026-04-29 02:10:55.070006+00:00,sell,76589.19,0.001,-0.001,0.015317838000000002,0.0788000168600528,76584.805,0.0,-3.378957312000479,False
2026-04-29 02:10:56.331173+00:00,sell,76589.19,0.001,-0.001,0.015317838000000002,0.0788000168600528,76584.805,-0.001,73.19491484999952,False
2026-04-29 02:11:01.511918+00:00,sell,76589.2,0.001,-0.001,0.015317840000000001,0.07865728525846412,76584.805,-0.002,149.76879700999953,False
2026-04-29 02:11:02.785250+00:00,sell,76589.2,0.001,-0.001,0.015317840000000001,0.07865728525846412,76584.805,-0.003,226.34267916999954,False
2026-04-29 02:11:09.225480+00:00,sell,76589.18000000001,0.001,-0.001,0.015317836000000003,0.0788000168600528,76584.795,-0.004,302.91654133399953,False
2026-04-29 02:12:47.321513+00:00,sell,76556.8,0.001,-0.001,0.015311360000000001,0.07880001686026067,76552.41500000001,-0.005,379.45802997399954,False
2026-04-29 02:13:09.137035+00:00,sell,76556.81,0.001,-0.001,0.015311362,0.07865728525867163,76552.41500000001,-0.006,455.99952861199955,False
2026-04-29 02:13:14.237920+00:00,sell,76556.81,0.001,-0.001,0.015311362,0.07865728525867163,76552.41500000001,-0.007,532.5410272499995,False
2026-04-29 02:13:24.444496+00:00,buy,76548.02,0.001,0.001,0.015309604000000003,0.07865728525846412,76552.41500000001,-0.006,455.9776976459995,False
2026-04-29 02:14:09.516693+00:00,buy,76540.40000000001,0.001,0.001,0.015308080000000003,0.07865728525867163,76544.795,-0.005,379.42198956599947,False
2026-04-29 02:14:22.355277+00:00,buy,76543.93000000001,0.001,0.001,0.015308786000000003,0.07880001686026067,76548.315,-0.004,302.8627507799995,False
2026-04-29 02:14:31.287541+00:00,buy,76543.93000000001,0.001,0.001,0.015308786000000003,0.07880001686026067,76548.315,-0.003,226.3035119939995,False
2026-04-29 02:14:40.330415+00:00,buy,76543.92,0.001,0.001,0.015308784,0.07865728525846412,76548.315,-0.002,149.74428320999948,False
2026-04-29 02:14:41.603118+00:00,buy,76543.92,0.001,0.001,0.015308784,0.07865728525846412,76548.315,-0.001,73.18505442599948,False
2026-04-29 02:14:57.041065+00:00,buy,76543.92,0.001,0.001,0.015308784,0.07865728525846412,76548.315,0.0,-3.374174358000518,False
2026-04-29 02:15:03.450481+00:00,buy,76543.92,0.001,0.001,0.015308784,0.07865728525846412,76548.315,0.001,-79.93340314200051,False
2026-04-29 02:15:07.251788+00:00,sell,76552.7,0.001,-0.001,0.015310540000000001,0.07880001686026067,76548.315,0.0,-3.3960136820005133,False
2026-04-29 02:15:20.116960+00:00,buy,76543.92,0.001,0.001,0.015308784,0.07865728525846412,76548.315,0.001,-79.95524246600051,False
2026-04-29 02:15:26.578601+00:00,buy,76543.92,0.001,0.001,0.015308784,0.07865728525846412,76548.315,0.002,-156.51447125000053,False
2026-04-29 02:15:48.329155+00:00,buy,76543.91,0.001,0.001,0.015308782000000002,0.07851481218867412,76548.315,0.003,-233.07369003200054,False
2026-04-29 02:16:01.149978+00:00,sell,76552.69,0.001,-0.001,0.015310538000000002,0.0788000168600528,76548.305,0.002,-156.53631057000052,False
2026-04-29 02:16:12.682249+00:00,sell,76546.46,0.001,-0.001,0.015309292000000002,0.07880001686026067,76542.07500000001,0.001,-80.00515986200051,False
2026-04-29 02:16:25.517346+00:00,buy,76537.66,0.001,0.001,0.015307532000000002,0.07865728525867163,76542.055,0.002,-156.5581273940005,False
2026-04-29 02:16:26.783252+00:00,buy,76537.66,0.001,0.001,0.015307532000000002,0.07865728525867163,76542.055,0.003,-233.11109492600053,False
2026-04-29 02:16:33.251912+00:00,sell,76544.49,0.001,-0.001,0.015308898000000003,0.07880001686026067,76540.10500000001,0.002,-156.58191382400054,False
2026-04-29 02:16:44.852237+00:00,sell,76517.03,0.001,-0.001,0.015303406,0.0788000168600528,76512.64499999999,0.001,-80.08018723000053,False
2026-04-29 02:16:51.280412+00:00,buy,76508.25,0.001,0.001,0.015301650000000002,0.07865728525867163,76512.64499999999,0.002,-156.60373888000052,False
2026-04-29 02:16:51.280412+00:00,sell,76517.04000000001,0.001,-0.001,0.015303408000000003,0.07865728525825662,76512.64499999999,0.001,-80.1020022880005,False
2026-04-29 02:17:15.729775+00:00,buy,76510.15000000001,0.001,0.001,0.015302030000000003,0.07865728525867163,76514.545,0.002,-156.6274543180005,False
2026-04-29 02:17:23.463495+00:00,sell,76518.95,0.001,-0.001,0.015303790000000001,0.07851481218867412,76514.545,0.001,-80.1238081080005,False
2026-04-29 02:17:52.947414+00:00,sell,76549.26,0.001,-0.001,0.015309852,0.07865728525846412,76544.86499999999,0.0,-3.5898579600005136,False
2026-04-29 02:17:59.332072+00:00,sell,76549.26,0.001,-0.001,0.015309852,0.07865728525846412,76544.86499999999,-0.001,72.94409218799947,False
2026-04-29 02:18:03.162457+00:00,sell,76549.26,0.001,-0.001,0.015309852,0.07865728525846412,76544.86499999999,-0.002,149.47804233599945,False
2026-04-29 02:18:04.426015+00:00,buy,76540.47,0.001,0.001,0.015308094000000001,0.07865728525867163,76544.86499999999,-0.001,72.92226424199944,False
2026-04-29 02:18:08.274256+00:00,sell,76549.26,0.001,-0.001,0.015309852,0.07865728525846412,76544.86499999999,-0.002,149.45621438999942,False
2026-04-29 02:18:17.279849+00:00,sell,76542.08,0.001,-0.001,0.015308416000000002,0.07880001686026067,76537.695,-0.003,225.9829859739994,False
2026-04-29 02:18:37.792763+00:00,buy,76534.97,0.001,0.001,0.015306994,0.07865728525867163,76539.36499999999,-0.002,149.4327089799994,False
2026-04-29 02:19:21.464985+00:00,sell,76550.08,0.001,-0.001,0.015310016000000001,0.07865728525846412,76545.685,-0.003,225.9674789639994,False
2026-04-29 02:19:25.305780+00:00,buy,76546.95,0.001,0.001,0.01530939,0.07865728525846412,76551.345,-0.002,149.4052195739994,False
2026-04-29 02:19:35.556931+00:00,sell,76555.73,0.001,-0.001,0.015311146000000001,0.07880001686026067,76551.345,-0.003,225.94563842799943,False
2026-04-29 02:21:15.655465+00:00,sell,76525.76,0.001,-0.001,0.015305152,0.07865728525846412,76521.36499999999,-0.004,302.4560932759994,False
2026-04-29 02:21:27.168001+00:00,sell,76525.75,0.001,-0.001,0.015305150000000002,0.0788000168600528,76521.36499999999,-0.005,378.9665381259994,False
2026-04-29 02:21:29.719378+00:00,sell,76525.76,0.001,-0.001,0.015305152,0.07865728525846412,76521.36499999999,-0.006,455.4769929739994,False
2026-04-29 02:21:37.417136+00:00,sell,76525.76,0.001,-0.001,0.015305152,0.07865728525846412,76521.36499999999,-0.007,531.9874478219994,False
2026-04-29 02:21:41.287133+00:00,buy,76516.97,0.001,0.001,0.015303394000000001,0.07865728525867163,76521.36499999999,-0.006,455.45517442799934,False
2026-04-29 02:22:27.646414+00:00,sell,76534.37,0.001,-0.001,0.015306874,0.07880001686026067,76529.985,-0.007,531.9742375539994,False
2026-04-29 02:23:15.189805+00:00,sell,76504.40000000001,0.001,-0.001,0.015300880000000003,0.07865728525846412,76500.005,-0.008,608.4633366739994,False
2026-04-29 02:23:30.562540+00:00,sell,76499.88,0.001,-0.001,0.015299976000000002,0.0788000168600528,76495.495,-0.009000000000000001,684.9479166979993,False
2026-04-29 02:23:31.846861+00:00,sell,76499.88,0.001,-0.001,0.015299976000000002,0.0788000168600528,76495.495,-0.010000000000000002,761.4324967219992,False
2026-04-29 02:23:42.148147+00:00,buy,76489.08,0.001,0.001,0.015297816000000002,0.07865728525846412,76493.475,-0.009000000000000001,684.9281189059992,False
2026-04-29 02:23:54.955333+00:00,sell,76504.35,0.001,-0.001,0.015300870000000003,0.07865728525846412,76499.955,-0.010000000000000002,761.4171680359992,False
2026-04-29 02:23:56.243936+00:00,buy,76495.56,0.001,0.001,0.015299112,0.07865728525846412,76499.955,-0.009000000000000001,684.9063089239993,False
2026-04-29 02:23:57.511576+00:00,sell,76504.35,0.001,-0.001,0.015300870000000003,0.07865728525846412,76499.955,-0.010000000000000002,761.3953580539993,False
2026-04-29 02:24:29.687955+00:00,buy,76482.38,0.001,0.001,0.015296476000000002,0.07865728525867163,76486.775,-0.009000000000000001,684.8976815779993,False
2026-04-29 02:24:33.548650+00:00,buy,76482.38,0.001,0.001,0.015296476000000002,0.07865728525867163,76486.775,-0.008,608.4000051019992,False
2026-04-29 02:24:33.548650+00:00,sell,76491.17,0.001,-0.001,0.015298234,0.07865728525846412,76486.775,-0.009000000000000001,684.8758768679992,False
2026-04-29 02:24:41.275700+00:00,sell,76491.17,0.001,-0.001,0.015298234,0.07865728525846412,76486.775,-0.010000000000000002,761.3517486339991,False
2026-04-29 02:25:31.411917+00:00,buy,76504.14,0.001,0.001,0.015300828,0.07880001686026067,76508.525,-0.009000000000000001,684.8323078059991,False
2026-04-29 02:25:33.988847+00:00,buy,76504.13,0.001,0.001,0.015300826000000002,0.07865728525867163,76508.525,-0.008,608.312876979999,False
2026-04-29 02:26:15.106992+00:00,sell,76512.92,0.001,-0.001,0.015302584000000001,0.07865728525846412,76508.525,-0.009000000000000001,684.8104943959991,False
2026-04-29 02:26:17.672099+00:00,sell,76512.92,0.001,-0.001,0.015302584000000001,0.07865728525846412,76508.525,-0.010000000000000002,761.3081118119991,False
2026-04-29 02:26:20.237242+00:00,buy,76504.13,0.001,0.001,0.015300826000000002,0.07865728525867163,76508.525,-0.009000000000000001,684.788680985999,False
2026-04-29 02:26:33.103904+00:00,sell,76505.90000000001,0.001,-0.001,0.015301180000000003,0.0788000168600528,76501.515,-0.010000000000000002,761.279279805999,False
2026-04-29 02:28:09.332041+00:00,buy,76470.39,0.001,0.001,0.015294078000000001,0.07865728525846412,76474.785,-0.009000000000000001,684.793595727999,False
2026-04-29 02:28:13.165995+00:00,sell,76479.18000000001,0.001,-0.001,0.015295836000000004,0.07865728525846412,76474.785,-0.010000000000000002,761.2574798919991,False
2026-04-29 02:28:24.784577+00:00,buy,76470.39,0.001,0.001,0.015294078000000001,0.07865728525846412,76474.785,-0.009000000000000001,684.7717958139991,False
2026-04-29 02:28:37.700459+00:00,buy,76470.39,0.001,0.001,0.015294078000000001,0.07865728525846412,76474.785,-0.008,608.2861117359992,False
2026-04-29 02:28:40.257853+00:00,sell,76479.18000000001,0.001,-0.001,0.015295836000000004,0.07865728525846412,76474.785,-0.009000000000000001,684.7499958999992,False
2026-04-29 02:28:47.976926+00:00,sell,76479.16,0.001,-0.001,0.015295832000000002,0.0788000168600528,76474.775,-0.010000000000000002,761.2138600679992,False
2026-04-29 02:29:39.331526+00:00,buy,76456.56,0.001,0.001,0.015291312000000001,0.07851481218867412,76460.965,-0.009000000000000001,684.7420087559992,False
2026-04-29 02:30:01.210874+00:00,sell,76465.36,0.001,-0.001,0.015293072000000001,0.07865728525846412,76460.965,-0.010000000000000002,761.1920756839993,False
2026-04-29 02:30:06.308897+00:00,buy,76456.57,0.001,0.001,0.015291314000000002,0.07865728525867163,76460.965,-0.009000000000000001,684.7202143699992,False
2026-04-29 02:30:08.913739+00:00,sell,76465.37,0.001,-0.001,0.015293074,0.07851481218867412,76460.965,-0.010000000000000002,761.1702912959992,False
2026-04-29 02:30:11.475852+00:00,buy,76464.22,0.001,0.001,0.015292844000000002,0.07865728525867163,76468.61499999999,-0.009000000000000001,684.6907784519992,False
2026-04-29 02:30:17.883031+00:00,buy,76464.22,0.001,0.001,0.015292844000000002,0.07865728525867163,76468.61499999999,-0.008,608.2112656079993,False
2026-04-29 02:33:05.413561+00:00,buy,76427.46,0.001,0.001,0.015285492000000003,0.07865728525846412,76431.85500000001,-0.007,531.7685201159993,False
2026-04-29 02:33:23.500324+00:00,buy,76429.84,0.001,0.001,0.015285968,0.0788000168600528,76434.225,-0.006,455.3233941479993,False
2026-04-29 02:33:24.768137+00:00,buy,76429.84,0.001,0.001,0.015285968,0.0788000168600528,76434.225,-0.005,378.8782681799993,False
2026-04-29 02:33:53.029813+00:00,buy,76431.55,0.001,0.001,0.015286310000000003,0.07865728525846412,76435.945,-0.004,302.43143186999924,False
2026-04-29 02:34:01.996146+00:00,buy,76431.55,0.001,0.001,0.015286310000000003,0.07865728525846412,76435.945,-0.003,225.98459555999924,False
2026-04-29 02:34:42.964940+00:00,buy,76440.48,0.001,0.001,0.015288096000000001,0.07865728525846412,76444.875,-0.002,149.52882746399922,False
2026-04-29 02:34:45.522247+00:00,sell,76449.27,0.001,-0.001,0.015289854000000002,0.07865728525846412,76444.875,-0.003,225.96280760999923,False
2026-04-29 02:34:48.083223+00:00,sell,76449.27,0.001,-0.001,0.015289854000000002,0.07865728525846412,76444.875,-0.004,302.39678775599924,False
2026-04-29 02:34:57.025631+00:00,sell,76449.27,0.001,-0.001,0.015289854000000002,0.07865728525846412,76444.875,-0.005,378.83076790199925,False
2026-04-29 02:35:29.060449+00:00,buy,76439.01,0.001,0.001,0.015287802,0.07880001686026067,76443.39499999999,-0.004,302.37647009999927,False
2026-04-29 02:35:41.839885+00:00,buy,76439.01,0.001,0.001,0.015287802,0.07880001686026067,76443.39499999999,-0.003,225.92217229799928,False
2026-04-29 02:35:58.529963+00:00,buy,76429.85,0.001,0.001,0.015285970000000003,0.07865728525867163,76434.245,-0.002,149.4770363279993,False
2026-04-29 02:36:01.095296+00:00,buy,76429.85,0.001,0.001,0.015285970000000003,0.07865728525867163,76434.245,-0.001,73.03190035799929,False
2026-04-29 02:36:15.208432+00:00,buy,76429.85,0.001,0.001,0.015285970000000003,0.07865728525867163,76434.245,0.0,-3.413235612000711,False
2026-04-29 02:36:16.546789+00:00,buy,76429.85,0.001,0.001,0.015285970000000003,0.07865728525867163,76434.245,0.001,-79.8583715820007,False
2026-04-29 02:36:25.527434+00:00,buy,76429.85,0.001,0.001,0.015285970000000003,0.07865728525867163,76434.245,0.002,-156.3035075520007,False
2026-04-29 02:36:42.210505+00:00,buy,76441.51,0.001,0.001,0.015288302,0.07865728525846412,76445.905,0.003,-232.76030585400068,False
2026-04-29 02:36:51.191559+00:00,buy,76441.51,0.001,0.001,0.015288302,0.07865728525846412,76445.905,0.004,-309.21710415600063,False
2026-04-29 02:36:52.497725+00:00,buy,76441.51,0.001,0.001,0.015288302,0.07865728525846412,76445.905,0.005,-385.6739024580006,False
2026-04-29 02:37:02.717356+00:00,sell,76450.3,0.001,-0.001,0.015290060000000001,0.07865728525846412,76445.905,0.004,-309.2388925180006,False
2026-04-29 02:37:11.673405+00:00,sell,76450.3,0.001,-0.001,0.015290060000000001,0.07865728525846412,76445.905,0.003,-232.80388257800064,False
2026-04-29 02:37:12.959600+00:00,sell,76450.3,0.001,-0.001,0.015290060000000001,0.07865728525846412,76445.905,0.002,-156.36887263800065,False
2026-04-29 02:37:34.889160+00:00,buy,76438.87,0.001,0.001,0.015287774,0.07865728525846412,76443.265,0.003,-232.82303041200066,False
2026-04-29 02:37:40.014949+00:00,sell,76447.67,0.001,-0.001,0.015289534,0.07851481218867412,76443.265,0.002,-156.39064994600065,False
2026-04-29 02:37:41.284503+00:00,sell,76447.67,0.001,-0.001,0.015289534,0.07851481218867412,76443.265,0.001,-79.95826948000065,False
2026-04-29 02:37:45.155238+00:00,buy,76438.87,0.001,0.001,0.015287774,0.07865728525846412,76443.265,0.002,-156.41242725400065,False
2026-04-29 02:37:46.446623+00:00,buy,76438.87,0.001,0.001,0.015287774,0.07865728525846412,76443.265,0.003,-232.86658502800066,False
2026-04-29 02:38:06.557201+00:00,buy,76438.87,0.001,0.001,0.015287774,0.07865728525846412,76443.265,0.004,-309.32074280200067,False
2026-04-29 02:38:22.470444+00:00,sell,76443.68000000001,0.001,-0.001,0.015288736000000002,0.07865728525846412,76439.285,0.003,-232.89235153800064,False
2026-04-29 02:38:25.158923+00:00,buy,76434.89,0.001,0.001,0.015286978000000001,0.07865728525846412,76439.285,0.004,-309.34252851600064,False
2026-04-29 02:38:29.139887+00:00,sell,76443.68000000001,0.001,-0.001,0.015288736000000002,0.07865728525846412,76439.285,0.003,-232.91413725200061,False
2026-04-29 02:38:34.427041+00:00,sell,76443.67,0.001,-0.001,0.015288734000000002,0.07880001686026067,76439.285,0.002,-156.4857559860006,False
2026-04-29 02:38:39.702961+00:00,buy,76434.89,0.001,0.001,0.015286978000000001,0.07865728525846412,76439.285,0.003,-232.9359329640006,False
2026-04-29 02:38:45.078413+00:00,buy,76434.89,0.001,0.001,0.015286978000000001,0.07865728525846412,76439.285,0.004,-309.3861099420006,False
2026-04-29 02:39:10.423481+00:00,sell,76443.68000000001,0.001,-0.001,0.015288736000000002,0.07865728525846412,76439.285,0.003,-232.95771867800056,False
2026-04-29 02:39:14.467699+00:00,sell,76443.69,0.001,-0.001,0.015288738000000001,0.07851481218867412,76439.285,0.002,-156.52931741600057,False
2026-04-29 02:39:45.300551+00:00,sell,76443.68000000001,0.001,-0.001,0.015288736000000002,0.07865728525846412,76439.285,0.001,-80.10092615200055,False
2026-04-29 02:39:50.687820+00:00,buy,76434.89,0.001,0.001,0.015286978000000001,0.07865728525846412,76439.285,0.002,-156.55110313000057,False
2026-04-29 02:40:21.766666+00:00,buy,76434.89,0.001,0.001,0.015286978000000001,0.07865728525846412,76439.285,0.003,-233.00128010800057,False
2026-04-29 02:40:27.108541+00:00,buy,76434.89,0.001,0.001,0.015286978000000001,0.07865728525846412,76439.285,0.004,-309.4514570860006,False
2026-04-29 02:40:29.747474+00:00,sell,76443.69,0.001,-0.001,0.015288738000000001,0.07851481218867412,76439.285,0.003,-233.02305582400058,False
2026-04-29 02:41:00.570129+00:00,buy,76434.89,0.001,0.001,0.015286978000000001,0.07865728525846412,76439.285,0.004,-309.4732328020006,False
2026-04-29 02:41:35.178034+00:00,sell,76452.13,0.001,-0.001,0.015290426000000003,0.0788000168600528,76447.745,0.003,-233.0363932280006,False
2026-04-29 02:41:49.493258+00:00,sell,76452.14,0.001,-0.001,0.015290428000000002,0.07865728525846412,76447.745,0.002,-156.59954365600058,False
2026-04-29 02:41:53.501396+00:00,buy,76443.35,0.001,0.001,0.015288670000000002,0.07865728525867163,76447.745,0.003,-233.05818232600058,False
2026-04-29 02:41:56.145194+00:00,buy,76443.35,0.001,0.001,0.015288670000000002,0.07865728525867163,76447.745,0.004,-309.5168209960006,False
2026-04-29 02:41:56.145194+00:00,sell,76452.14,0.001,-0.001,0.015290428000000002,0.07865728525846412,76447.745,0.003,-233.0799714240006,False
2026-04-29 02:42:02.933101+00:00,sell,76452.14,0.001,-0.001,0.015290428000000002,0.07865728525846412,76447.745,0.002,-156.64312185200058,False
2026-04-29 02:42:05.592625+00:00,sell,76452.14,0.001,-0.001,0.015290428000000002,0.07865728525846412,76447.745,0.001,-80.20627228000058,False
2026-04-29 02:42:19.008534+00:00,buy,76443.35,0.001,0.001,0.015288670000000002,0.07865728525867163,76447.745,0.002,-156.66491095000057,False
2026-04-29 02:42:37.634190+00:00,buy,76443.35,0.001,0.001,0.015288670000000002,0.07865728525867163,76447.745,0.003,-233.12354962000057,False
2026-04-29 02:42:44.370502+00:00,sell,76452.14,0.001,-0.001,0.015290428000000002,0.07865728525846412,76447.745,0.002,-156.68670004800057,False
2026-04-29 02:42:47.029957+00:00,sell,76452.14,0.001,-0.001,0.015290428000000002,0.07865728525846412,76447.745,0.001,-80.24985047600057,False
2026-04-29 02:43:01.760231+00:00,buy,76443.34,0.001,0.001,0.015288668,0.07851481218867412,76447.745,0.002,-156.70847914400056,False
2026-04-29 02:43:12.523207+00:00,buy,76443.35,0.001,0.001,0.015288670000000002,0.07865728525867163,76447.745,0.003,-233.16711781400056,False
2026-04-29 02:43:15.166735+00:00,buy,76443.35,0.001,0.001,0.015288670000000002,0.07865728525867163,76447.745,0.004,-309.6257564840006,False
2026-04-29 02:43:28.629658+00:00,sell,76452.14,0.001,-0.001,0.015290428000000002,0.07865728525846412,76447.745,0.003,-233.1889069120006,False
2026-04-29 02:43:35.379959+00:00,buy,76443.35,0.001,0.001,0.015288670000000002,0.07865728525867163,76447.745,0.004,-309.6475455820006,False
2026-04-29 02:43:42.106349+00:00,sell,76452.14,0.001,-0.001,0.015290428000000002,0.07865728525846412,76447.745,0.003,-233.2106960100006,False
2026-04-29 02:44:03.545341+00:00,buy,76450.89,0.001,0.001,0.015290178000000001,0.07865728525846412,76455.285,0.004,-309.67687618800056,False
2026-04-29 02:44:39.563199+00:00,buy,76451.37,0.001,0.001,0.015290274000000001,0.07865728525846412,76455.765,0.005,-386.14353646200055,False
2026-04-29 02:44:47.637257+00:00,buy,76451.37,0.001,0.001,0.015290274000000001,0.07865728525846412,76455.765,0.006,-462.61019673600055,False
2026-04-29 02:44:57.058466+00:00,sell,76439.61,0.001,-0.001,0.015287922,0.07865728525846412,76435.215,0.005,-386.18587465800056,False
2026-04-29 02:44:59.707454+00:00,buy,76430.81,0.001,0.001,0.015286162,0.07851481218867412,76435.215,0.006,-462.63197082000056,False
2026-04-29 02:45:01.078337+00:00,sell,76438.68000000001,0.001,-0.001,0.015287736000000003,0.0788000168600528,76434.295,0.005,-386.2085785560006,False
2026-04-29 02:45:07.738081+00:00,buy,76429.90000000001,0.001,0.001,0.015285980000000003,0.07865728525867163,76434.295,0.006,-462.65376453600055,False
2026-04-29 02:45:41.101953+00:00,buy,76446.40000000001,0.001,0.001,0.015289280000000002,0.07880001686026067,76450.785,0.007,-539.1154538160006,False
2026-04-29 02:46:13.298152+00:00,sell,76469.25,0.001,-0.001,0.015293850000000001,0.07865728525867163,76464.85500000001,0.006,-462.66149766600057,False
2026-04-29 02:46:21.356945+00:00,buy,76460.46,0.001,0.001,0.015292092000000002,0.07865728525846412,76464.85500000001,0.007,-539.1372497580005,False
2026-04-29 02:46:38.785990+00:00,sell,76465.38,0.001,-0.001,0.015293076000000003,0.0788000168600528,76460.995,0.006,-462.6871628340005,False
2026-04-29 02:46:59.194844+00:00,sell,76465.38,0.001,-0.001,0.015293076000000003,0.0788000168600528,76460.995,0.005,-386.23707591000044,False
2026-04-29 02:47:20.432867+00:00,sell,76472.07,0.001,-0.001,0.015294414000000003,0.07865728525825662,76467.67499999999,0.004,-309.78030032400045,False
2026-04-29 02:47:25.750828+00:00,buy,76463.28,0.001,0.001,0.015292656000000002,0.07865728525867163,76467.67499999999,0.005,-386.25887298000043,False
2026-04-29 02:47:27.082375+00:00,buy,76463.28,0.001,0.001,0.015292656000000002,0.07865728525867163,76467.67499999999,0.006,-462.7374456360004,False
2026-04-29 02:47:59.283832+00:00,buy,76463.28,0.001,0.001,0.015292656000000002,0.07865728525867163,76467.67499999999,0.007,-539.2160182920005,False
2026-04-29 02:48:04.683557+00:00,buy,76463.28,0.001,0.001,0.015292656000000002,0.07865728525867163,76467.67499999999,0.008,-615.6945909480006,False
2026-04-29 02:48:23.515937+00:00,buy,76463.28,0.001,0.001,0.015292656000000002,0.07865728525867163,76467.67499999999,0.009000000000000001,-692.1731636040007,False
2026-04-29 02:48:28.862139+00:00,buy,76463.28,0.001,0.001,0.015292656000000002,0.07865728525867163,76467.67499999999,0.010000000000000002,-768.6517362600008,False
2026-04-29 02:48:30.212524+00:00,sell,76472.07,0.001,-0.001,0.015294414000000003,0.07865728525825662,76467.67499999999,0.009000000000000001,-692.1949606740008,False
2026-04-29 02:48:50.243640+00:00,buy,76463.28,0.001,0.001,0.015292656000000002,0.07865728525867163,76467.67499999999,0.010000000000000002,-768.6735333300009,False
2026-04-29 02:48:50.243640+00:00,sell,76472.07,0.001,-0.001,0.015294414000000003,0.07865728525825662,76467.67499999999,0.009000000000000001,-692.2167577440008,False
2026-04-29 02:49:23.746821+00:00,buy,76463.28,0.001,0.001,0.015292656000000002,0.07865728525867163,76467.67499999999,0.010000000000000002,-768.6953304000009,False
2026-04-29 02:52:20.705061+00:00,sell,76519.13,0.001,-0.001,0.015303826000000003,0.0788000168600528,76514.745,0.009000000000000001,-692.1915042260009,False
2026-04-29 02:52:22.022536+00:00,sell,76519.13,0.001,-0.001,0.015303826000000003,0.0788000168600528,76514.745,0.008,-615.6876780520009,False
2026-04-29 02:52:35.349745+00:00,sell,76516.17,0.001,-0.001,0.015303234,0.07880001686026067,76511.785,0.007,-539.186811286001,False
2026-04-29 02:53:10.341131+00:00,sell,76499.89,0.001,-0.001,0.015299978,0.07865728525846412,76495.495,0.006,-462.70222126400097,False
2026-04-29 02:53:18.442272+00:00,buy,76505.61,0.001,0.001,0.015301122000000002,0.07865728525846412,76510.005,0.007,-539.223132386001,False
2026-04-29 02:53:26.529010+00:00,sell,76514.39,0.001,-0.001,0.015302878,0.07880001686026067,76510.005,0.006,-462.724045264001,False
2026-04-29 02:53:42.722159+00:00,buy,76505.6,0.001,0.001,0.015301120000000003,0.07851481218867412,76510.005,0.007,-539.244946384001,False
2026-04-29 02:53:42.722159+00:00,sell,76514.40000000001,0.001,-0.001,0.015302880000000003,0.07865728525846412,76510.005,0.006,-462.7458492640009,False
2026-04-29 02:54:23.134051+00:00,sell,76500.07,0.001,-0.001,0.015300014000000002,0.0788000168600528,76495.685,0.005,-386.2610792780009,False
2026-04-29 02:54:36.516979+00:00,sell,76498.87,0.001,-0.001,0.015299774,0.07880001686026067,76494.485,0.004,-309.77750905200094,False
2026-04-29 02:55:14.123600+00:00,buy,76487.56,0.001,0.001,0.015297512000000001,0.07865728525846412,76491.955,0.005,-386.280366564001,False
2026-04-29 02:55:23.524932+00:00,buy,76489.62,0.001,0.001,0.015297924000000001,0.07851481218867412,76494.025,0.006,-462.78528448800097,False
2026-04-29 02:55:31.512159+00:00,sell,76498.41,0.001,-0.001,0.015299682000000002,0.0788000168600528,76494.025,0.005,-386.30217417000097,False
2026-04-29 02:55:35.562627+00:00,sell,76498.41,0.001,-0.001,0.015299682000000002,0.0788000168600528,76494.025,0.004,-309.8190638520009,False
2026-04-29 02:55:44.940882+00:00,sell,76498.41,0.001,-0.001,0.015299682000000002,0.0788000168600528,76494.025,0.003,-233.3359535340009,False
2026-04-29 02:56:01.023577+00:00,sell,76497.35,0.001,-0.001,0.015299470000000003,0.0788000168600528,76492.965,0.002,-156.8539030040009,False
2026-04-29 02:56:17.089472+00:00,sell,76497.35,0.001,-0.001,0.015299470000000003,0.0788000168600528,76492.965,0.001,-80.37185247400089,False
2026-04-29 02:56:26.476970+00:00,sell,76497.35,0.001,-0.001,0.015299470000000003,0.0788000168600528,76492.965,0.0,-3.8898019440008773,False
2026-04-29 02:56:33.210853+00:00,sell,76497.37,0.001,-0.001,0.015299474,0.07865728525867163,76492.975,-0.001,72.59226858199912,False
2026-04-29 02:56:35.903524+00:00,buy,76488.59,0.001,0.001,0.015297718,0.07865728525846412,76492.985,0.0,-3.9116191360008803,False
2026-04-29 02:57:05.475693+00:00,buy,76498.96,0.001,0.001,0.015299792000000003,0.07865728525846412,76503.35500000001,0.001,-80.42587892800088,False
2026-04-29 02:57:10.836764+00:00,buy,76498.96,0.001,0.001,0.015299792000000003,0.07865728525846412,76503.35500000001,0.002,-156.9401387200009,False
2026-04-29 02:57:22.833669+00:00,buy,76498.96,0.001,0.001,0.015299792000000003,0.07865728525846412,76503.35500000001,0.003,-233.45439851200092,False
2026-04-29 02:57:26.893405+00:00,sell,76507.75,0.001,-0.001,0.01530155,0.07865728525867163,76503.35500000001,0.002,-156.96195006200094,False
2026-04-29 02:57:28.218866+00:00,buy,76493.77,0.001,0.001,0.015298754000000003,0.07865728525846412,76498.16500000001,0.003,-233.47101881600096,False
2026-04-29 02:57:37.604442+00:00,sell,76502.57,0.001,-0.001,0.015300514000000003,0.07851481218867412,76498.16500000001,0.002,-156.98374933000093,False
2026-04-29 02:57:38.958242+00:00,buy,76493.77,0.001,0.001,0.015298754000000003,0.07865728525846412,76498.16500000001,0.003,-233.49281808400096,False
2026-04-29 02:57:42.947673+00:00,sell,76502.57,0.001,-0.001,0.015300514000000003,0.07851481218867412,76498.16500000001,0.002,-157.00554859800093,False
2026-04-29 02:57:44.269500+00:00,buy,76493.77,0.001,0.001,0.015298754000000003,0.07865728525846412,76498.16500000001,0.003,-233.51461735200095,False
2026-04-29 02:57:45.606144+00:00,buy,76493.77,0.001,0.001,0.015298754000000003,0.07865728525846412,76498.16500000001,0.004,-310.023686106001,False
2026-04-29 02:57:46.963405+00:00,buy,76493.77,0.001,0.001,0.015298754000000003,0.07865728525846412,76498.16500000001,0.005,-386.532754860001,False
2026-04-29 02:58:00.384813+00:00,sell,76502.56,0.001,-0.001,0.015300512,0.07865728525867163,76498.16500000001,0.004,-310.04549537200097,False
2026-04-29 02:59:01.970494+00:00,buy,76501.39,0.001,0.001,0.015300278,0.07880001686026067,76505.775,0.005,-386.56218565000097,False
2026-04-29 02:59:34.060677+00:00,buy,76503.54000000001,0.001,0.001,0.015300708000000003,0.07865728525867163,76507.935,0.006,-463.081026358001,False
2026-04-29 03:00:19.708640+00:00,buy,76531.88,0.001,0.001,0.015306376000000002,0.07880001686026067,76536.265,0.007,-539.6282127340011,False
2026-04-29 03:00:30.458945+00:00,buy,76531.88,0.001,0.001,0.015306376000000002,0.07880001686026067,76536.265,0.008,-616.1753991100011,False
2026-04-29 03:00:33.146815+00:00,buy,76531.88,0.001,0.001,0.015306376000000002,0.07880001686026067,76536.265,0.009000000000000001,-692.7225854860011,False
2026-04-29 03:00:45.226683+00:00,buy,76531.88,0.001,0.001,0.015306376000000002,0.07880001686026067,76536.265,0.010000000000000002,-769.2697718620011,False
2026-04-29 03:00:50.960733+00:00,sell,76543.40000000001,0.001,-0.001,0.015308680000000003,0.07865728525846412,76539.005,0.009000000000000001,-692.7416805420011,False
2026-04-29 03:00:53.629154+00:00,buy,76534.61,0.001,0.001,0.015306922,0.07865728525846412,76539.005,0.010000000000000002,-769.2915974640011,False
2026-04-29 03:02:23.461055+00:00,sell,76593.69,0.001,-0.001,0.015318738000000002,0.07851481218867412,76589.285,0.009000000000000001,-692.7132262020011,False
2026-04-29 03:02:42.226032+00:00,sell,76582.25,0.001,-0.001,0.01531645,0.07865728525867163,76577.85500000001,0.008,-616.1462926520011,False
2026-04-29 03:02:48.964057+00:00,sell,76582.24,0.001,-0.001,0.015316448000000002,0.07880001686026067,76577.85500000001,0.007,-539.579369100001,False
2026-04-29 03:02:54.329700+00:00,buy,76574.82,0.001,0.001,0.015314964000000002,0.07865728525867163,76579.215,0.008,-616.1695040640011,False
2026-04-29 03:03:11.720110+00:00,sell,76583.61,0.001,-0.001,0.015316722000000001,0.07865728525846412,76579.215,0.007,-539.601210786001,False
2026-04-29 03:03:34.373008+00:00,sell,76582.24,0.001,-0.001,0.015316448000000002,0.07880001686026067,76577.85500000001,0.006,-463.03428723400106,False
2026-04-29 03:03:37.060737+00:00,sell,76582.24,0.001,-0.001,0.015316448000000002,0.07880001686026067,76577.85500000001,0.005,-386.46736368200106,False
2026-04-29 03:03:38.402694+00:00,sell,76582.24,0.001,-0.001,0.015316448000000002,0.07880001686026067,76577.85500000001,0.004,-309.9004401300011,False
2026-04-29 03:03:54.476610+00:00,sell,76575.99,0.001,-0.001,0.015315198000000002,0.07880001686026067,76571.60500000001,0.003,-233.33976532800108,False
2026-04-29 03:04:09.180255+00:00,buy,76530.38,0.001,0.001,0.015306076000000002,0.07880001686026067,76534.765,0.004,-309.88545140400106,False
2026-04-29 03:04:10.500354+00:00,buy,76530.38,0.001,0.001,0.015306076000000002,0.07880001686026067,76534.765,0.005,-386.4311374800011,False
2026-04-29 03:04:17.171515+00:00,buy,76530.38,0.001,0.001,0.015306076000000002,0.07880001686026067,76534.765,0.006,-462.97682355600114,False
2026-04-29 03:04:33.260095+00:00,sell,76539.16,0.001,-0.001,0.015307832000000002,0.07865728525846412,76534.765,0.005,-386.4529713880011,False
2026-04-29 03:04:41.345348+00:00,sell,76539.16,0.001,-0.001,0.015307832000000002,0.07865728525846412,76534.765,0.004,-309.92911922000116,False
2026-04-29 03:04:52.078417+00:00,sell,76539.14,0.001,-0.001,0.015307828,0.07880001686026067,76534.755,0.003,-233.40528704800116,False
2026-04-29 03:05:09.493808+00:00,buy,76524.6,0.001,0.001,0.015304920000000003,0.07865728525867163,76528.995,0.004,-309.94519196800115,False
2026-04-29 03:05:28.201389+00:00,sell,76524.34,0.001,-0.001,0.015304868000000001,0.07865728525867163,76519.945,0.003,-233.43615683600115,False
2026-04-29 03:05:32.260723+00:00,sell,76524.35,0.001,-0.001,0.015304870000000002,0.07851481218867412,76519.945,0.002,-156.9271117060011,False
2026-04-29 03:06:16.583222+00:00,sell,76539.39,0.001,-0.001,0.015307878,0.07865728525846412,76534.995,0.001,-80.40302958400112,False
2026-04-29 03:06:23.279569+00:00,sell,76539.39,0.001,-0.001,0.015307878,0.07865728525846412,76534.995,0.0,-3.8789474620011206,False
2026-04-29 03:06:41.867047+00:00,sell,76539.39,0.001,-0.001,0.015307878,0.07865728525846412,76534.995,-0.001,72.64513465999887,False
2026-04-29 03:06:47.210607+00:00,sell,76546.75,0.001,-0.001,0.015309350000000001,0.07865728525867163,76542.35500000001,-0.002,149.1765753099989,False
2026-04-29 03:07:15.334447+00:00,buy,76547.23,0.001,0.001,0.015309446,0.07880001686026067,76551.61499999999,-0.001,72.6140358639989,False
2026-04-29 03:07:28.640196+00:00,buy,76550.7,0.001,0.001,0.015310140000000002,0.07865728525846412,76555.095,0.0,-3.9519742760010987,False
2026-04-29 03:07:41.973548+00:00,buy,76550.71,0.001,0.001,0.015310142000000002,0.07880001686026067,76555.095,0.001,-80.51799441800111,False
2026-04-29 03:07:50.031027+00:00,buy,76558.34,0.001,0.001,0.015311668,0.07865728525846412,76562.735,0.002,-157.09164608600113,False
2026-04-29 03:08:00.798068+00:00,buy,76558.34,0.001,0.001,0.015311668,0.07865728525846412,76562.735,0.003,-233.66529775400116,False
2026-04-29 03:08:26.078503+00:00,sell,76553.77,0.001,-0.001,0.015310754000000003,0.07865728525846412,76549.375,0.002,-157.12683850800116,False
2026-04-29 03:08:30.089130+00:00,sell,76553.77,0.001,-0.001,0.015310754000000003,0.07865728525846412,76549.375,0.001,-80.58837926200115,False
2026-04-29 03:08:31.442164+00:00,sell,76553.77,0.001,-0.001,0.015310754000000003,0.07865728525846412,76549.375,0.0,-4.049920016001154,False
2026-04-29 03:08:56.872001+00:00,buy,76550.71,0.001,0.001,0.015310142000000002,0.07880001686026067,76555.095,0.001,-80.61594015800117,False
2026-04-29 03:09:27.816618+00:00,buy,76550.71,0.001,0.001,0.015310142000000002,0.07880001686026067,76555.095,0.002,-157.18196030000118,False
2026-04-29 03:09:29.124013+00:00,buy,76553.26,0.001,0.001,0.015310652000000001,0.07880001686026067,76557.64499999999,0.003,-233.75053095200118,False
2026-04-29 03:09:33.106753+00:00,buy,76553.26,0.001,0.001,0.015310652000000001,0.07880001686026067,76557.64499999999,0.004,-310.31910160400116,False
2026-04-29 03:09:45.149588+00:00,buy,76562.57,0.001,0.001,0.015312514000000003,0.07880001686026067,76566.955,0.005,-386.89698411800117,False
2026-04-29 03:09:46.508825+00:00,buy,76563.34,0.001,0.001,0.015312668000000002,0.0788000168600528,76567.725,0.006,-463.47563678600113,False
2026-04-29 03:09:57.184632+00:00,buy,76563.34,0.001,0.001,0.015312668000000002,0.0788000168600528,76567.725,0.007,-540.0542894540012,False
2026-04-29 03:10:10.847713+00:00,buy,76572.22,0.001,0.001,0.015314444000000002,0.0788000168600528,76576.60500000001,0.008,-616.6418238980011,False
2026-04-29 03:10:57.699719+00:00,sell,76592.09,0.001,-0.001,0.015318418,0.07865728525867163,76587.695,0.007,-540.0650523160011,False
2026-04-29 03:12:42.138373+00:00,sell,76619.93000000001,0.001,-0.001,0.015323986000000003,0.07865728525846412,76615.535,0.006,-463.4604463020011,False
2026-04-29 03:12:43.431092+00:00,buy,76611.14,0.001,0.001,0.015322228000000002,0.07865728525846412,76615.535,0.007,-540.0869085300011,False
2026-04-29 03:13:16.960514+00:00,sell,76614.40000000001,0.001,-0.001,0.015322880000000002,0.07865728525846412,76610.005,0.006,-463.4878314100011,False
2026-04-29 03:13:25.058294+00:00,buy,76605.61,0.001,0.001,0.015321122000000001,0.07865728525846412,76610.005,0.007,-540.1087625320012,False
2026-04-29 03:13:42.454207+00:00,buy,76605.62,0.001,0.001,0.015321124,0.0788000168600528,76610.005,0.008,-616.7297036560012,False
2026-04-29 03:13:59.690361+00:00,buy,76609.56,0.001,0.001,0.015321912,0.0788000168600528,76613.945,0.009000000000000001,-693.3545855680012,False
2026-04-29 03:14:13.069906+00:00,buy,76618.38,0.001,0.001,0.015323676000000003,0.07865728525867163,76622.775,0.010000000000000002,-769.9882892440012,False
2026-04-29 03:15:32.305690+00:00,sell,76654.38,0.001,-0.001,0.015330876000000002,0.0788000168600528,76649.995,0.009000000000000001,-693.3492401200012,False
2026-04-29 03:15:37.599675+00:00,sell,76651.22,0.001,-0.001,0.015330244000000002,0.07865728525867163,76646.82500000001,0.008,-616.7133503640013,False
2026-04-29 03:15:41.599275+00:00,sell,76651.22,0.001,-0.001,0.015330244000000002,0.07865728525867163,76646.82500000001,0.007,-540.0774606080013,False
2026-04-29 03:15:45.651286+00:00,sell,76651.22,0.001,-0.001,0.015330244000000002,0.07865728525867163,76646.82500000001,0.006,-463.44157085200123,False
2026-04-29 03:15:49.703018+00:00,buy,76642.43000000001,0.001,0.001,0.015328486000000002,0.07865728525846412,76646.82500000001,0.007,-540.0993293380013,False
2026-04-29 03:15:51.037892+00:00,buy,76642.43000000001,0.001,0.001,0.015328486000000002,0.07865728525846412,76646.82500000001,0.008,-616.7570878240014,False
2026-04-29 03:16:24.651794+00:00,buy,76644.16,0.001,0.001,0.015328832000000002,0.07865728525867163,76648.555,0.009000000000000001,-693.4165766560013,False
2026-04-29 03:16:27.321446+00:00,buy,76644.16,0.001,0.001,0.015328832000000002,0.07865728525867163,76648.555,0.010000000000000002,-770.0760654880014,False
2026-04-29 03:16:28.631200+00:00,sell,76652.96,0.001,-0.001,0.015330592000000002,0.07851481218846697,76648.555,0.009000000000000001,-693.4384360800015,False
2026-04-29 03:16:50.087179+00:00,buy,76655.61,0.001,0.001,0.015331122,0.07880001686026067,76659.995,0.010000000000000002,-770.1093772020015,False
2026-04-29 03:25:09.405290+00:00,sell,76854.39,0.001,-0.001,0.015370878000000001,0.07880001686026067,76850.005,0.009000000000000001,-693.2703580800015,False
2026-04-29 03:25:17.506266+00:00,sell,76872.42,0.001,-0.001,0.015374484,0.07865728525846412,76868.025,0.008,-616.4133125640014,False
2026-04-29 03:26:03.121723+00:00,sell,76839.95,0.001,-0.001,0.015367990000000002,0.07865728525846412,76835.555,0.007,-539.5887305540014,False
2026-04-29 03:26:07.106129+00:00,sell,76839.95,0.001,-0.001,0.015367990000000002,0.07865728525846412,76835.555,0.006,-462.7641485440014,False
2026-04-29 03:26:16.459502+00:00,sell,76839.95,0.001,-0.001,0.015367990000000002,0.07865728525846412,76835.555,0.005,-385.9395665340014,False
2026-04-29 03:26:21.820211+00:00,buy,76831.15000000001,0.001,0.001,0.015366230000000003,0.07851481218888125,76835.555,0.006,-462.7860827640014,False
2026-04-29 03:26:37.795740+00:00,buy,76839.13,0.001,0.001,0.015367826000000003,0.07865728525867163,76843.525,0.007,-539.6405805900014,False
2026-04-29 03:26:40.440689+00:00,sell,76847.92,0.001,-0.001,0.015369584,0.07865728525846412,76843.525,0.006,-462.8080301740014,False
2026-04-29 03:26:56.463511+00:00,sell,76833.84,0.001,-0.001,0.015366768000000001,0.07880001686026067,76829.455,0.005,-385.98955694200134,False
2026-04-29 03:26:59.121447+00:00,sell,76833.84,0.001,-0.001,0.015366768000000001,0.07880001686026067,76829.455,0.004,-309.1710837100013,False
2026-04-29 03:27:15.101522+00:00,buy,76825.27,0.001,0.001,0.015365054000000003,0.07865728525846412,76829.66500000001,0.005,-386.0117187640013,False
2026-04-29 03:27:19.147573+00:00,sell,76834.05,0.001,-0.001,0.015366810000000002,0.07880001686026067,76829.66500000001,0.004,-309.19303557400127,False
2026-04-29 03:27:23.135335+00:00,buy,76825.27,0.001,0.001,0.015365054000000003,0.07865728525846412,76829.66500000001,0.005,-386.03367062800123,False
2026-04-29 03:28:03.249909+00:00,buy,76811.28,0.001,0.001,0.015362256000000001,0.07865728525867163,76815.67499999999,0.006,-462.86031288400125,False
2026-04-29 03:28:04.587215+00:00,buy,76819.5,0.001,0.001,0.015363900000000002,0.0788000168600528,76823.88500000001,0.007,-539.6951767840012,False
2026-04-29 03:28:08.582093+00:00,buy,76825.27,0.001,0.001,0.015365054000000003,0.07865728525846412,76829.66500000001,0.008,-616.5358118380012,False
2026-04-29 03:28:09.938118+00:00,buy,76825.27,0.001,0.001,0.015365054000000003,0.07865728525846412,76829.66500000001,0.009000000000000001,-693.3764468920012,False
2026-04-29 03:28:11.306535+00:00,buy,76825.27,0.001,0.001,0.015365054000000003,0.07865728525846412,76829.66500000001,0.010000000000000002,-770.2170819460013,False
2026-04-29 03:28:19.386870+00:00,sell,76827.64,0.001,-0.001,0.015365528000000002,0.07865728525846412,76823.245,0.009000000000000001,-693.4048074740012,False
2026-04-29 03:28:23.363475+00:00,sell,76827.64,0.001,-0.001,0.015365528000000002,0.07865728525846412,76823.245,0.008,-616.5925330020012,False
2026-04-29 03:28:26.022357+00:00,buy,76818.85,0.001,0.001,0.015363770000000002,0.07865728525867163,76823.245,0.009000000000000001,-693.4267467720013,False
2026-04-29 03:28:26.022357+00:00,sell,76827.64,0.001,-0.001,0.015365528000000002,0.07865728525846412,76823.245,0.008,-616.6144723000012,False
2026-04-29 03:28:31.356110+00:00,sell,76827.64,0.001,-0.001,0.015365528000000002,0.07865728525846412,76823.245,0.007,-539.8021978280012,False
2026-04-29 03:28:43.482371+00:00,buy,76839.57,0.001,0.001,0.015367914000000003,0.07880001686026067,76843.955,0.008,-616.6571357420012,False
2026-04-29 03:28:59.651281+00:00,buy,76839.55,0.001,0.001,0.015367910000000002,0.07851481218867412,76843.955,0.009000000000000001,-693.5120536520012,False
2026-04-29 03:29:11.705880+00:00,buy,76839.57,0.001,0.001,0.015367914000000003,0.07880001686026067,76843.955,0.010000000000000002,-770.3669915660012,False
2026-04-29 03:29:30.525859+00:00,sell,76860.62,0.001,-0.001,0.015372124000000001,0.07865728525867163,76856.225,0.009000000000000001,-693.5217436900011,False
2026-04-29 03:29:33.195843+00:00,sell,76854.23,0.001,-0.001,0.015370846,0.07880001686026067,76849.845,0.008,-616.6828845360011,False
2026-04-29 03:29:38.565422+00:00,buy,76851.34,0.001,0.001,0.015370268000000001,0.0788000168600528,76855.725,0.009000000000000001,-693.5495948040011,False
2026-04-29 03:30:00.338873+00:00,sell,76886.38,0.001,-0.001,0.015377276000000002,0.0788000168600528,76881.995,0.008,-616.6785920800011,False
2026-04-29 03:30:04.328417+00:00,buy,76881.82,0.001,0.001,0.015376364000000003,0.07865728525867163,76886.215,0.009000000000000001,-693.575788444001,False
2026-04-29 03:32:18.107688+00:00,buy,76842.40000000001,0.001,0.001,0.015368480000000004,0.07865728525867163,76846.795,0.010000000000000002,-770.433556924001,False
2026-04-29 03:32:22.053536+00:00,sell,76851.2,0.001,-0.001,0.01537024,0.07851481218867412,76846.795,0.009000000000000001,-693.5977271640011,False
2026-04-29 03:32:24.703398+00:00,buy,76842.40000000001,0.001,0.001,0.015368480000000004,0.07865728525867163,76846.795,0.010000000000000002,-770.4554956440011,False
2026-04-29 03:32:43.405175+00:00,sell,76851.19,0.001,-0.001,0.015370238000000001,0.07865728525846412,76846.795,0.009000000000000001,-693.619675882001,False
2026-04-29 03:32:47.406489+00:00,buy,76842.40000000001,0.001,0.001,0.015368480000000004,0.07865728525867163,76846.795,0.010000000000000002,-770.477444362001,False
2026-04-29 03:33:06.160690+00:00,sell,76835.82,0.001,-0.001,0.015367164000000003,0.0788000168600528,76831.435,0.009000000000000001,-693.6569915260011,False
2026-04-29 03:33:07.507406+00:00,sell,76825.55,0.001,-0.001,0.015365110000000001,0.07865728525846412,76821.155,0.008,-616.846806636001,False
2026-04-29 03:33:28.887831+00:00,buy,76798.05,0.001,0.001,0.015359610000000003,0.07865728525846412,76802.445,0.009000000000000001,-693.660216246001,False
2026-04-29 03:33:53.422359+00:00,sell,76812.43000000001,0.001,-0.001,0.015362486000000003,0.07865728525846412,76808.035,0.008,-616.863148732001,False
2026-04-29 03:34:05.400448+00:00,buy,76810.97,0.001,0.001,0.015362194000000001,0.0788000168600528,76815.35500000001,0.009000000000000001,-693.689480926001,False
2026-04-29 03:34:36.315854+00:00,sell,76830.24,0.001,-0.001,0.015366048000000002,0.07880001686026067,76825.85500000001,0.008,-616.874606974001,False
2026-04-29 03:34:49.648343+00:00,sell,76815.18000000001,0.001,-0.001,0.015363036000000004,0.07865728525846412,76810.785,0.007,-540.074790010001,False
2026-04-29 03:34:50.972712+00:00,sell,76815.18000000001,0.001,-0.001,0.015363036000000004,0.07865728525846412,76810.785,0.006,-463.27497304600104,False
2026-04-29 03:34:57.733121+00:00,buy,76810.96,0.001,0.001,0.015362192000000002,0.07880001686026067,76815.345,0.007,-540.1012952380011,False
2026-04-29 03:35:07.085404+00:00,buy,76812.31,0.001,0.001,0.015362462,0.0788000168600528,76816.695,0.008,-616.9289677000011,False
2026-04-29 03:35:51.293874+00:00,sell,76858.3,0.001,-0.001,0.015371660000000002,0.07880001686026067,76853.91500000001,0.007,-540.0860393600011,False
2026-04-29 03:36:13.399996+00:00,sell,76863.64,0.001,-0.001,0.015372728,0.07865728525846412,76859.245,0.006,-463.23777208800107,False
2026-04-29 03:46:07.236894+00:00,sell,77049.02,0.001,-0.001,0.015409804000000003,0.07880001686026067,77044.63500000001,0.005,-386.2041618920011,False
2026-04-29 03:46:15.268524+00:00,sell,77036.22,0.001,-0.001,0.015407244000000002,0.0788000168600528,77031.83499999999,0.004,-309.1833491360011,False
2026-04-29 03:46:27.420277+00:00,sell,77026.17,0.001,-0.001,0.015405234,0.07880001686026067,77021.785,0.003,-232.17258437000112,False
2026-04-29 03:46:28.755273+00:00,sell,77026.17,0.001,-0.001,0.015405234,0.07880001686026067,77021.785,0.002,-155.16181960400115,False
2026-04-29 03:46:35.486661+00:00,sell,77018.62,0.001,-0.001,0.015403724,0.07865728525867163,77014.225,0.001,-78.15860332800115,False
2026-04-29 03:46:36.811062+00:00,buy,77009.83,0.001,0.001,0.015401966000000001,0.07865728525846412,77014.225,0.002,-155.18383529400117,False
2026-04-29 03:46:44.852849+00:00,sell,77018.61,0.001,-0.001,0.015403722000000002,0.07880001686026067,77014.225,0.001,-78.18062901600118,False
2026-04-29 03:47:21.000469+00:00,sell,76996.0,0.001,-0.001,0.015399200000000002,0.0788000168600528,76991.61499999999,0.0,-1.200028216001182,False
2026-04-29 03:47:22.364653+00:00,buy,76987.22,0.001,0.001,0.015397444000000001,0.07865728525867163,76991.61499999999,0.001,-78.2026456600012,False
2026-04-29 03:47:34.430586+00:00,sell,77018.38,0.001,-0.001,0.015403676000000002,0.0788000168600528,77013.995,0.0,-1.1996693360011879,False
2026-04-29 03:47:57.385465+00:00,buy,77023.08,0.001,0.001,0.015404616000000001,0.07880001686026067,77027.465,0.001,-78.2381539520012,False
2026-04-29 03:48:00.030416+00:00,buy,77027.01,0.001,0.001,0.015405402,0.07880001686026067,77031.39499999999,0.002,-155.2805693540012,False
2026-04-29 03:48:06.730103+00:00,buy,77027.0,0.001,0.001,0.015405400000000001,0.07865728525867163,77031.39499999999,0.003,-232.3229747540012,False
2026-04-29 03:48:08.044605+00:00,buy,77027.0,0.001,0.001,0.015405400000000001,0.07865728525867163,77031.39499999999,0.004,-309.36538015400123,False
2026-04-29 03:48:18.848634+00:00,sell,77019.86,0.001,-0.001,0.015403972000000002,0.07880001686026067,77015.475,0.003,-232.36092412600124,False
2026-04-29 03:48:20.215745+00:00,sell,77019.86,0.001,-0.001,0.015403972000000002,0.07880001686026067,77015.475,0.002,-155.35646809800124,False
2026-04-29 03:48:37.717578+00:00,sell,77004.91,0.001,-0.001,0.015400982000000002,0.0788000168600528,77000.525,0.001,-78.36695908000124,False
2026-04-29 03:48:44.397645+00:00,sell,77004.92,0.001,-0.001,0.015400984000000001,0.07865728525846412,77000.525,0.0,-1.3774400640012388,False
2026-04-29 03:48:47.063648+00:00,buy,76996.13,0.001,0.001,0.015399226000000002,0.07865728525867163,77000.525,0.001,-78.38896929000124,False
2026-04-29 03:49:03.092003+00:00,buy,77007.43000000001,0.001,0.001,0.015401486000000002,0.07880001686026067,77011.815,0.002,-155.41180077600126,False
2026-04-29 03:49:24.587538+00:00,buy,77007.88,0.001,0.001,0.015401576000000002,0.07865728525867163,77012.275,0.003,-232.43508235200125,False
2026-04-29 03:49:39.339745+00:00,sell,77016.67,0.001,-0.001,0.015403334000000001,0.07865728525846412,77012.275,0.002,-155.43381568600125,False
2026-04-29 03:49:51.437943+00:00,buy,77007.88,0.001,0.001,0.015401576000000002,0.07865728525867163,77012.275,0.003,-232.45709726200124,False
2026-04-29 03:50:06.233688+00:00,sell,77007.61,0.001,-0.001,0.015401522,0.07865728525846412,77003.215,0.002,-155.46488878400123,False
2026-04-29 03:50:16.892917+00:00,sell,77007.6,0.001,-0.001,0.015401520000000002,0.0788000168600528,77003.215,0.001,-78.47269030400122,False
2026-04-29 03:50:28.918454+00:00,buy,76994.38,0.001,0.001,0.015398876000000002,0.07865728525867163,76998.775,0.002,-155.48246918000123,False
2026-04-29 03:50:51.708175+00:00,sell,77003.16,0.001,-0.001,0.015400632000000003,0.0788000168600528,76998.775,0.001,-78.49470981200122,False
2026-04-29 03:50:59.752963+00:00,buy,76978.62,0.001,0.001,0.015395724000000001,0.07865728525846412,76983.015,0.002,-155.48872553600123,False
2026-04-29 03:51:06.440785+00:00,sell,76987.40000000001,0.001,-0.001,0.015397480000000003,0.0788000168600528,76983.015,0.001,-78.51672301600122,False
2026-04-29 03:51:10.418201+00:00,sell,76983.21,0.001,-0.001,0.015396642000000002,0.07880001686026067,76978.82500000001,0.0,-1.5489096580012085,False
2026-04-29 03:51:27.773437+00:00,buy,76973.83,0.001,0.001,0.015394766000000002,0.07880001686026067,76978.215,0.001,-78.53813442400121,False
2026-04-29 03:51:41.205196+00:00,sell,76982.61,0.001,-0.001,0.015396522000000001,0.07865728525846412,76978.215,0.0,-1.570920946001206,False
2026-04-29 03:51:50.537607+00:00,sell,76977.75,0.001,-0.001,0.015395550000000001,0.0788000168600528,76973.36499999999,-0.001,75.3914335039988,False
2026-04-29 03:52:06.610285+00:00,buy,76962.98,0.001,0.001,0.015392596,0.07880001686026067,76967.36499999999,0.0,-1.5869390920012043,False
2026-04-29 03:52:20.367479+00:00,sell,76971.76,0.001,-0.001,0.015394352,0.07865728525846412,76967.36499999999,-0.001,75.3694265559988,False
2026-04-29 03:52:23.070591+00:00,buy,76962.97,0.001,0.001,0.015392594,0.07865728525867163,76967.36499999999,0.0,-1.6089360380011988,False
2026-04-29 03:52:39.167515+00:00,sell,76968.38,0.001,-0.001,0.015393676000000002,0.07865728525846412,76963.985,-0.001,75.3440502859988,False
2026-04-29 03:52:55.232932+00:00,buy,76953.67,0.001,0.001,0.015390734000000001,0.07865728525846412,76958.065,0.0,-1.625010448001198,False
2026-04-29 03:52:59.202963+00:00,buy,76953.67,0.001,0.001,0.015390734000000001,0.07865728525846412,76958.065,0.001,-78.59407118200119,False
2026-04-29 03:53:05.918218+00:00,buy,76962.88,0.001,0.001,0.015392576000000002,0.07865728525867163,76967.275,0.002,-155.5723437580012,False
2026-04-29 03:53:22.057058+00:00,buy,76962.88,0.001,0.001,0.015392576000000002,0.07865728525867163,76967.275,0.003,-232.55061633400123,False
2026-04-29 03:53:30.127964+00:00,sell,76971.67,0.001,-0.001,0.015394334,0.07865728525846412,76967.275,0.002,-155.59434066800122,False
2026-04-29 03:53:35.435685+00:00,sell,76971.67,0.001,-0.001,0.015394334,0.07865728525846412,76967.275,0.001,-78.63806500200123,False
2026-04-29 03:53:43.500194+00:00,sell,76970.0,0.001,-0.001,0.015394000000000001,0.0788000168600528,76965.61499999999,0.0,-1.6834590020012279,False
2026-04-29 03:53:55.646339+00:00,sell,76967.67,0.001,-0.001,0.015393534,0.07880001686026067,76963.285,-0.001,75.26881746399877,False
2026-04-29 03:54:23.775038+00:00,sell,76989.04000000001,0.001,-0.001,0.015397808000000002,0.0788000168600528,76984.655,-0.002,152.2424596559988,False
2026-04-29 03:54:29.209293+00:00,sell,76989.04000000001,0.001,-0.001,0.015397808000000002,0.0788000168600528,76984.655,-0.003,229.2161018479988,False
2026-04-29 03:55:09.596945+00:00,sell,76986.40000000001,0.001,-0.001,0.015397280000000003,0.0788000168600528,76982.015,-0.004,306.1871045679988,False
2026-04-29 03:55:32.179071+00:00,sell,76978.41,0.001,-0.001,0.015395682000000003,0.0788000168600528,76974.025,-0.005,383.1501188859988,False
2026-04-29 03:56:05.637335+00:00,sell,76978.40000000001,0.001,-0.001,0.015395680000000004,0.07865728525846412,76974.005,-0.006,460.1131232059988,False
2026-04-29 03:56:16.393006+00:00,sell,76978.39,0.001,-0.001,0.015395678000000001,0.07880001686026067,76974.005,-0.007,537.0761175279988,False
2026-04-29 03:56:57.977864+00:00,buy,76939.95,0.001,0.001,0.01538799,0.07865728525846412,76944.345,-0.006,460.12077953799877,False
2026-04-29 03:57:31.553079+00:00,buy,76948.76,0.001,0.001,0.015389752,0.07880001686026067,76953.14499999999,-0.005,383.1566297859988,False
2026-04-29 03:58:06.500101+00:00,buy,76981.41,0.001,0.001,0.015396282000000002,0.07880001686026067,76985.795,-0.004,306.15982350399884,False
2026-04-29 03:58:11.869456+00:00,sell,76987.43000000001,0.001,-0.001,0.015397486000000004,0.0788000168600528,76983.045,-0.005,383.13185601799887,False
2026-04-29 03:58:23.998095+00:00,sell,76976.72,0.001,-0.001,0.015395344000000002,0.07865728525867163,76972.32500000001,-0.006,460.09318067399886,False
2026-04-29 03:58:37.320128+00:00,buy,76962.76,0.001,0.001,0.015392552,0.07865728525846412,76967.155,-0.005,383.1150281219989,False
2026-04-29 03:59:20.136345+00:00,buy,76980.46,0.001,0.001,0.015396092000000002,0.07865728525846412,76984.85500000001,-0.004,306.1191720299989,False
2026-04-29 03:59:49.616302+00:00,buy,76995.6,0.001,0.001,0.015399120000000002,0.07865728525867163,76999.995,-0.003,229.10817290999884,False
2026-04-29 04:00:09.748417+00:00,buy,77003.61,0.001,0.001,0.015400722000000002,0.07880001686026067,77007.995,-0.002,152.08916218799882,False
2026-04-29 04:00:23.075108+00:00,buy,76999.37,0.001,0.001,0.015399874000000001,0.07865728525846412,77003.765,-0.001,75.07439231399883,False
2026-04-29 04:00:37.810560+00:00,sell,76997.45,0.001,-0.001,0.01539949,0.07880001686026067,76993.065,-0.002,152.05644282399885,False
2026-04-29 04:00:43.213059+00:00,sell,76991.53,0.001,-0.001,0.015398306,0.0788000168600528,76987.14499999999,-0.003,229.03257451799885,False
2026-04-29 04:00:59.283577+00:00,sell,76983.02,0.001,-0.001,0.015396604000000003,0.07865728525846412,76978.625,-0.004,306.0001979139989,False
2026-04-29 04:01:23.245222+00:00,buy,76979.06,0.001,0.001,0.015395812,0.07851481218867412,76983.465,-0.003,229.00574210199886,False
2026-04-29 04:01:23.245222+00:00,sell,76987.86,0.001,-0.001,0.015397572000000002,0.07865728525846412,76983.465,-0.004,305.9782045299989,False
2026-04-29 04:01:55.343990+00:00,sell,76983.01,0.001,-0.001,0.015396602,0.07880001686026067,76978.625,-0.005,382.94581792799886,False
2026-04-29 04:02:07.405441+00:00,sell,76965.8,0.001,-0.001,0.015393160000000001,0.07880001686026067,76961.41500000001,-0.006,459.8962247679989,False
2026-04-29 04:02:16.804965+00:00,sell,76965.5,0.001,-0.001,0.015393100000000002,0.0788000168600528,76961.11499999999,-0.007,536.8463316679989,False
2026-04-29 04:02:19.475748+00:00,sell,76964.49,0.001,-0.001,0.015392898000000002,0.07880001686026067,76960.10500000001,-0.008,613.7954287699989,False
2026-04-29 04:02:35.580520+00:00,buy,76947.82,0.001,0.001,0.015389564000000003,0.07865728525867163,76952.215,-0.007,536.832219205999,False
2026-04-29 04:04:02.488171+00:00,buy,76946.45,0.001,0.001,0.01538929,0.07865728525846412,76950.845,-0.006,459.87037991599897,False
2026-04-29 04:04:39.985880+00:00,sell,76947.56,0.001,-0.001,0.015389512000000001,0.0788000168600528,76943.17499999999,-0.007,536.802550403999,False
2026-04-29 04:05:42.914302+00:00,sell,76945.15000000001,0.001,-0.001,0.015389030000000003,0.07865728525846412,76940.755,-0.008,613.732311373999,False
2026-04-29 04:05:46.954606+00:00,buy,76936.35,0.001,0.001,0.015387270000000003,0.07851481218867412,76940.755,-0.007,536.780574103999,False
2026-04-29 04:06:09.733799+00:00,buy,76941.73,0.001,0.001,0.015388346,0.07865728525846412,76946.125,-0.006,459.823455757999,False
2026-04-29 04:06:33.963474+00:00,sell,76947.78,0.001,-0.001,0.015389556,0.0788000168600528,76943.39499999999,-0.007,536.755846201999,False
2026-04-29 04:06:38.032586+00:00,sell,76947.79000000001,0.001,-0.001,0.015389558000000003,0.07865728525825662,76943.39499999999,-0.008,613.688246643999,False
2026-04-29 04:06:43.295141+00:00,sell,76947.8,0.001,-0.001,0.015389560000000002,0.07851481218846697,76943.39499999999,-0.009000000000000001,690.620657083999,False
2026-04-29 04:06:51.346127+00:00,buy,76938.99,0.001,0.001,0.015387798000000003,0.07851481218888125,76943.39499999999,-0.008,613.666279285999,False
2026-04-29 04:06:55.363053+00:00,sell,76947.79000000001,0.001,-0.001,0.015389558000000003,0.07865728525825662,76943.39499999999,-0.009000000000000001,690.5986797279991,False
2026-04-29 04:07:07.391420+00:00,sell,76947.79000000001,0.001,-0.001,0.015389558000000003,0.07865728525825662,76943.39499999999,-0.010000000000000002,767.5310801699991,False
2026-04-29 04:07:25.013755+00:00,buy,76938.99,0.001,0.001,0.015387798000000003,0.07851481218888125,76943.39499999999,-0.009000000000000001,690.5767023719991,False
2026-04-29 04:07:33.028406+00:00,sell,76947.79000000001,0.001,-0.001,0.015389558000000003,0.07865728525825662,76943.39499999999,-0.010000000000000002,767.5091028139991,False
2026-04-29 04:08:40.012533+00:00,buy,76930.84,0.001,0.001,0.015386168,0.07851481218867412,76935.245,-0.009000000000000001,690.5628766459992,False
2026-04-29 04:08:45.401947+00:00,sell,76939.64,0.001,-0.001,0.015387928,0.07865728525846412,76935.245,-0.010000000000000002,767.4871287179991,False
2026-04-29 04:08:49.405707+00:00,buy,76925.61,0.001,0.001,0.015385122000000001,0.07865728525846412,76930.005,-0.009000000000000001,690.5461335959991,False
2026-04-29 04:08:56.135632+00:00,buy,76925.61,0.001,0.001,0.015385122000000001,0.07865728525846412,76930.005,-0.008,613.6051384739991,False
2026-04-29 04:09:05.528483+00:00,buy,76925.61,0.001,0.001,0.015385122000000001,0.07865728525846412,76930.005,-0.007,536.6641433519991,False
2026-04-29 04:09:10.858812+00:00,sell,76934.40000000001,0.001,-0.001,0.015386880000000004,0.07865728525846412,76930.005,-0.008,613.583156471999,False
2026-04-29 04:09:13.550481+00:00,sell,76934.40000000001,0.001,-0.001,0.015386880000000004,0.07865728525846412,76930.005,-0.009000000000000001,690.502169591999,False
2026-04-29 04:09:18.917286+00:00,buy,76925.61,0.001,0.001,0.015385122000000001,0.07865728525846412,76930.005,-0.008,613.561174469999,False
2026-04-29 04:09:24.214916+00:00,sell,76934.40000000001,0.001,-0.001,0.015386880000000004,0.07865728525846412,76930.005,-0.009000000000000001,690.4801875899989,False
2026-04-29 04:09:41.617032+00:00,sell,76944.38,0.001,-0.001,0.015388876000000003,0.07865728525846412,76939.985,-0.010000000000000002,767.4091787139989,False
2026-04-29 04:10:15.499128+00:00,buy,76935.59,0.001,0.001,0.015387118,0.07865728525846412,76939.985,-0.009000000000000001,690.4582015959988,False
2026-04-29 04:10:27.550430+00:00,sell,76940.96,0.001,-0.001,0.015388192000000002,0.07880001686026067,76936.57500000001,-0.010000000000000002,767.3837734039988,False
2026-04-29 04:10:51.653685+00:00,buy,76921.69,0.001,0.001,0.015384338000000003,0.0788000168600528,76926.07500000001,-0.009000000000000001,690.4466990659988,False
2026-04-29 04:11:06.476029+00:00,buy,76921.68000000001,0.001,0.001,0.015384336000000004,0.07865728525846412,76926.07500000001,-0.008,613.5096347299988,False
2026-04-29 04:11:09.146082+00:00,buy,76921.68000000001,0.001,0.001,0.015384336000000004,0.07865728525846412,76926.07500000001,-0.007,536.5725703939987,False
2026-04-29 04:11:11.895093+00:00,buy,76921.68000000001,0.001,0.001,0.015384336000000004,0.07865728525846412,76926.07500000001,-0.006,459.63550605799867,False
2026-04-29 04:11:33.317140+00:00,sell,76930.46,0.001,-0.001,0.015386092000000002,0.07865728525846412,76926.065,-0.007,536.5505799659987,False
2026-04-29 04:11:34.642794+00:00,buy,76921.67,0.001,0.001,0.015384334000000001,0.07865728525846412,76926.065,-0.006,459.61352563199875,False
2026-04-29 04:12:01.527345+00:00,sell,76930.46,0.001,-0.001,0.015386092000000002,0.07865728525846412,76926.065,-0.007,536.5285995399988,False
2026-04-29 04:12:13.676988+00:00,sell,76902.26,0.001,-0.001,0.015380452000000001,0.07865728525846412,76897.86499999999,-0.008,613.4154790879987,False
2026-04-29 04:12:17.696187+00:00,sell,76902.26,0.001,-0.001,0.015380452000000001,0.07865728525846412,76897.86499999999,-0.009000000000000001,690.3023586359986,False
2026-04-29 04:12:21.712518+00:00,sell,76902.26,0.001,-0.001,0.015380452000000001,0.07865728525846412,76897.86499999999,-0.010000000000000002,767.1892381839986,False
2026-04-29 04:14:39.604176+00:00,buy,76921.67,0.001,0.001,0.015384334000000001,0.07865728525846412,76926.065,-0.009000000000000001,690.2521838499985,False
2026-04-29 04:14:40.921724+00:00,sell,76930.46,0.001,-0.001,0.015386092000000002,0.07865728525846412,76926.065,-0.010000000000000002,767.1672577579985,False
2026-04-29 04:15:13.055565+00:00,buy,76921.67,0.001,0.001,0.015384334000000001,0.07865728525846412,76926.065,-0.009000000000000001,690.2302034239984,False
2026-04-29 04:15:15.760026+00:00,buy,76935.06,0.001,0.001,0.015387012,0.07865728525846412,76939.455,-0.008,613.2797564119984,False
2026-04-29 04:15:17.035169+00:00,buy,76935.06,0.001,0.001,0.015387012,0.07865728525846412,76939.455,-0.007,536.3293093999984,False
2026-04-29 04:15:27.810734+00:00,buy,76935.07,0.001,0.001,0.015387014000000003,0.07880001686026067,76939.455,-0.006,459.37885238599836,False
2026-04-29 04:15:30.472400+00:00,buy,76936.96,0.001,0.001,0.015387392000000003,0.07865728525846412,76941.35500000001,-0.005,382.4265049939984,False
2026-04-29 04:15:31.815373+00:00,buy,76936.96,0.001,0.001,0.015387392000000003,0.07865728525846412,76941.35500000001,-0.004,305.4741576019984,False
2026-04-29 04:15:47.768217+00:00,sell,76945.75,0.001,-0.001,0.01538915,0.07865728525867163,76941.35500000001,-0.005,382.4045184519984,False
2026-04-29 04:15:49.096973+00:00,buy,76936.95,0.001,0.001,0.01538739,0.07851481218846697,76941.35500000001,-0.004,305.45218106199843,False
2026-04-29 04:15:53.088146+00:00,buy,76936.96,0.001,0.001,0.015387392000000003,0.07865728525846412,76941.35500000001,-0.003,228.49983366999842,False
2026-04-29 04:15:59.778205+00:00,sell,76945.75,0.001,-0.001,0.01538915,0.07865728525867163,76941.35500000001,-0.004,305.43019451999845,False
2026-04-29 04:16:15.870548+00:00,sell,76962.0,0.001,-0.001,0.0153924,0.07865728525867163,76957.60500000001,-0.005,382.37680211999844,False
2026-04-29 04:16:18.514166+00:00,sell,76961.99,0.001,-0.001,0.015392398000000002,0.07880001686026067,76957.60500000001,-0.006,459.32339972199844,False
2026-04-29 04:16:22.598576+00:00,sell,76962.0,0.001,-0.001,0.0153924,0.07865728525867163,76957.60500000001,-0.007,536.2700073219985,False
2026-04-29 04:16:27.936422+00:00,buy,76953.21,0.001,0.001,0.015390642000000003,0.07865728525846412,76957.60500000001,-0.006,459.3014066799985,False
2026-04-29 04:16:27.936422+00:00,sell,76962.0,0.001,-0.001,0.0153924,0.07865728525867163,76957.60500000001,-0.007,536.2480142799985,False
2026-04-29 04:16:37.332284+00:00,buy,76958.86,0.001,0.001,0.015391772000000001,0.07880001686026067,76963.245,-0.006,459.2737625079985,False
2026-04-29 04:19:00.450314+00:00,buy,76961.64,0.001,0.001,0.015392328000000002,0.07865728525846412,76966.035,-0.005,382.2967301799985,False
2026-04-29 04:19:26.295773+00:00,buy,76962.98,0.001,0.001,0.015392596,0.07880001686026067,76967.36499999999,-0.004,305.3183575839985,False
2026-04-29 04:20:07.787895+00:00,buy,76981.6,0.001,0.001,0.015396320000000003,0.07865728525867163,76985.995,-0.003,228.32136126399845,False
2026-04-29 04:20:45.341237+00:00,buy,76962.66,0.001,0.001,0.015392532000000002,0.07865728525867163,76967.055,-0.002,151.34330873199846,False
2026-04-29 04:21:12.190722+00:00,buy,76962.66,0.001,0.001,0.015392532000000002,0.07865728525867163,76967.055,-0.001,74.36525619999846,False
2026-04-29 04:21:20.287726+00:00,sell,76971.45,0.001,-0.001,0.015394290000000001,0.07865728525846412,76967.055,-0.002,151.32131190999846,False
2026-04-29 04:21:21.637572+00:00,buy,76962.66,0.001,0.001,0.015392532000000002,0.07865728525867163,76967.055,-0.001,74.34325937799845,False
2026-04-29 04:22:00.470736+00:00,buy,76978.7,0.001,0.001,0.015395740000000002,0.07865728525846412,76983.095,0.0,-2.6508363620015536,False
2026-04-29 04:22:04.513169+00:00,buy,76978.7,0.001,0.001,0.015395740000000002,0.07865728525846412,76983.095,0.001,-79.64493210200156,False
2026-04-29 04:22:08.507106+00:00,buy,76978.7,0.001,0.001,0.015395740000000002,0.07865728525846412,76983.095,0.002,-156.63902784200158,False
2026-04-29 04:22:17.940775+00:00,buy,76991.64,0.001,0.001,0.015398328000000001,0.07865728525846412,76996.035,0.003,-233.64606617000157,False
2026-04-29 04:22:19.279396+00:00,buy,76991.65000000001,0.001,0.001,0.015398330000000003,0.07880001686026067,76996.035,0.004,-310.65311450000155,False
2026-04-29 04:22:24.619826+00:00,buy,76991.65000000001,0.001,0.001,0.015398330000000003,0.07880001686026067,76996.035,0.005,-387.6601628300015,False
2026-04-29 04:22:31.336376+00:00,buy,77007.12,0.001,0.001,0.015401424,0.0788000168600528,77011.505,0.006,-464.6826842540015,False
2026-04-29 04:23:12.896632+00:00,buy,77029.01,0.001,0.001,0.015405802,0.07880001686026067,77033.39499999999,0.007,-541.7271000560015,False
2026-04-29 04:23:39.878779+00:00,buy,77037.23,0.001,0.001,0.015407446,0.07865728525846412,77041.625,0.008,-618.7797375020016,False
2026-04-29 04:23:46.561441+00:00,buy,77037.23,0.001,0.001,0.015407446,0.07865728525846412,77041.625,0.009000000000000001,-695.8323749480016,False
2026-04-29 04:24:18.858409+00:00,sell,77038.75,0.001,-0.001,0.015407750000000001,0.0788000168600528,77034.36499999999,0.008,-618.8090326980016,False
2026-04-29 04:24:30.928854+00:00,sell,77015.22,0.001,-0.001,0.015403044000000001,0.0788000168600528,77010.83499999999,0.007,-541.8092157420016,False
2026-04-29 04:25:11.062011+00:00,buy,76998.7,0.001,0.001,0.01539974,0.07865728525846412,77003.095,0.008,-618.8233154820016,False
2026-04-29 04:25:12.422183+00:00,buy,76998.7,0.001,0.001,0.01539974,0.07865728525846412,77003.095,0.009000000000000001,-695.8374152220016,False
2026-04-29 04:25:23.247804+00:00,buy,77008.21,0.001,0.001,0.015401642000000002,0.07851481218888125,77012.61499999999,0.010000000000000002,-772.8610268640016,False
2026-04-29 04:26:06.153806+00:00,sell,77044.36,0.001,-0.001,0.015408872000000002,0.07865728525846412,77039.965,0.009000000000000001,-695.8320757360016,False
2026-04-29 04:27:34.703878+00:00,buy,77033.07,0.001,0.001,0.015406614000000003,0.07851481218867412,77037.475,0.010000000000000002,-772.8805523500015,False
2026-04-29 04:28:22.848487+00:00,sell,77030.04000000001,0.001,-0.001,0.015406008000000002,0.07865728525825662,77025.64499999999,0.009000000000000001,-695.8659183580015,False
2026-04-29 04:28:26.841704+00:00,sell,77030.04000000001,0.001,-0.001,0.015406008000000002,0.07865728525825662,77025.64499999999,0.008,-618.8512843660016,False
2026-04-29 04:28:33.488486+00:00,buy,77021.25,0.001,0.001,0.015404250000000001,0.07865728525867163,77025.64499999999,0.009000000000000001,-695.8879386160015,False
2026-04-29 04:28:34.849327+00:00,buy,77021.25,0.001,0.001,0.015404250000000001,0.07865728525867163,77025.64499999999,0.010000000000000002,-772.9245928660015,False
2026-04-29 04:28:36.164683+00:00,sell,77030.04000000001,0.001,-0.001,0.015406008000000002,0.07865728525825662,77025.64499999999,0.009000000000000001,-695.9099588740015,False
2026-04-29 04:28:41.488351+00:00,sell,77030.04000000001,0.001,-0.001,0.015406008000000002,0.07865728525825662,77025.64499999999,0.008,-618.8953248820015,False
2026-04-29 04:29:04.357117+00:00,buy,77021.25,0.001,0.001,0.015404250000000001,0.07865728525867163,77025.64499999999,0.009000000000000001,-695.9319791320015,False
2026-04-29 04:29:08.379637+00:00,buy,77033.08,0.001,0.001,0.015406616000000001,0.07880001686026067,77037.465,0.010000000000000002,-772.9804657480015,False
2026-04-29 04:31:06.059124+00:00,sell,77043.38,0.001,-0.001,0.015408676000000003,0.07865728525846412,77038.985,0.009000000000000001,-695.9524944240014,False
2026-04-29 04:31:24.605634+00:00,buy,77016.35,0.001,0.001,0.015403270000000002,0.07880001686026067,77020.735,0.010000000000000002,-772.9842476940014,False
2026-04-29 04:48:50.088552+00:00,sell,77306.2,0.010000000000000002,-0.010000000000000002,0.1546124,1.0,77306.205,0.0,-0.07686009400127117,True
