timestamp,side,price,quantity,signed_quantity,fee,p_fill,mid_price,inventory_after,cash_after,is_terminal_unwind
2026-04-28 23:43:44.308547+00:00,sell,76305.11,0.001,-0.001,0.0,0.07865728525846412,76300.715,-0.001,76.30511,False
2026-04-28 23:43:50.728099+00:00,sell,76305.11,0.001,-0.001,0.0,0.07865728525846412,76300.715,-0.002,152.61022,False
2026-04-28 23:44:06.076279+00:00,sell,76305.11,0.001,-0.001,0.0,0.07865728525846412,76300.715,-0.003,228.91532999999998,False
2026-04-28 23:44:17.729590+00:00,buy,76296.31,0.001,0.001,0.0,0.07851481218867412,76300.715,-0.002,152.61901999999998,False
2026-04-28 23:44:21.614155+00:00,buy,76296.31,0.001,0.001,0.0,0.07851481218867412,76300.715,-0.001,76.32270999999997,False
2026-04-28 23:44:28.079635+00:00,buy,76296.31,0.001,0.001,0.0,0.07851481218867412,76300.715,0.0,0.026399999999966894,False
2026-04-28 23:44:53.701427+00:00,buy,76296.32,0.001,0.001,0.0,0.07865728525867163,76300.715,0.001,-76.26992000000004,False
2026-04-28 23:45:00.064159+00:00,sell,76305.11,0.001,-0.001,0.0,0.07865728525846412,76300.715,0.0,0.03518999999995742,False
2026-04-28 23:45:18.054207+00:00,buy,76317.38,0.001,0.001,0.0,0.07880001686026067,76321.765,0.001,-76.28219000000004,False
2026-04-28 23:45:36.153958+00:00,buy,76324.59,0.001,0.001,0.0,0.07865728525846412,76328.985,0.002,-152.60678000000004,False
2026-04-28 23:45:51.621039+00:00,buy,76324.6,0.001,0.001,0.0,0.07880001686026067,76328.985,0.003,-228.93138000000005,False
2026-04-28 23:46:28.932203+00:00,buy,76342.1,0.001,0.001,0.0,0.07880001686026067,76346.485,0.004,-305.27348000000006,False
2026-04-28 23:46:50.932757+00:00,buy,76340.75,0.001,0.001,0.0,0.07851481218867412,76345.155,0.005,-381.6142300000001,False
2026-04-28 23:46:58.616821+00:00,sell,76349.55,0.001,-0.001,0.0,0.07865728525846412,76345.155,0.004,-305.26468000000006,False
2026-04-28 23:47:23.129044+00:00,sell,76345.64,0.001,-0.001,0.0,0.07880001686026067,76341.255,0.003,-228.91904000000005,False
2026-04-28 23:47:37.264465+00:00,sell,76345.64,0.001,-0.001,0.0,0.07880001686026067,76341.255,0.002,-152.57340000000005,False
2026-04-28 23:47:38.551991+00:00,sell,76345.64,0.001,-0.001,0.0,0.07880001686026067,76341.255,0.001,-76.22776000000005,False
2026-04-28 23:47:41.120810+00:00,sell,76345.64,0.001,-0.001,0.0,0.07880001686026067,76341.255,0.0,0.11787999999995691,False
2026-04-28 23:47:51.411445+00:00,sell,76345.64,0.001,-0.001,0.0,0.07880001686026067,76341.255,-0.001,76.46351999999996,False
2026-04-28 23:47:59.097324+00:00,sell,76335.73,0.001,-0.001,0.0,0.07880001686026067,76331.345,-0.002,152.79924999999997,False
2026-04-28 23:48:05.519526+00:00,sell,76333.37,0.001,-0.001,0.0,0.07880001686026067,76328.985,-0.003,229.13261999999997,False
2026-04-28 23:49:48.309655+00:00,sell,76336.67,0.001,-0.001,0.0,0.07865728525846412,76332.275,-0.004,305.46929,False
2026-04-28 23:50:07.641120+00:00,buy,76327.88,0.001,0.001,0.0,0.07865728525867163,76332.275,-0.003,229.14141,False
2026-04-28 23:50:11.494779+00:00,sell,76336.68000000001,0.001,-0.001,0.0,0.07851481218846697,76332.275,-0.004,305.47809,False
2026-04-28 23:50:12.789634+00:00,buy,76327.88,0.001,0.001,0.0,0.07865728525867163,76332.275,-0.003,229.15021000000002,False
2026-04-28 23:50:12.789634+00:00,sell,76336.68000000001,0.001,-0.001,0.0,0.07851481218846697,76332.275,-0.004,305.48689,False
2026-04-28 23:50:16.648981+00:00,buy,76327.88,0.001,0.001,0.0,0.07865728525867163,76332.275,-0.003,229.15901000000002,False
2026-04-28 23:50:21.717205+00:00,buy,76327.88,0.001,0.001,0.0,0.07865728525867163,76332.275,-0.002,152.83113000000003,False
2026-04-28 23:50:33.223612+00:00,sell,76336.67,0.001,-0.001,0.0,0.07865728525846412,76332.275,-0.003,229.16780000000003,False
2026-04-28 23:50:34.514505+00:00,sell,76336.67,0.001,-0.001,0.0,0.07865728525846412,76332.275,-0.004,305.50447,False
2026-04-28 23:50:57.604932+00:00,buy,76327.88,0.001,0.001,0.0,0.07865728525867163,76332.275,-0.003,229.17659000000003,False
2026-04-28 23:51:16.839269+00:00,buy,76319.02,0.001,0.001,0.0,0.07865728525846412,76323.41500000001,-0.002,152.85757,False
2026-04-28 23:51:18.134161+00:00,buy,76319.02,0.001,0.001,0.0,0.07865728525846412,76323.41500000001,-0.001,76.53855,False
2026-04-28 23:51:22.001234+00:00,buy,76319.01,0.001,0.001,0.0,0.07851481218846697,76323.41500000001,0.0,0.21954000000000917,False
2026-04-28 23:51:33.872857+00:00,sell,76321.11,0.001,-0.001,0.0,0.07880001686026067,76316.725,-0.001,76.54065000000001,False
2026-04-28 23:51:53.220572+00:00,buy,76312.33,0.001,0.001,0.0,0.07865728525846412,76316.725,0.0,0.22832000000001074,False
2026-04-28 23:52:04.742132+00:00,buy,76319.01,0.001,0.001,0.0,0.07865728525846412,76323.405,0.001,-76.09068999999998,False
2026-04-28 23:52:29.136141+00:00,buy,76332.22,0.001,0.001,0.0,0.0788000168600528,76336.60500000001,0.002,-152.42291,False
2026-04-28 23:52:35.523510+00:00,buy,76332.22,0.001,0.001,0.0,0.0788000168600528,76336.60500000001,0.003,-228.75513,False
2026-04-28 23:53:07.651038+00:00,buy,76342.1,0.001,0.001,0.0,0.07880001686026067,76346.485,0.004,-305.09723,False
2026-04-28 23:53:24.398361+00:00,buy,76342.08,0.001,0.001,0.0,0.07851481218867412,76346.485,0.005,-381.43931000000003,False
2026-04-28 23:53:25.698603+00:00,buy,76342.08,0.001,0.001,0.0,0.07851481218867412,76346.485,0.006,-457.78139000000004,False
2026-04-28 23:53:32.126114+00:00,buy,76342.09,0.001,0.001,0.0,0.07865728525846412,76346.485,0.007,-534.1234800000001,False
2026-04-28 23:53:34.713518+00:00,buy,76342.09,0.001,0.001,0.0,0.07865728525846412,76346.485,0.008,-610.4655700000001,False
2026-04-28 23:53:35.980087+00:00,sell,76350.88,0.001,-0.001,0.0,0.07865728525846412,76346.485,0.007,-534.1146900000001,False
2026-04-28 23:53:56.485453+00:00,buy,76342.09,0.001,0.001,0.0,0.07865728525846412,76346.485,0.008,-610.4567800000001,False
2026-04-28 23:53:57.769424+00:00,buy,76342.09,0.001,0.001,0.0,0.07865728525846412,76346.485,0.009000000000000001,-686.7988700000001,False
2026-04-28 23:54:27.746201+00:00,sell,76350.88,0.001,-0.001,0.0,0.07865728525846412,76346.485,0.008,-610.4479900000001,False
2026-04-28 23:54:30.335864+00:00,buy,76342.08,0.001,0.001,0.0,0.07851481218867412,76346.485,0.009000000000000001,-686.7900700000001,False
2026-04-28 23:54:31.607924+00:00,buy,76342.08,0.001,0.001,0.0,0.07851481218867412,76346.485,0.010000000000000002,-763.1321500000001,False
2026-04-28 23:54:35.450562+00:00,sell,76350.88,0.001,-0.001,0.0,0.07865728525846412,76346.485,0.009000000000000001,-686.7812700000002,False
2026-04-28 23:54:38.001462+00:00,buy,76342.09,0.001,0.001,0.0,0.07865728525846412,76346.485,0.010000000000000002,-763.1233600000002,False
2026-04-28 23:54:44.398587+00:00,sell,76373.94,0.001,-0.001,0.0,0.07865728525846412,76369.545,0.009000000000000001,-686.7494200000001,False
2026-04-28 23:54:48.236483+00:00,sell,76367.66,0.001,-0.001,0.0,0.07865728525846412,76363.265,0.008,-610.3817600000001,False
2026-04-28 23:54:59.779262+00:00,buy,76359.90000000001,0.001,0.001,0.0,0.07865728525867163,76364.295,0.009000000000000001,-686.7416600000001,False
2026-04-28 23:55:02.342709+00:00,sell,76357.38,0.001,-0.001,0.0,0.07865728525846412,76352.985,0.008,-610.3842800000001,False
2026-04-28 23:55:07.469132+00:00,buy,76348.6,0.001,0.001,0.0,0.07880001686026067,76352.985,0.009000000000000001,-686.7328800000001,False
2026-04-28 23:55:10.027768+00:00,buy,76353.76,0.001,0.001,0.0,0.07880001686026067,76358.14499999999,0.010000000000000002,-763.0866400000001,False
2026-04-28 23:55:21.641876+00:00,sell,76352.69,0.001,-0.001,0.0,0.0788000168600528,76348.305,0.009000000000000001,-686.73395,False
2026-04-28 23:55:45.991713+00:00,sell,76344.38,0.001,-0.001,0.0,0.07865728525846412,76339.985,0.008,-610.38957,False
2026-04-28 23:55:47.284693+00:00,sell,76344.38,0.001,-0.001,0.0,0.07865728525846412,76339.985,0.007,-534.04519,False
2026-04-28 23:55:48.579834+00:00,sell,76344.38,0.001,-0.001,0.0,0.07865728525846412,76339.985,0.006,-457.70081000000005,False
2026-04-28 23:56:04.039295+00:00,buy,76335.59,0.001,0.001,0.0,0.07865728525846412,76339.985,0.007,-534.0364000000001,False
2026-04-28 23:56:05.317235+00:00,buy,76335.59,0.001,0.001,0.0,0.07865728525846412,76339.985,0.008,-610.3719900000001,False
2026-04-28 23:56:16.891985+00:00,buy,76342.09,0.001,0.001,0.0,0.07865728525846412,76346.485,0.009000000000000001,-686.7140800000001,False
2026-04-28 23:56:23.255590+00:00,buy,76342.09,0.001,0.001,0.0,0.07865728525846412,76346.485,0.010000000000000002,-763.0561700000001,False
2026-04-28 23:56:46.459051+00:00,sell,76345.41,0.001,-0.001,0.0,0.07865728525846412,76341.015,0.009000000000000001,-686.71076,False
2026-04-28 23:57:23.689423+00:00,sell,76346.89,0.001,-0.001,0.0,0.07865728525846412,76342.495,0.008,-610.36387,False
2026-04-28 23:57:53.103613+00:00,buy,76349.33,0.001,0.001,0.0,0.07865728525846412,76353.725,0.009000000000000001,-686.7132,False
2026-04-28 23:58:02.109988+00:00,buy,76349.33,0.001,0.001,0.0,0.07865728525846412,76353.725,0.010000000000000002,-763.06253,False
2026-04-28 23:59:26.898717+00:00,sell,76359.21,0.001,-0.001,0.0,0.07880001686026067,76354.82500000001,0.009000000000000001,-686.7033200000001,False
2026-04-28 23:59:47.389996+00:00,sell,76349.11,0.001,-0.001,0.0,0.07880001686026067,76344.725,0.008,-610.3542100000001,False
2026-04-29 00:00:00.280482+00:00,sell,76347.17,0.001,-0.001,0.0,0.07865728525846412,76342.775,0.007,-534.0070400000001,False
2026-04-29 00:00:02.836371+00:00,buy,76331.02,0.001,0.001,0.0,0.07851481218888125,76335.42499999999,0.008,-610.33806,False
2026-04-29 00:00:26.030021+00:00,sell,76307.52,0.001,-0.001,0.0,0.07880001686026067,76303.13500000001,0.007,-534.03054,False
2026-04-29 00:00:55.527840+00:00,buy,76312.32,0.001,0.001,0.0,0.07865728525867163,76316.715,0.008,-610.34286,False
2026-04-29 00:01:22.476508+00:00,sell,76356.39,0.001,-0.001,0.0,0.07865728525846412,76351.995,0.007,-533.9864699999999,False
2026-04-29 00:01:58.424358+00:00,sell,76356.38,0.001,-0.001,0.0,0.07865728525846412,76351.985,0.006,-457.63008999999994,False
2026-04-29 00:02:08.706260+00:00,buy,76347.59,0.001,0.001,0.0,0.07865728525846412,76351.985,0.007,-533.97768,False
2026-04-29 00:02:30.538501+00:00,sell,76368.69,0.001,-0.001,0.0,0.07865728525846412,76364.295,0.006,-457.60898999999995,False
2026-04-29 00:02:45.921514+00:00,sell,76368.69,0.001,-0.001,0.0,0.07865728525846412,76364.295,0.005,-381.24029999999993,False
2026-04-29 00:02:47.190175+00:00,sell,76368.69,0.001,-0.001,0.0,0.07865728525846412,76364.295,0.004,-304.8716099999999,False
2026-04-29 00:02:48.480272+00:00,buy,76359.90000000001,0.001,0.001,0.0,0.07865728525867163,76364.295,0.005,-381.23150999999996,False
2026-04-29 00:02:51.053853+00:00,sell,76368.69,0.001,-0.001,0.0,0.07865728525846412,76364.295,0.004,-304.86281999999994,False
2026-04-29 00:03:37.269774+00:00,sell,76363.3,0.001,-0.001,0.0,0.07865728525846412,76358.905,0.003,-228.49951999999993,False
2026-04-29 00:03:38.552927+00:00,sell,76363.25,0.001,-0.001,0.0,0.07865728525867163,76358.85500000001,0.002,-152.1362699999999,False
2026-04-29 00:03:48.865771+00:00,sell,76363.25,0.001,-0.001,0.0,0.07865728525867163,76358.85500000001,0.001,-75.7730199999999,False
2026-04-29 00:03:50.206345+00:00,buy,76354.45,0.001,0.001,0.0,0.07851481218846697,76358.85500000001,0.002,-152.1274699999999,False
2026-04-29 00:03:55.402868+00:00,sell,76363.25,0.001,-0.001,0.0,0.07865728525867163,76358.85500000001,0.001,-75.7642199999999,False
2026-04-29 00:04:04.418697+00:00,sell,76363.25,0.001,-0.001,0.0,0.07865728525867163,76358.85500000001,0.0,0.5990300000001128,False
2026-04-29 00:04:18.533501+00:00,buy,76380.88,0.001,0.001,0.0,0.07865728525867163,76385.275,0.001,-75.78184999999989,False
2026-04-29 00:07:15.748834+00:00,sell,76343.89,0.001,-0.001,0.0,0.07865728525846412,76339.495,0.0,0.5620400000001098,False
2026-04-29 00:07:22.193187+00:00,sell,76331.21,0.001,-0.001,0.0,0.07880001686026067,76326.82500000001,-0.001,76.89325000000012,False
2026-04-29 00:07:23.472751+00:00,sell,76331.21,0.001,-0.001,0.0,0.07880001686026067,76326.82500000001,-0.002,153.22446000000014,False
2026-04-29 00:07:27.354594+00:00,sell,76327.39,0.001,-0.001,0.0,0.07880001686026067,76323.005,-0.003,229.55185000000012,False
2026-04-29 00:07:33.779948+00:00,sell,76327.39,0.001,-0.001,0.0,0.07880001686026067,76323.005,-0.004,305.8792400000001,False
2026-04-29 00:08:13.450948+00:00,buy,76345.6,0.001,0.001,0.0,0.07865728525867163,76349.995,-0.003,229.5336400000001,False
2026-04-29 00:08:19.844478+00:00,sell,76350.53,0.001,-0.001,0.0,0.07851481218867412,76346.125,-0.004,305.8841700000001,False
2026-04-29 00:08:35.275270+00:00,buy,76349.71,0.001,0.001,0.0,0.07865728525846412,76354.10500000001,-0.003,229.53446000000008,False
2026-04-29 00:08:37.855599+00:00,buy,76349.71,0.001,0.001,0.0,0.07865728525846412,76354.10500000001,-0.002,153.18475000000007,False
2026-04-29 00:08:41.687874+00:00,buy,76349.71,0.001,0.001,0.0,0.07865728525846412,76354.10500000001,-0.001,76.83504000000006,False
2026-04-29 00:08:46.805196+00:00,buy,76349.71,0.001,0.001,0.0,0.07865728525846412,76354.10500000001,0.0,0.48533000000006155,False
2026-04-29 00:08:55.846383+00:00,buy,76349.71,0.001,0.001,0.0,0.07865728525846412,76354.10500000001,0.001,-75.86437999999994,False
2026-04-29 00:09:20.236136+00:00,sell,76353.40000000001,0.001,-0.001,0.0,0.0788000168600528,76349.015,0.0,0.4890200000000675,False
2026-04-29 00:09:26.640260+00:00,sell,76353.41,0.001,-0.001,0.0,0.07865728525846412,76349.015,-0.001,76.84243000000008,False
2026-04-29 00:09:36.929616+00:00,sell,76345.2,0.001,-0.001,0.0,0.07880001686026067,76340.815,-0.002,153.18763000000007,False
2026-04-29 00:09:39.486245+00:00,sell,76345.2,0.001,-0.001,0.0,0.07880001686026067,76340.815,-0.003,229.53283000000008,False
2026-04-29 00:10:12.932961+00:00,sell,76348.74,0.001,-0.001,0.0,0.07880001686026067,76344.35500000001,-0.004,305.88157000000007,False
2026-04-29 00:10:18.034326+00:00,sell,76335.88,0.001,-0.001,0.0,0.0788000168600528,76331.495,-0.005,382.2174500000001,False
2026-04-29 00:10:24.451288+00:00,sell,76327.39,0.001,-0.001,0.0,0.07880001686026067,76323.005,-0.006,458.5448400000001,False
2026-04-29 00:11:00.410265+00:00,buy,76323.78,0.001,0.001,0.0,0.07865728525867163,76328.17499999999,-0.005,382.2210600000001,False
2026-04-29 00:11:24.714906+00:00,buy,76323.78,0.001,0.001,0.0,0.07865728525867163,76328.17499999999,-0.004,305.8972800000001,False
2026-04-29 00:11:42.728783+00:00,sell,76326.31,0.001,-0.001,0.0,0.07865728525867163,76321.91500000001,-0.005,382.22359000000006,False
2026-04-29 00:12:03.296633+00:00,buy,76321.33,0.001,0.001,0.0,0.07865728525846412,76325.725,-0.004,305.90226000000007,False
2026-04-29 00:12:05.882736+00:00,buy,76321.33,0.001,0.001,0.0,0.07865728525846412,76325.725,-0.003,229.58093000000008,False
2026-04-29 00:12:50.083701+00:00,buy,76330.04000000001,0.001,0.001,0.0,0.07865728525867163,76334.435,-0.002,153.25089000000008,False
2026-04-29 00:12:59.078526+00:00,buy,76333.25,0.001,0.001,0.0,0.0788000168600528,76337.63500000001,-0.001,76.91764000000008,False
2026-04-29 00:13:38.858262+00:00,sell,76350.88,0.001,-0.001,0.0,0.07865728525846412,76346.485,-0.002,153.26852000000008,False
2026-04-29 00:13:45.297600+00:00,sell,76345.37,0.001,-0.001,0.0,0.07880001686026067,76340.985,-0.003,229.61389000000008,False
2026-04-29 00:13:49.125067+00:00,sell,76345.37,0.001,-0.001,0.0,0.07880001686026067,76340.985,-0.004,305.9592600000001,False
2026-04-29 00:13:52.974984+00:00,sell,76345.38,0.001,-0.001,0.0,0.07865728525846412,76340.985,-0.005,382.30464000000006,False
2026-04-29 00:14:03.341710+00:00,sell,76345.38,0.001,-0.001,0.0,0.07865728525846412,76340.985,-0.006,458.65002000000004,False
2026-04-29 00:14:32.853917+00:00,sell,76330.64,0.001,-0.001,0.0,0.07880001686026067,76326.255,-0.007,534.9806600000001,False
2026-04-29 00:14:35.419747+00:00,sell,76330.64,0.001,-0.001,0.0,0.07880001686026067,76326.255,-0.008,611.3113000000001,False
2026-04-29 00:14:57.286996+00:00,buy,76343.88,0.001,0.001,0.0,0.07865728525867163,76348.275,-0.007,534.9674200000001,False
2026-04-29 00:15:15.221883+00:00,buy,76328.01,0.001,0.001,0.0,0.07865728525846412,76332.405,-0.006,458.63941000000005,False
2026-04-29 00:15:31.904491+00:00,sell,76325.52,0.001,-0.001,0.0,0.07865728525846412,76321.125,-0.007,534.9649300000001,False
2026-04-29 00:15:43.503312+00:00,buy,76316.47,0.001,0.001,0.0,0.0788000168600528,76320.85500000001,-0.006,458.6484600000001,False
2026-04-29 00:15:48.634611+00:00,sell,76325.24,0.001,-0.001,0.0,0.07880001686026067,76320.85500000001,-0.007,534.9737000000001,False
2026-04-29 00:17:02.118753+00:00,buy,76324.79000000001,0.001,0.001,0.0,0.07851481218867412,76329.195,-0.006,458.6489100000001,False
2026-04-29 00:17:04.696814+00:00,sell,76333.59,0.001,-0.001,0.0,0.07865728525867163,76329.195,-0.007,534.9825000000001,False
2026-04-29 00:17:05.982987+00:00,buy,76324.8,0.001,0.001,0.0,0.07865728525846412,76329.195,-0.006,458.6577000000001,False
2026-04-29 00:17:07.242960+00:00,buy,76324.8,0.001,0.001,0.0,0.07865728525846412,76329.195,-0.005,382.3329000000001,False
2026-04-29 00:17:11.115841+00:00,buy,76324.8,0.001,0.001,0.0,0.07865728525846412,76329.195,-0.004,306.0081000000001,False
2026-04-29 00:17:14.982217+00:00,buy,76324.8,0.001,0.001,0.0,0.07865728525846412,76329.195,-0.003,229.68330000000012,False
2026-04-29 00:17:31.667296+00:00,sell,76333.58,0.001,-0.001,0.0,0.07880001686026067,76329.195,-0.004,306.0168800000001,False
2026-04-29 00:17:35.546359+00:00,buy,76324.79000000001,0.001,0.001,0.0,0.07851481218867412,76329.195,-0.003,229.69209000000012,False
2026-04-29 00:17:45.889139+00:00,sell,76327.40000000001,0.001,-0.001,0.0,0.0788000168600528,76323.015,-0.004,306.01949000000013,False
2026-04-29 00:17:57.404138+00:00,sell,76327.40000000001,0.001,-0.001,0.0,0.0788000168600528,76323.015,-0.005,382.34689000000014,False
2026-04-29 00:18:01.249441+00:00,sell,76327.04000000001,0.001,-0.001,0.0,0.0788000168600528,76322.655,-0.006,458.67393000000015,False
2026-04-29 00:18:08.952730+00:00,sell,76319.98,0.001,-0.001,0.0,0.07880001686026067,76315.595,-0.007,534.9939100000001,False
2026-04-29 00:18:19.207193+00:00,sell,76304.40000000001,0.001,-0.001,0.0,0.07865728525846412,76300.005,-0.008,611.2983100000001,False
2026-04-29 00:18:55.141290+00:00,buy,76273.62,0.001,0.001,0.0,0.0788000168600528,76278.005,-0.007,535.0246900000002,False
2026-04-29 00:19:16.909310+00:00,buy,76286.61,0.001,0.001,0.0,0.07880001686026067,76290.995,-0.006,458.7380800000002,False
2026-04-29 00:19:23.293407+00:00,buy,76286.6,0.001,0.001,0.0,0.07865728525867163,76290.995,-0.005,382.4514800000002,False
2026-04-29 00:19:25.859949+00:00,sell,76295.39,0.001,-0.001,0.0,0.07865728525846412,76290.995,-0.006,458.7468700000002,False
2026-04-29 00:19:30.996937+00:00,sell,76295.39,0.001,-0.001,0.0,0.07865728525846412,76290.995,-0.007,535.0422600000002,False
2026-04-29 00:19:36.142927+00:00,buy,76286.6,0.001,0.001,0.0,0.07865728525867163,76290.995,-0.006,458.75566000000015,False
2026-04-29 00:19:42.565795+00:00,sell,76295.39,0.001,-0.001,0.0,0.07865728525846412,76290.995,-0.007,535.0510500000001,False
2026-04-29 00:19:50.324436+00:00,buy,76293.43000000001,0.001,0.001,0.0,0.07880001686026067,76297.815,-0.006,458.75762000000014,False
2026-04-29 00:22:09.571769+00:00,buy,76308.2,0.001,0.001,0.0,0.07880001686026067,76312.58499999999,-0.005,382.44942000000015,False
2026-04-29 00:22:35.245038+00:00,buy,76311.26,0.001,0.001,0.0,0.07880001686026067,76315.64499999999,-0.004,306.13816000000014,False
2026-04-29 00:22:55.837949+00:00,sell,76315.23,0.001,-0.001,0.0,0.07880001686026067,76310.845,-0.005,382.4533900000001,False
2026-04-29 00:23:15.515952+00:00,buy,76306.45,0.001,0.001,0.0,0.07865728525846412,76310.845,-0.004,306.14694000000014,False
2026-04-29 00:23:16.796420+00:00,sell,76315.24,0.001,-0.001,0.0,0.07865728525846412,76310.845,-0.005,382.46218000000016,False
2026-04-29 00:23:19.381922+00:00,sell,76315.25,0.001,-0.001,0.0,0.07851481218867412,76310.845,-0.006,458.77743000000015,False
2026-04-29 00:23:29.629839+00:00,buy,76311.25,0.001,0.001,0.0,0.07865728525867163,76315.64499999999,-0.005,382.4661800000001,False
2026-04-29 00:23:50.226590+00:00,buy,76311.25,0.001,0.001,0.0,0.07865728525867163,76315.64499999999,-0.004,306.15493000000015,False
2026-04-29 00:23:57.880182+00:00,sell,76320.04000000001,0.001,-0.001,0.0,0.07865728525825662,76315.64499999999,-0.005,382.47497000000016,False
2026-04-29 00:24:29.955730+00:00,buy,76311.25,0.001,0.001,0.0,0.07865728525867163,76315.64499999999,-0.004,306.1637200000001,False
2026-04-29 00:24:33.830454+00:00,buy,76311.25,0.001,0.001,0.0,0.07865728525867163,76315.64499999999,-0.003,229.85247000000012,False
2026-04-29 00:25:08.481197+00:00,buy,76326.91,0.001,0.001,0.0,0.07865728525867163,76331.305,-0.002,153.52556000000013,False
2026-04-29 00:25:09.776584+00:00,buy,76326.91,0.001,0.001,0.0,0.07865728525867163,76331.305,-0.001,77.19865000000013,False
2026-04-29 00:25:17.443658+00:00,sell,76335.7,0.001,-0.001,0.0,0.07865728525846412,76331.305,-0.002,153.53435000000013,False
2026-04-29 00:25:28.955047+00:00,buy,76326.91,0.001,0.001,0.0,0.07865728525867163,76331.305,-0.001,77.20744000000013,False
2026-04-29 00:25:44.391123+00:00,sell,76327.07,0.001,-0.001,0.0,0.0788000168600528,76322.685,-0.002,153.53451000000013,False
2026-04-29 00:26:06.340089+00:00,sell,76326.28,0.001,-0.001,0.0,0.07851481218867412,76321.875,-0.003,229.86079000000012,False
2026-04-29 00:26:07.624662+00:00,sell,76326.27,0.001,-0.001,0.0,0.07865728525846412,76321.875,-0.004,306.18706000000014,False
2026-04-29 00:26:12.732824+00:00,sell,76326.27,0.001,-0.001,0.0,0.07865728525846412,76321.875,-0.005,382.51333000000017,False
2026-04-29 00:26:43.726006+00:00,sell,76319.55,0.001,-0.001,0.0,0.07865728525846412,76315.155,-0.006,458.83288000000016,False
2026-04-29 00:26:45.024594+00:00,buy,76310.76,0.001,0.001,0.0,0.07865728525846412,76315.155,-0.005,382.52212000000014,False
2026-04-29 00:27:03.070764+00:00,sell,76315.08,0.001,-0.001,0.0,0.07880001686026067,76310.695,-0.006,458.83720000000017,False
2026-04-29 00:27:05.634138+00:00,sell,76315.08,0.001,-0.001,0.0,0.07880001686026067,76310.695,-0.007,535.1522800000001,False
2026-04-29 00:27:10.775169+00:00,sell,76314.08,0.001,-0.001,0.0,0.07880001686026067,76309.695,-0.008,611.4663600000001,False
2026-04-29 00:27:15.939137+00:00,buy,76307.71,0.001,0.001,0.0,0.07865728525846412,76312.10500000001,-0.007,535.1586500000001,False
2026-04-29 00:27:17.237091+00:00,buy,76307.71,0.001,0.001,0.0,0.07865728525846412,76312.10500000001,-0.006,458.85094000000004,False
2026-04-29 00:27:31.358030+00:00,buy,76307.71,0.001,0.001,0.0,0.07865728525846412,76312.10500000001,-0.005,382.54323,False
2026-04-29 00:27:59.701978+00:00,buy,76321.98,0.001,0.001,0.0,0.07865728525846412,76326.375,-0.004,306.22125,False
2026-04-29 00:28:00.991795+00:00,buy,76321.98,0.001,0.001,0.0,0.07865728525846412,76326.375,-0.003,229.89927,False
2026-04-29 00:28:03.567088+00:00,sell,76330.77,0.001,-0.001,0.0,0.07865728525846412,76326.375,-0.004,306.23004000000003,False
2026-04-29 00:28:04.843031+00:00,sell,76330.77,0.001,-0.001,0.0,0.07865728525846412,76326.375,-0.005,382.56081000000006,False
2026-04-29 00:28:07.384485+00:00,sell,76330.77,0.001,-0.001,0.0,0.07865728525846412,76326.375,-0.006,458.8915800000001,False
2026-04-29 00:28:31.634611+00:00,sell,76330.77,0.001,-0.001,0.0,0.07865728525846412,76326.375,-0.007,535.2223500000001,False
2026-04-29 00:28:44.466519+00:00,sell,76330.76,0.001,-0.001,0.0,0.07880001686026067,76326.375,-0.008,611.5531100000001,False
2026-04-29 00:29:06.315489+00:00,buy,76320.11,0.001,0.001,0.0,0.07865728525846412,76324.505,-0.007,535.2330000000001,False
2026-04-29 00:29:24.314180+00:00,sell,76328.90000000001,0.001,-0.001,0.0,0.07865728525846412,76324.505,-0.008,611.5619,False
2026-04-29 00:29:37.199485+00:00,buy,76320.1,0.001,0.001,0.0,0.07851481218867412,76324.505,-0.007,535.2418,False
2026-04-29 00:29:42.365480+00:00,buy,76320.11,0.001,0.001,0.0,0.07865728525846412,76324.505,-0.006,458.92169,False
2026-04-29 00:29:44.914756+00:00,sell,76328.90000000001,0.001,-0.001,0.0,0.07865728525846412,76324.505,-0.007,535.25059,False
2026-04-29 00:30:13.235788+00:00,buy,76329.96,0.001,0.001,0.0,0.07865728525846412,76334.35500000001,-0.006,458.92062999999996,False
2026-04-29 00:30:19.651536+00:00,sell,76338.74,0.001,-0.001,0.0,0.07880001686026067,76334.35500000001,-0.007,535.25937,False
2026-04-29 00:30:33.729523+00:00,buy,76329.96,0.001,0.001,0.0,0.07865728525846412,76334.35500000001,-0.006,458.92940999999996,False
2026-04-29 00:30:36.294674+00:00,buy,76329.96,0.001,0.001,0.0,0.07865728525846412,76334.35500000001,-0.005,382.59944999999993,False
2026-04-29 00:30:45.275575+00:00,buy,76333.25,0.001,0.001,0.0,0.0788000168600528,76337.63500000001,-0.004,306.2661999999999,False
2026-04-29 00:30:50.482756+00:00,buy,76333.85,0.001,0.001,0.0,0.07880001686026067,76338.235,-0.003,229.9323499999999,False
2026-04-29 00:31:03.325389+00:00,buy,76341.05,0.001,0.001,0.0,0.07865728525846412,76345.445,-0.002,153.59129999999988,False
2026-04-29 00:31:05.889359+00:00,buy,76341.05,0.001,0.001,0.0,0.07865728525846412,76345.445,-0.001,77.25024999999987,False
2026-04-29 00:31:08.459317+00:00,buy,76341.05,0.001,0.001,0.0,0.07865728525846412,76345.445,0.0,0.9091999999998563,False
2026-04-29 00:31:34.141954+00:00,buy,76341.92,0.001,0.001,0.0,0.07865728525846412,76346.315,0.001,-75.43272000000015,False
2026-04-29 00:32:52.355776+00:00,sell,76338.54000000001,0.001,-0.001,0.0,0.0788000168600528,76334.155,0.0,0.9058199999998635,False
2026-04-29 00:33:30.836711+00:00,sell,76335.71,0.001,-0.001,0.0,0.07880001686026067,76331.32500000001,-0.001,77.24152999999987,False
2026-04-29 00:33:55.170338+00:00,sell,76328.49,0.001,-0.001,0.0,0.07880001686026067,76324.10500000001,-0.002,153.5700199999999,False
2026-04-29 00:34:10.541428+00:00,sell,76312.81,0.001,-0.001,0.0,0.0788000168600528,76308.42499999999,-0.003,229.8828299999999,False
2026-04-29 00:34:32.433143+00:00,buy,76304.04000000001,0.001,0.001,0.0,0.07880001686046857,76308.42499999999,-0.002,153.57878999999988,False
2026-04-29 00:34:42.727675+00:00,sell,76312.82,0.001,-0.001,0.0,0.07865728525825662,76308.42499999999,-0.003,229.8916099999999,False
2026-04-29 00:34:53.033035+00:00,sell,76312.81,0.001,-0.001,0.0,0.0788000168600528,76308.42499999999,-0.004,306.2044199999999,False
2026-04-29 00:35:16.229798+00:00,sell,76309.13,0.001,-0.001,0.0,0.07865728525846412,76304.735,-0.005,382.5135499999999,False
2026-04-29 00:35:30.412886+00:00,sell,76309.12,0.001,-0.001,0.0,0.07880001686026067,76304.735,-0.006,458.8226699999999,False
2026-04-29 00:35:40.655682+00:00,sell,76309.12,0.001,-0.001,0.0,0.07880001686026067,76304.735,-0.007,535.1317899999999,False
2026-04-29 00:35:44.513137+00:00,sell,76293.38,0.001,-0.001,0.0,0.07865728525846412,76288.985,-0.008,611.42517,False
2026-04-29 00:35:45.819602+00:00,sell,76293.38,0.001,-0.001,0.0,0.07865728525846412,76288.985,-0.009000000000000001,687.71855,False
2026-04-29 00:35:53.485403+00:00,sell,76293.38,0.001,-0.001,0.0,0.07865728525846412,76288.985,-0.010000000000000002,764.0119300000001,False
2026-04-29 00:36:15.328455+00:00,buy,76302.36,0.001,0.001,0.0,0.07880001686026067,76306.745,-0.009000000000000001,687.7095700000001,False
2026-04-29 00:36:25.562413+00:00,buy,76302.36,0.001,0.001,0.0,0.07880001686026067,76306.745,-0.008,611.4072100000001,False
2026-04-29 00:36:53.893794+00:00,buy,76304.04000000001,0.001,0.001,0.0,0.07880001686046857,76308.42499999999,-0.007,535.1031700000001,False
2026-04-29 00:36:56.461225+00:00,sell,76312.82,0.001,-0.001,0.0,0.07865728525825662,76308.42499999999,-0.008,611.4159900000001,False
2026-04-29 00:37:01.609580+00:00,buy,76304.03,0.001,0.001,0.0,0.07865728525867163,76308.42499999999,-0.007,535.1119600000001,False
2026-04-29 00:37:06.828073+00:00,buy,76304.03,0.001,0.001,0.0,0.07865728525867163,76308.42499999999,-0.006,458.80793000000006,False
2026-04-29 00:37:28.557468+00:00,sell,76314.40000000001,0.001,-0.001,0.0,0.07851481218846697,76309.995,-0.007,535.12233,False
2026-04-29 00:37:36.236947+00:00,buy,76305.6,0.001,0.001,0.0,0.07865728525867163,76309.995,-0.006,458.81673,False
2026-04-29 00:37:40.089535+00:00,buy,76305.6,0.001,0.001,0.0,0.07865728525867163,76309.995,-0.005,382.51113,False
2026-04-29 00:37:43.984346+00:00,buy,76305.6,0.001,0.001,0.0,0.07865728525867163,76309.995,-0.004,306.20552999999995,False
2026-04-29 00:37:59.384262+00:00,buy,76305.6,0.001,0.001,0.0,0.07865728525867163,76309.995,-0.003,229.89992999999993,False
2026-04-29 00:38:14.749326+00:00,sell,76314.39,0.001,-0.001,0.0,0.07865728525846412,76309.995,-0.004,306.21431999999993,False
2026-04-29 00:38:36.611350+00:00,buy,76311.27,0.001,0.001,0.0,0.07880001686026067,76315.655,-0.003,229.90304999999992,False
2026-04-29 00:38:39.171255+00:00,buy,76318.88,0.001,0.001,0.0,0.07865728525867163,76323.275,-0.002,153.58416999999992,False
2026-04-29 00:39:35.693636+00:00,buy,76326.51,0.001,0.001,0.0,0.07880001686026067,76330.89499999999,-0.001,77.25765999999992,False
2026-04-29 00:39:43.333758+00:00,buy,76326.51,0.001,0.001,0.0,0.07880001686026067,76330.89499999999,0.0,0.9311499999999171,False
2026-04-29 00:40:25.688206+00:00,buy,76358.22,0.001,0.001,0.0,0.0788000168600528,76362.60500000001,0.001,-75.42707000000009,False
2026-04-29 00:40:57.757748+00:00,buy,76386.02,0.001,0.001,0.0,0.07880001686026067,76390.405,0.002,-151.8130900000001,False
2026-04-29 00:41:37.571797+00:00,sell,76423.53,0.001,-0.001,0.0,0.0788000168600528,76419.14499999999,0.001,-75.3895600000001,False
2026-04-29 00:41:42.685866+00:00,sell,76423.52,0.001,-0.001,0.0,0.07865728525846412,76419.125,0.0,1.033959999999908,False
2026-04-29 00:41:47.880379+00:00,buy,76414.73,0.001,0.001,0.0,0.07865728525846412,76419.125,0.001,-75.38077000000008,False
2026-04-29 00:41:51.749519+00:00,sell,76423.52,0.001,-0.001,0.0,0.07865728525846412,76419.125,0.0,1.042749999999927,False
2026-04-29 00:41:55.609958+00:00,sell,76423.52,0.001,-0.001,0.0,0.07865728525846412,76419.125,-0.001,77.46626999999994,False
2026-04-29 00:41:56.899304+00:00,buy,76414.73,0.001,0.001,0.0,0.07865728525846412,76419.125,0.0,1.051539999999946,False
2026-04-29 00:42:03.280110+00:00,sell,76423.52,0.001,-0.001,0.0,0.07865728525846412,76419.125,-0.001,77.47505999999996,False
2026-04-29 00:42:11.028446+00:00,sell,76423.52,0.001,-0.001,0.0,0.07865728525846412,76419.125,-0.002,153.89857999999998,False
2026-04-29 00:42:16.174932+00:00,buy,76414.73,0.001,0.001,0.0,0.07865728525846412,76419.125,-0.001,77.48384999999999,False
2026-04-29 00:42:25.139835+00:00,sell,76415.09,0.001,-0.001,0.0,0.07865728525867163,76410.695,-0.002,153.89893999999998,False
2026-04-29 00:42:34.121865+00:00,sell,76392.18000000001,0.001,-0.001,0.0,0.0788000168600528,76387.795,-0.003,230.29111999999998,False
2026-04-29 00:42:53.493703+00:00,buy,76386.02,0.001,0.001,0.0,0.07865728525846412,76390.41500000001,-0.002,153.90509999999998,False
2026-04-29 00:42:54.782543+00:00,buy,76386.02,0.001,0.001,0.0,0.07865728525846412,76390.41500000001,-0.001,77.51907999999997,False
2026-04-29 00:43:07.620735+00:00,buy,76386.02,0.001,0.001,0.0,0.07865728525846412,76390.41500000001,0.0,1.133059999999972,False
2026-04-29 00:43:55.057116+00:00,buy,76362.78,0.001,0.001,0.0,0.0788000168600528,76367.16500000001,0.001,-75.22972000000003,False
2026-04-29 00:44:01.486107+00:00,buy,76369.18000000001,0.001,0.001,0.0,0.07880001686026067,76373.565,0.002,-151.59890000000004,False
2026-04-29 00:44:05.297791+00:00,buy,76380.14,0.001,0.001,0.0,0.07880001686026067,76384.525,0.003,-227.97904000000005,False
2026-04-29 00:44:29.743275+00:00,buy,76388.44,0.001,0.001,0.0,0.0788000168600528,76392.82500000001,0.004,-304.36748000000006,False
2026-04-29 00:44:47.803536+00:00,sell,76404.85,0.001,-0.001,0.0,0.07865728525846412,76400.455,0.003,-227.96263000000005,False
2026-04-29 00:44:51.654850+00:00,sell,76404.85,0.001,-0.001,0.0,0.07865728525846412,76400.455,0.002,-151.55778000000004,False
2026-04-29 00:44:52.951364+00:00,buy,76396.06,0.001,0.001,0.0,0.07865728525846412,76400.455,0.003,-227.95384000000004,False
2026-04-29 00:44:52.951364+00:00,sell,76404.85,0.001,-0.001,0.0,0.07865728525846412,76400.455,0.002,-151.54899000000003,False
2026-04-29 00:44:54.221403+00:00,sell,76404.85,0.001,-0.001,0.0,0.07865728525846412,76400.455,0.001,-75.14414000000002,False
2026-04-29 00:44:58.126758+00:00,sell,76404.85,0.001,-0.001,0.0,0.07865728525846412,76400.455,0.0,1.260709999999989,False
2026-04-29 00:45:03.283859+00:00,buy,76414.65000000001,0.001,0.001,0.0,0.07865728525867163,76419.045,0.001,-75.15394000000002,False
2026-04-29 00:45:14.862285+00:00,buy,76414.65000000001,0.001,0.001,0.0,0.07865728525867163,76419.045,0.002,-151.56859000000003,False
2026-04-29 00:45:27.687367+00:00,buy,76401.76,0.001,0.001,0.0,0.07865728525846412,76406.155,0.003,-227.97035000000002,False
2026-04-29 00:45:28.977888+00:00,buy,76401.76,0.001,0.001,0.0,0.07865728525846412,76406.155,0.004,-304.37211,False
2026-04-29 00:45:50.817258+00:00,buy,76405.21,0.001,0.001,0.0,0.07865728525846412,76409.60500000001,0.005,-380.77732000000003,False
2026-04-29 00:45:57.214381+00:00,buy,76405.22,0.001,0.001,0.0,0.0788000168600528,76409.60500000001,0.006,-457.18254,False
2026-04-29 00:46:19.072987+00:00,buy,76404.63,0.001,0.001,0.0,0.07865728525867163,76409.025,0.007,-533.58717,False
2026-04-29 00:46:22.917669+00:00,buy,76404.63,0.001,0.001,0.0,0.07865728525867163,76409.025,0.008,-609.9918,False
2026-04-29 00:46:28.026901+00:00,buy,76404.63,0.001,0.001,0.0,0.07865728525867163,76409.025,0.009000000000000001,-686.39643,False
2026-04-29 00:46:44.721727+00:00,buy,76404.63,0.001,0.001,0.0,0.07865728525867163,76409.025,0.010000000000000002,-762.80106,False
2026-04-29 00:48:48.077117+00:00,sell,76439.39,0.001,-0.001,0.0,0.07865728525846412,76434.995,0.009000000000000001,-686.36167,False
2026-04-29 00:49:02.242556+00:00,buy,76430.61,0.001,0.001,0.0,0.07880001686026067,76434.995,0.010000000000000002,-762.79228,False
2026-04-29 00:49:07.392287+00:00,sell,76439.38,0.001,-0.001,0.0,0.0788000168600528,76434.995,0.009000000000000001,-686.3529,False
2026-04-29 00:49:12.508747+00:00,sell,76439.38,0.001,-0.001,0.0,0.0788000168600528,76434.995,0.008,-609.91352,False
2026-04-29 00:49:25.311192+00:00,buy,76430.6,0.001,0.001,0.0,0.07865728525867163,76434.995,0.009000000000000001,-686.34412,False
2026-04-29 00:49:25.311192+00:00,sell,76439.39,0.001,-0.001,0.0,0.07865728525846412,76434.995,0.008,-609.90473,False
2026-04-29 00:49:29.174702+00:00,buy,76430.6,0.001,0.001,0.0,0.07865728525867163,76434.995,0.009000000000000001,-686.33533,False
2026-04-29 00:49:31.742584+00:00,buy,76430.6,0.001,0.001,0.0,0.07865728525867163,76434.995,0.010000000000000002,-762.76593,False
2026-04-29 00:50:11.597090+00:00,sell,76395.54000000001,0.001,-0.001,0.0,0.0788000168600528,76391.155,0.009000000000000001,-686.37039,False
2026-04-29 00:50:25.673880+00:00,buy,76427.34,0.001,0.001,0.0,0.0788000168600528,76431.725,0.010000000000000002,-762.79773,False
2026-04-29 00:53:04.955878+00:00,sell,76439.75,0.001,-0.001,0.0,0.0788000168600528,76435.36499999999,0.009000000000000001,-686.35798,False
2026-04-29 00:53:06.255019+00:00,sell,76439.76,0.001,-0.001,0.0,0.07865728525846412,76435.36499999999,0.008,-609.91822,False
2026-04-29 00:53:47.361738+00:00,sell,76453.62,0.001,-0.001,0.0,0.07865728525867163,76449.225,0.007,-533.4646,False
2026-04-29 00:53:57.665043+00:00,buy,76444.83,0.001,0.001,0.0,0.07865728525846412,76449.225,0.008,-609.90943,False
2026-04-29 00:57:08.118080+00:00,sell,76516.81,0.001,-0.001,0.0,0.07865728525867163,76512.41500000001,0.007,-533.3926200000001,False
2026-04-29 00:57:36.334420+00:00,buy,76495.78,0.001,0.001,0.0,0.07865728525867163,76500.17499999999,0.008,-609.8884,False
2026-04-29 00:57:40.186821+00:00,buy,76495.78,0.001,0.001,0.0,0.07865728525867163,76500.17499999999,0.009000000000000001,-686.38418,False
2026-04-29 00:57:44.043834+00:00,buy,76495.79000000001,0.001,0.001,0.0,0.07880001686046857,76500.17499999999,0.010000000000000002,-762.8799700000001,False
2026-04-29 01:02:50.287273+00:00,sell,76509.66,0.001,-0.001,0.0,0.07865728525846412,76505.265,0.009000000000000001,-686.37031,False
2026-04-29 01:03:10.737062+00:00,buy,76519.77,0.001,0.001,0.0,0.07880001686026067,76524.155,0.010000000000000002,-762.89008,False
2026-04-29 01:04:01.968607+00:00,sell,76521.16,0.001,-0.001,0.0,0.0788000168600528,76516.775,0.009000000000000001,-686.36892,False
2026-04-29 01:04:10.950926+00:00,sell,76500.65000000001,0.001,-0.001,0.0,0.0788000168600528,76496.265,0.008,-609.8682699999999,False
2026-04-29 01:04:12.249719+00:00,sell,76500.65000000001,0.001,-0.001,0.0,0.0788000168600528,76496.265,0.007,-533.36762,False
2026-04-29 01:04:19.917140+00:00,sell,76496.2,0.001,-0.001,0.0,0.07880001686026067,76491.815,0.006,-456.87142,False
2026-04-29 01:07:32.524116+00:00,sell,76480.89,0.001,-0.001,0.0,0.07865728525846412,76476.495,0.005,-380.39053,False
2026-04-29 01:07:44.039774+00:00,sell,76460.11,0.001,-0.001,0.0,0.07880001686026067,76455.725,0.004,-303.93042,False
2026-04-29 01:11:01.515685+00:00,buy,76405.85,0.001,0.001,0.0,0.07865728525867163,76410.245,0.005,-380.33627,False
2026-04-29 01:11:06.613503+00:00,buy,76406.53,0.001,0.001,0.0,0.07865728525867163,76410.92499999999,0.006,-456.7428,False
2026-04-29 01:11:10.446486+00:00,sell,76415.33,0.001,-0.001,0.0,0.07851481218846697,76410.92499999999,0.005,-380.32747,False
2026-04-29 01:11:20.713444+00:00,sell,76415.31,0.001,-0.001,0.0,0.0788000168600528,76410.92499999999,0.004,-303.91216,False
2026-04-29 01:11:33.575508+00:00,sell,76407.66,0.001,-0.001,0.0,0.0788000168600528,76403.275,0.003,-227.50449999999995,False
2026-04-29 01:11:45.196338+00:00,buy,76398.87,0.001,0.001,0.0,0.07851481218867412,76403.275,0.004,-303.90336999999994,False
2026-04-29 01:12:07.089569+00:00,sell,76377.83,0.001,-0.001,0.0,0.07880001686026067,76373.445,0.003,-227.52553999999992,False
2026-04-29 01:12:26.411037+00:00,buy,76355.27,0.001,0.001,0.0,0.07865728525846412,76359.66500000001,0.004,-303.88080999999994,False
2026-04-29 01:12:27.677666+00:00,buy,76355.27,0.001,0.001,0.0,0.07865728525846412,76359.66500000001,0.005,-380.23607999999996,False
2026-04-29 01:12:31.530672+00:00,sell,76364.06,0.001,-0.001,0.0,0.07865728525867163,76359.66500000001,0.004,-303.87201999999996,False
2026-04-29 01:13:10.217360+00:00,buy,76355.27,0.001,0.001,0.0,0.07865728525846412,76359.66500000001,0.005,-380.22729,False
2026-04-29 01:13:19.277833+00:00,sell,76364.07,0.001,-0.001,0.0,0.07851481218867412,76359.66500000001,0.004,-303.86321999999996,False
2026-04-29 01:13:34.673133+00:00,buy,76355.27,0.001,0.001,0.0,0.07865728525846412,76359.66500000001,0.005,-380.21849,False
2026-04-29 01:13:47.636362+00:00,buy,76355.27,0.001,0.001,0.0,0.07865728525846412,76359.66500000001,0.006,-456.57376,False
2026-04-29 01:13:50.206522+00:00,buy,76355.27,0.001,0.001,0.0,0.07865728525846412,76359.66500000001,0.007,-532.92903,False
2026-04-29 01:14:01.771692+00:00,buy,76370.27,0.001,0.001,0.0,0.07880001686026067,76374.655,0.008,-609.2993,False
2026-04-29 01:14:14.591505+00:00,sell,76368.79000000001,0.001,-0.001,0.0,0.0788000168600528,76364.405,0.007,-532.93051,False
2026-04-29 01:14:28.768518+00:00,buy,76355.27,0.001,0.001,0.0,0.07865728525846412,76359.66500000001,0.008,-609.28578,False
2026-04-29 01:15:11.137568+00:00,buy,76355.27,0.001,0.001,0.0,0.07865728525846412,76359.66500000001,0.009000000000000001,-685.6410500000001,False
2026-04-29 01:15:26.486178+00:00,sell,76389.44,0.001,-0.001,0.0,0.07865728525846412,76385.045,0.008,-609.25161,False
2026-04-29 01:16:16.630392+00:00,buy,76395.18000000001,0.001,0.001,0.0,0.07865728525846412,76399.57500000001,0.009000000000000001,-685.64679,False
2026-04-29 01:16:21.766281+00:00,sell,76403.98,0.001,-0.001,0.0,0.07851481218888125,76399.57500000001,0.008,-609.24281,False
2026-04-29 01:16:24.335248+00:00,sell,76403.98,0.001,-0.001,0.0,0.07851481218888125,76399.57500000001,0.007,-532.8388299999999,False
2026-04-29 01:16:30.799054+00:00,sell,76403.97,0.001,-0.001,0.0,0.07865728525867163,76399.57500000001,0.006,-456.4348599999999,False
2026-04-29 01:16:32.083270+00:00,sell,76403.97,0.001,-0.001,0.0,0.07865728525867163,76399.57500000001,0.005,-380.0308899999999,False
2026-04-29 01:16:38.481600+00:00,buy,76395.17,0.001,0.001,0.0,0.07851481218846697,76399.57500000001,0.006,-456.4260599999999,False
2026-04-29 01:16:55.164850+00:00,sell,76394.7,0.001,-0.001,0.0,0.07880001686026067,76390.315,0.005,-380.0313599999999,False
2026-04-29 01:17:14.343083+00:00,sell,76358.63,0.001,-0.001,0.0,0.07865728525846412,76354.235,0.004,-303.6727299999999,False
2026-04-29 01:17:22.030169+00:00,buy,76354.26,0.001,0.001,0.0,0.07880001686026067,76358.64499999999,0.005,-380.0269899999999,False
2026-04-29 01:17:28.498675+00:00,sell,76361.09,0.001,-0.001,0.0,0.07880001686026067,76356.705,0.004,-303.6658999999999,False
2026-04-29 01:17:38.772641+00:00,sell,76342.39,0.001,-0.001,0.0,0.07880001686026067,76338.005,0.003,-227.3235099999999,False
2026-04-29 01:17:42.613759+00:00,sell,76339.18000000001,0.001,-0.001,0.0,0.0788000168600528,76334.795,0.002,-150.9843299999999,False
2026-04-29 01:17:57.981533+00:00,sell,76314.38,0.001,-0.001,0.0,0.0788000168600528,76309.995,0.001,-74.66994999999989,False
2026-04-29 01:20:27.204754+00:00,sell,76282.64,0.001,-0.001,0.0,0.07865728525846412,76278.245,0.0,1.6126900000001143,False
2026-04-29 01:20:28.489384+00:00,buy,76273.85,0.001,0.001,0.0,0.07865728525867163,76278.245,0.001,-74.6611599999999,False
2026-04-29 01:20:46.455068+00:00,buy,76273.85,0.001,0.001,0.0,0.07865728525867163,76278.245,0.002,-150.93500999999992,False
2026-04-29 01:20:50.319410+00:00,buy,76281.08,0.001,0.001,0.0,0.07880001686026067,76285.465,0.003,-227.21608999999992,False
2026-04-29 01:21:03.177503+00:00,sell,76291.19,0.001,-0.001,0.0,0.07865728525846412,76286.795,0.002,-150.92489999999992,False
2026-04-29 01:21:04.450617+00:00,sell,76291.19,0.001,-0.001,0.0,0.07865728525846412,76286.795,0.001,-74.63370999999992,False
2026-04-29 01:21:14.782611+00:00,sell,76289.86,0.001,-0.001,0.0,0.07865728525846412,76285.465,0.0,1.656150000000082,False
2026-04-29 01:21:22.417351+00:00,buy,76269.11,0.001,0.001,0.0,0.07865728525846412,76273.505,0.001,-74.61295999999992,False
2026-04-29 01:21:30.135152+00:00,buy,76269.1,0.001,0.001,0.0,0.07851481218867412,76273.505,0.002,-150.8820599999999,False
2026-04-29 01:21:31.422619+00:00,sell,76277.90000000001,0.001,-0.001,0.0,0.07865728525846412,76273.505,0.001,-74.6041599999999,False
2026-04-29 01:21:36.576268+00:00,sell,76277.90000000001,0.001,-0.001,0.0,0.07865728525846412,76273.505,0.0,1.673740000000123,False
2026-04-29 01:21:40.417999+00:00,sell,76274.77,0.001,-0.001,0.0,0.07880001686026067,76270.38500000001,-0.001,77.94851000000013,False
2026-04-29 01:21:41.701337+00:00,sell,76274.77,0.001,-0.001,0.0,0.07880001686026067,76270.38500000001,-0.002,154.22328000000013,False
2026-04-29 01:21:42.984650+00:00,sell,76274.77,0.001,-0.001,0.0,0.07880001686026067,76270.38500000001,-0.003,230.49805000000015,False
2026-04-29 01:21:58.500439+00:00,sell,76246.58,0.001,-0.001,0.0,0.07851481218846697,76242.17499999999,-0.004,306.74463000000014,False
2026-04-29 01:21:59.804913+00:00,sell,76246.57,0.001,-0.001,0.0,0.07865728525825662,76242.17499999999,-0.005,382.99120000000016,False
2026-04-29 01:22:26.766549+00:00,buy,76248.38,0.001,0.001,0.0,0.07865728525867163,76252.775,-0.004,306.74282000000017,False
2026-04-29 01:22:51.111615+00:00,sell,76249.65000000001,0.001,-0.001,0.0,0.07865728525846412,76245.255,-0.005,382.9924700000002,False
2026-04-29 01:22:58.816109+00:00,buy,76240.86,0.001,0.001,0.0,0.07865728525846412,76245.255,-0.004,306.7516100000002,False
2026-04-29 01:23:02.682123+00:00,buy,76240.86,0.001,0.001,0.0,0.07865728525846412,76245.255,-0.003,230.5107500000002,False
2026-04-29 01:23:02.682123+00:00,sell,76249.65000000001,0.001,-0.001,0.0,0.07865728525846412,76245.255,-0.004,306.76040000000023,False
2026-04-29 01:23:16.754684+00:00,sell,76237.51,0.001,-0.001,0.0,0.07865728525846412,76233.11499999999,-0.005,382.9979100000002,False
2026-04-29 01:23:29.530169+00:00,buy,76237.79000000001,0.001,0.001,0.0,0.07880001686046857,76242.17499999999,-0.004,306.7601200000002,False
2026-04-29 01:23:35.995942+00:00,sell,76257.16,0.001,-0.001,0.0,0.07865728525846412,76252.765,-0.005,383.0172800000002,False
2026-04-29 01:23:44.974667+00:00,buy,76248.37,0.001,0.001,0.0,0.07865728525846412,76252.765,-0.004,306.76891000000023,False
2026-04-29 01:24:01.643830+00:00,sell,76264.21,0.001,-0.001,0.0,0.07880001686026067,76259.82500000001,-0.005,383.0331200000002,False
2026-04-29 01:24:33.726727+00:00,sell,76253.72,0.001,-0.001,0.0,0.07851481218867412,76249.315,-0.006,459.2868400000002,False
2026-04-29 01:25:09.698713+00:00,sell,76265.3,0.001,-0.001,0.0,0.07880001686026067,76260.91500000001,-0.007,535.5521400000002,False
2026-04-29 01:25:10.976954+00:00,sell,76260.07,0.001,-0.001,0.0,0.07865728525825662,76255.67499999999,-0.008,611.8122100000003,False
2026-04-29 01:25:22.485790+00:00,sell,76254.29000000001,0.001,-0.001,0.0,0.07865728525825662,76249.89499999999,-0.009000000000000001,688.0665000000002,False
2026-04-29 01:25:25.056628+00:00,sell,76254.28,0.001,-0.001,0.0,0.0788000168600528,76249.89499999999,-0.010000000000000002,764.3207800000002,False
2026-04-29 01:25:37.840278+00:00,buy,76239.29000000001,0.001,0.001,0.0,0.07880001686046857,76243.67499999999,-0.009000000000000001,688.0814900000003,False
2026-04-29 01:25:48.073020+00:00,sell,76248.08,0.001,-0.001,0.0,0.07851481218846697,76243.67499999999,-0.010000000000000002,764.3295700000002,False
2026-04-29 01:26:03.523608+00:00,buy,76242.87,0.001,0.001,0.0,0.0788000168600528,76247.255,-0.009000000000000001,688.0867000000002,False
2026-04-29 01:27:06.393223+00:00,sell,76266.13,0.001,-0.001,0.0,0.07865728525846412,76261.735,-0.010000000000000002,764.3528300000002,False
2026-04-29 01:27:14.179461+00:00,buy,76257.35,0.001,0.001,0.0,0.07880001686026067,76261.735,-0.009000000000000001,688.0954800000002,False
2026-04-29 01:27:16.752366+00:00,buy,76257.35,0.001,0.001,0.0,0.07880001686026067,76261.735,-0.008,611.8381300000002,False
2026-04-29 01:27:52.672514+00:00,buy,76263.23,0.001,0.001,0.0,0.07880001686026067,76267.61499999999,-0.007,535.5749000000002,False
2026-04-29 01:27:59.106953+00:00,sell,76272.01,0.001,-0.001,0.0,0.07865728525846412,76267.61499999999,-0.008,611.8469100000002,False
2026-04-29 01:28:02.955608+00:00,sell,76272.0,0.001,-0.001,0.0,0.0788000168600528,76267.61499999999,-0.009000000000000001,688.1189100000003,False
2026-04-29 01:28:58.219038+00:00,buy,76252.87,0.001,0.001,0.0,0.07865728525846412,76257.265,-0.008,611.8660400000002,False
2026-04-29 01:29:07.169003+00:00,buy,76252.87,0.001,0.001,0.0,0.07865728525846412,76257.265,-0.007,535.6131700000002,False
2026-04-29 01:29:12.322226+00:00,sell,76261.67,0.001,-0.001,0.0,0.07851481218867412,76257.265,-0.008,611.8748400000002,False
2026-04-29 01:29:13.596517+00:00,sell,76260.93000000001,0.001,-0.001,0.0,0.0788000168600528,76256.545,-0.009000000000000001,688.1357700000002,False
2026-04-29 01:29:30.288628+00:00,sell,76253.05,0.001,-0.001,0.0,0.07865728525846412,76248.655,-0.010000000000000002,764.3888200000002,False
2026-04-29 01:32:36.067571+00:00,buy,76222.06,0.001,0.001,0.0,0.07865728525846412,76226.455,-0.009000000000000001,688.1667600000003,False
2026-04-29 01:32:38.620523+00:00,buy,76232.56,0.001,0.001,0.0,0.07865728525846412,76236.955,-0.008,611.9342000000003,False
2026-04-29 01:32:39.923353+00:00,buy,76232.57,0.001,0.001,0.0,0.07880001686026067,76236.955,-0.007,535.7016300000003,False
2026-04-29 01:33:01.067947+00:00,buy,76232.57,0.001,0.001,0.0,0.07880001686026067,76236.955,-0.006,459.46906000000024,False
2026-04-29 01:33:11.369222+00:00,sell,76255.68000000001,0.001,-0.001,0.0,0.07865728525846412,76251.285,-0.007,535.7247400000002,False
2026-04-29 01:33:25.469099+00:00,buy,76246.89,0.001,0.001,0.0,0.07865728525846412,76251.285,-0.006,459.4778500000002,False
2026-04-29 01:33:47.334147+00:00,sell,76262.1,0.001,-0.001,0.0,0.07865728525846412,76257.705,-0.007,535.7399500000002,False
2026-04-29 01:33:48.622424+00:00,buy,76253.31,0.001,0.001,0.0,0.07865728525846412,76257.705,-0.006,459.48664000000025,False
2026-04-29 01:34:14.183556+00:00,buy,76261.52,0.001,0.001,0.0,0.07880001686026067,76265.905,-0.005,383.22512000000023,False
2026-04-29 01:35:47.979201+00:00,sell,76292.81,0.001,-0.001,0.0,0.0788000168600528,76288.42499999999,-0.006,459.5179300000002,False
2026-04-29 01:36:29.109776+00:00,buy,76305.61,0.001,0.001,0.0,0.07880001686026067,76309.995,-0.005,383.2123200000002,False
2026-04-29 01:36:32.993481+00:00,buy,76305.61,0.001,0.001,0.0,0.07880001686026067,76309.995,-0.004,306.9067100000002,False
2026-04-29 01:36:36.863996+00:00,buy,76310.94,0.001,0.001,0.0,0.07865728525867163,76315.33499999999,-0.003,230.5957700000002,False
2026-04-29 01:37:00.225412+00:00,sell,76317.28,0.001,-0.001,0.0,0.07865728525867163,76312.88500000001,-0.004,306.91305000000017,False
2026-04-29 01:37:27.140475+00:00,buy,76308.85,0.001,0.001,0.0,0.07865728525867163,76313.245,-0.003,230.60420000000016,False
2026-04-29 01:37:48.942316+00:00,sell,76317.64,0.001,-0.001,0.0,0.07865728525846412,76313.245,-0.004,306.92184000000015,False
2026-04-29 01:37:50.237961+00:00,buy,76308.85,0.001,0.001,0.0,0.07865728525867163,76313.245,-0.003,230.61299000000014,False
2026-04-29 01:37:51.525447+00:00,buy,76308.85,0.001,0.001,0.0,0.07865728525867163,76313.245,-0.002,154.30414000000013,False
2026-04-29 01:38:21.166906+00:00,sell,76344.75,0.001,-0.001,0.0,0.0788000168600528,76340.36499999999,-0.003,230.64889000000014,False
2026-04-29 01:38:50.709742+00:00,sell,76322.47,0.001,-0.001,0.0,0.07865728525867163,76318.07500000001,-0.004,306.9713600000001,False
2026-04-29 01:39:16.403784+00:00,sell,76313.2,0.001,-0.001,0.0,0.07880001686026067,76308.815,-0.005,383.2845600000001,False
2026-04-29 01:39:30.531930+00:00,sell,76310.78,0.001,-0.001,0.0,0.07865728525867163,76306.38500000001,-0.006,459.5953400000001,False
2026-04-29 01:39:36.930408+00:00,buy,76301.99,0.001,0.001,0.0,0.07865728525846412,76306.38500000001,-0.005,383.2933500000001,False
2026-04-29 01:39:54.860047+00:00,buy,76305.61,0.001,0.001,0.0,0.07880001686026067,76309.995,-0.004,306.9877400000001,False
2026-04-29 01:39:56.133586+00:00,buy,76305.6,0.001,0.001,0.0,0.07865728525867163,76309.995,-0.003,230.68214000000006,False
2026-04-29 01:40:18.009946+00:00,buy,76317.12,0.001,0.001,0.0,0.07865728525846412,76321.515,-0.002,154.36502000000007,False
2026-04-29 01:40:19.283274+00:00,buy,76317.12,0.001,0.001,0.0,0.07865728525846412,76321.515,-0.001,78.04790000000007,False
2026-04-29 01:40:34.668771+00:00,buy,76317.13,0.001,0.001,0.0,0.07880001686026067,76321.515,0.0,1.7307700000000636,False
2026-04-29 01:40:37.249613+00:00,buy,76327.57,0.001,0.001,0.0,0.07865728525867163,76331.965,0.001,-74.59679999999994,False
2026-04-29 01:40:38.545227+00:00,sell,76336.37,0.001,-0.001,0.0,0.07851481218867412,76331.965,0.0,1.7395700000000573,False
2026-04-29 01:40:44.972163+00:00,buy,76327.57,0.001,0.001,0.0,0.07865728525867163,76331.965,0.001,-74.58799999999995,False
2026-04-29 01:40:47.564863+00:00,buy,76327.58,0.001,0.001,0.0,0.07880001686026067,76331.965,0.002,-150.91557999999995,False
2026-04-29 01:40:50.124912+00:00,buy,76327.58,0.001,0.001,0.0,0.07880001686026067,76331.965,0.003,-227.24315999999993,False
2026-04-29 01:41:10.674035+00:00,buy,76349.82,0.001,0.001,0.0,0.07880001686026067,76354.205,0.004,-303.59297999999995,False
2026-04-29 01:41:11.946220+00:00,buy,76349.82,0.001,0.001,0.0,0.07880001686026067,76354.205,0.005,-379.9428,False
2026-04-29 01:41:14.513241+00:00,buy,76349.82,0.001,0.001,0.0,0.07880001686026067,76354.205,0.006,-456.29262,False
2026-04-29 01:41:15.808031+00:00,buy,76349.82,0.001,0.001,0.0,0.07880001686026067,76354.205,0.007,-532.64244,False
2026-04-29 01:41:20.942780+00:00,sell,76358.61,0.001,-0.001,0.0,0.07851481218867412,76354.205,0.006,-456.28382999999997,False
2026-04-29 01:41:29.967622+00:00,sell,76352.19,0.001,-0.001,0.0,0.07851481218867412,76347.785,0.005,-379.93163999999996,False
2026-04-29 01:42:02.028423+00:00,buy,76372.69,0.001,0.001,0.0,0.0788000168600528,76377.07500000001,0.006,-456.30432999999994,False
2026-04-29 01:42:20.033377+00:00,buy,76391.35,0.001,0.001,0.0,0.07865728525867163,76395.745,0.007,-532.6956799999999,False
2026-04-29 01:42:55.888342+00:00,buy,76397.39,0.001,0.001,0.0,0.07880001686026067,76401.775,0.008,-609.0930699999999,False
2026-04-29 01:43:11.367765+00:00,sell,76403.43000000001,0.001,-0.001,0.0,0.0788000168600528,76399.045,0.007,-532.6896399999998,False
2026-04-29 01:43:20.338533+00:00,sell,76400.14,0.001,-0.001,0.0,0.07880001686026067,76395.755,0.006,-456.2894999999998,False
2026-04-29 01:43:40.975285+00:00,buy,76391.36,0.001,0.001,0.0,0.07865728525846412,76395.755,0.007,-532.6808599999998,False
2026-04-29 01:43:44.892805+00:00,buy,76393.06,0.001,0.001,0.0,0.0788000168600528,76397.445,0.008,-609.0739199999998,False
2026-04-29 01:44:03.016110+00:00,buy,76398.89,0.001,0.001,0.0,0.07880001686026067,76403.275,0.009000000000000001,-685.4728099999998,False
2026-04-29 01:44:17.087452+00:00,buy,76402.64,0.001,0.001,0.0,0.07880001686026067,76407.025,0.010000000000000002,-761.8754499999998,False
2026-04-29 01:45:18.800936+00:00,sell,76407.68000000001,0.001,-0.001,0.0,0.07865728525846412,76403.285,0.009000000000000001,-685.4677699999997,False
2026-04-29 01:45:39.316739+00:00,sell,76400.14,0.001,-0.001,0.0,0.07865728525846412,76395.745,0.008,-609.0676299999998,False
2026-04-29 01:45:48.331235+00:00,sell,76400.14,0.001,-0.001,0.0,0.07865728525846412,76395.745,0.007,-532.6674899999998,False
2026-04-29 01:46:25.579830+00:00,buy,76391.35,0.001,0.001,0.0,0.07865728525867163,76395.745,0.008,-609.0588399999998,False
2026-04-29 01:46:34.587769+00:00,buy,76391.35,0.001,0.001,0.0,0.07865728525867163,76395.745,0.009000000000000001,-685.4501899999998,False
2026-04-29 01:46:38.448071+00:00,buy,76423.36,0.001,0.001,0.0,0.07880001686026067,76427.745,0.010000000000000002,-761.8735499999998,False
2026-04-29 01:46:52.695142+00:00,sell,76453.56,0.001,-0.001,0.0,0.07851481218867412,76449.155,0.009000000000000001,-685.4199899999998,False
2026-04-29 01:47:04.220589+00:00,buy,76444.77,0.001,0.001,0.0,0.07880001686026067,76449.155,0.010000000000000002,-761.8647599999997,False
2026-04-29 01:47:05.952430+00:00,sell,76453.56,0.001,-0.001,0.0,0.07851481218867412,76449.155,0.009000000000000001,-685.4111999999997,False
2026-04-29 01:47:23.896087+00:00,buy,76442.96,0.001,0.001,0.0,0.07865728525846412,76447.35500000001,0.010000000000000002,-761.8541599999996,False
2026-04-29 01:55:25.090386+00:00,sell,76559.49,0.001,-0.001,0.0,0.07865728525846412,76555.095,0.009000000000000001,-685.2946699999997,False
2026-04-29 01:55:40.511671+00:00,buy,76563.0,0.001,0.001,0.0,0.0788000168600528,76567.38500000001,0.010000000000000002,-761.8576699999996,False
2026-04-29 01:56:52.382774+00:00,sell,76583.05,0.001,-0.001,0.0,0.07865728525846412,76578.655,0.009000000000000001,-685.2746199999997,False
2026-04-29 01:57:18.086391+00:00,buy,76563.54000000001,0.001,0.001,0.0,0.07865728525867163,76567.935,0.010000000000000002,-761.8381599999997,False
2026-04-29 01:57:37.316984+00:00,sell,76585.82,0.001,-0.001,0.0,0.07865728525825662,76581.42499999999,0.009000000000000001,-685.2523399999997,False
2026-04-29 01:57:41.168499+00:00,buy,76577.03,0.001,0.001,0.0,0.07865728525867163,76581.42499999999,0.010000000000000002,-761.8293699999997,False
2026-04-29 01:57:47.633605+00:00,sell,76581.38,0.001,-0.001,0.0,0.0788000168600528,76576.995,0.009000000000000001,-685.2479899999997,False
2026-04-29 01:57:59.251463+00:00,sell,76577.64,0.001,-0.001,0.0,0.07880001686026067,76573.255,0.008,-608.6703499999998,False
2026-04-29 01:58:05.719824+00:00,sell,76572.49,0.001,-0.001,0.0,0.07880001686026067,76568.10500000001,0.007,-532.0978599999997,False
2026-04-29 01:58:10.848090+00:00,sell,76559.48,0.001,-0.001,0.0,0.07880001686026067,76555.095,0.006,-455.53837999999973,False
2026-04-29 01:58:17.249467+00:00,sell,76554.39,0.001,-0.001,0.0,0.07880001686026067,76550.005,0.005,-378.9839899999997,False
2026-04-29 01:58:23.706933+00:00,sell,76550.39,0.001,-0.001,0.0,0.07880001686026067,76546.005,0.004,-302.43359999999973,False
2026-04-29 01:58:42.111492+00:00,sell,76553.91,0.001,-0.001,0.0,0.07851481218867412,76549.505,0.003,-225.87968999999973,False
2026-04-29 01:58:57.501769+00:00,sell,76553.90000000001,0.001,-0.001,0.0,0.07865728525846412,76549.505,0.002,-149.3257899999997,False
2026-04-29 01:58:58.800339+00:00,buy,76545.11,0.001,0.001,0.0,0.07865728525846412,76549.505,0.003,-225.87089999999972,False
2026-04-29 01:59:09.104152+00:00,buy,76550.71,0.001,0.001,0.0,0.07880001686026067,76555.095,0.004,-302.42160999999976,False
2026-04-29 01:59:12.942431+00:00,buy,76550.7,0.001,0.001,0.0,0.07865728525846412,76555.095,0.005,-378.97230999999977,False
2026-04-29 01:59:19.397445+00:00,buy,76550.7,0.001,0.001,0.0,0.07865728525846412,76555.095,0.006,-455.5230099999998,False
2026-04-29 01:59:29.678881+00:00,buy,76550.7,0.001,0.001,0.0,0.07865728525846412,76555.095,0.007,-532.0737099999998,False
2026-04-29 01:59:29.678881+00:00,sell,76559.5,0.001,-0.001,0.0,0.07851481218867412,76555.095,0.006,-455.51420999999976,False
2026-04-29 01:59:47.809112+00:00,buy,76557.66,0.001,0.001,0.0,0.07865728525867163,76562.055,0.007,-532.0718699999998,False
2026-04-29 01:59:50.401793+00:00,sell,76566.46,0.001,-0.001,0.0,0.07851481218846697,76562.055,0.006,-455.50540999999976,False
2026-04-29 02:00:01.833045+00:00,buy,76578.57,0.001,0.001,0.0,0.07865728525867163,76582.965,0.007,-532.0839799999998,False
2026-04-29 02:00:20.949798+00:00,buy,76590.99,0.001,0.001,0.0,0.07880001686026067,76595.375,0.008,-608.6749699999998,False
2026-04-29 02:00:55.542135+00:00,buy,76605.91,0.001,0.001,0.0,0.07865728525867163,76610.305,0.009000000000000001,-685.2808799999998,False
2026-04-29 02:00:56.817790+00:00,sell,76614.7,0.001,-0.001,0.0,0.07865728525846412,76610.305,0.008,-608.6661799999998,False
2026-04-29 02:03:55.333874+00:00,sell,76525.25,0.001,-0.001,0.0,0.07865728525867163,76520.85500000001,0.007,-532.1409299999998,False
2026-04-29 02:03:56.624998+00:00,sell,76525.25,0.001,-0.001,0.0,0.07865728525867163,76520.85500000001,0.006,-455.61567999999977,False
2026-04-29 02:04:04.399390+00:00,buy,76520.48,0.001,0.001,0.0,0.07865728525846412,76524.875,0.007,-532.1361599999998,False
2026-04-29 02:04:37.731120+00:00,buy,76541.37,0.001,0.001,0.0,0.07851481218867412,76545.775,0.008,-608.6775299999998,False
2026-04-29 02:04:44.141195+00:00,sell,76550.16,0.001,-0.001,0.0,0.0788000168600528,76545.775,0.007,-532.1273699999998,False
2026-04-29 02:04:50.652912+00:00,sell,76550.16,0.001,-0.001,0.0,0.0788000168600528,76545.775,0.006,-455.5772099999998,False
2026-04-29 02:04:53.213389+00:00,sell,76550.16,0.001,-0.001,0.0,0.0788000168600528,76545.775,0.005,-379.0270499999998,False
2026-04-29 02:05:16.345971+00:00,sell,76540.48,0.001,-0.001,0.0,0.07851481218888125,76536.07500000001,0.004,-302.4865699999998,False
2026-04-29 02:05:25.299239+00:00,buy,76540.65000000001,0.001,0.001,0.0,0.07865728525867163,76545.045,0.005,-379.02721999999983,False
2026-04-29 02:05:41.849290+00:00,buy,76544.11,0.001,0.001,0.0,0.07865728525846412,76548.505,0.006,-455.5713299999998,False
2026-04-29 02:05:44.474974+00:00,buy,76544.12,0.001,0.001,0.0,0.0788000168600528,76548.505,0.007,-532.1154499999998,False
2026-04-29 02:05:52.161077+00:00,sell,76546.46,0.001,-0.001,0.0,0.07880001686026067,76542.07500000001,0.006,-455.56898999999976,False
2026-04-29 02:05:57.315224+00:00,sell,76546.46,0.001,-0.001,0.0,0.07880001686026067,76542.07500000001,0.005,-379.02252999999973,False
2026-04-29 02:05:59.877346+00:00,buy,76537.68000000001,0.001,0.001,0.0,0.07865728525846412,76542.07500000001,0.006,-455.56020999999976,False
2026-04-29 02:06:06.261342+00:00,sell,76546.47,0.001,-0.001,0.0,0.07865728525867163,76542.07500000001,0.005,-379.01373999999976,False
2026-04-29 02:06:16.513532+00:00,buy,76537.68000000001,0.001,0.001,0.0,0.07865728525846412,76542.07500000001,0.006,-455.5514199999998,False
2026-04-29 02:06:35.778806+00:00,buy,76562.39,0.001,0.001,0.0,0.07880001686026067,76566.775,0.007,-532.1138099999998,False
2026-04-29 02:06:45.990056+00:00,buy,76567.44,0.001,0.001,0.0,0.07865728525867163,76571.83499999999,0.008,-608.6812499999999,False
2026-04-29 02:06:49.841833+00:00,buy,76570.86,0.001,0.001,0.0,0.07865728525846412,76575.255,0.009000000000000001,-685.2521099999999,False
2026-04-29 02:07:10.465168+00:00,buy,76582.98,0.001,0.001,0.0,0.07865728525846412,76587.375,0.010000000000000002,-761.8350899999999,False
2026-04-29 02:07:32.469886+00:00,sell,76604.39,0.001,-0.001,0.0,0.07865728525846412,76599.995,0.009000000000000001,-685.2307,False
2026-04-29 02:07:43.991860+00:00,sell,76611.03,0.001,-0.001,0.0,0.07865728525867163,76606.63500000001,0.008,-608.6196699999999,False
2026-04-29 02:07:45.274588+00:00,sell,76611.03,0.001,-0.001,0.0,0.07865728525867163,76606.63500000001,0.007,-532.0086399999999,False
2026-04-29 02:07:56.738556+00:00,buy,76602.24,0.001,0.001,0.0,0.07865728525846412,76606.63500000001,0.008,-608.61088,False
2026-04-29 02:07:56.738556+00:00,sell,76611.03,0.001,-0.001,0.0,0.07865728525867163,76606.63500000001,0.007,-531.9998499999999,False
2026-04-29 02:08:00.588533+00:00,sell,76611.03,0.001,-0.001,0.0,0.07865728525867163,76606.63500000001,0.006,-455.3888199999999,False
2026-04-29 02:08:03.157277+00:00,sell,76611.03,0.001,-0.001,0.0,0.07865728525867163,76606.63500000001,0.005,-378.77778999999987,False
2026-04-29 02:08:12.133428+00:00,buy,76606.07,0.001,0.001,0.0,0.07865728525867163,76610.465,0.006,-455.38385999999986,False
2026-04-29 02:08:15.958227+00:00,sell,76614.86,0.001,-0.001,0.0,0.07865728525846412,76610.465,0.005,-378.76899999999983,False
2026-04-29 02:08:33.885935+00:00,buy,76621.97,0.001,0.001,0.0,0.07865728525867163,76626.36499999999,0.006,-455.3909699999998,False
2026-04-29 02:08:35.153416+00:00,buy,76621.97,0.001,0.001,0.0,0.07865728525867163,76626.36499999999,0.007,-532.0129399999998,False
2026-04-29 02:08:39.005510+00:00,buy,76621.97,0.001,0.001,0.0,0.07865728525867163,76626.36499999999,0.008,-608.6349099999999,False
2026-04-29 02:08:40.283548+00:00,sell,76630.76,0.001,-0.001,0.0,0.07865728525846412,76626.36499999999,0.007,-532.0041499999999,False
2026-04-29 02:09:09.801852+00:00,sell,76615.41,0.001,-0.001,0.0,0.07865728525846412,76611.015,0.006,-455.38873999999987,False
2026-04-29 02:09:11.088495+00:00,sell,76608.63,0.001,-0.001,0.0,0.0788000168600528,76604.245,0.005,-378.78010999999987,False
2026-04-29 02:09:34.139167+00:00,sell,76594.78,0.001,-0.001,0.0,0.07865728525867163,76590.38500000001,0.004,-302.18532999999985,False
2026-04-29 02:09:45.700066+00:00,buy,76585.99,0.001,0.001,0.0,0.07865728525846412,76590.38500000001,0.005,-378.77131999999983,False
2026-04-29 02:10:02.438522+00:00,sell,76594.82,0.001,-0.001,0.0,0.07865728525825662,76590.42499999999,0.004,-302.1764999999998,False
2026-04-29 02:10:03.713548+00:00,sell,76594.82,0.001,-0.001,0.0,0.07865728525825662,76590.42499999999,0.003,-225.58167999999978,False
2026-04-29 02:10:22.958846+00:00,sell,76586.39,0.001,-0.001,0.0,0.07880001686026067,76582.005,0.002,-148.99528999999978,False
2026-04-29 02:10:30.698913+00:00,sell,76594.68000000001,0.001,-0.001,0.0,0.07851481218846697,76590.275,0.001,-72.40060999999977,False
2026-04-29 02:10:49.947263+00:00,buy,76580.40000000001,0.001,0.001,0.0,0.07851481218888125,76584.805,0.002,-148.9810099999998,False
2026-04-29 02:10:52.520612+00:00,sell,76589.2,0.001,-0.001,0.0,0.07865728525846412,76584.805,0.001,-72.3918099999998,False
2026-04-29 02:10:55.070006+00:00,sell,76589.19,0.001,-0.001,0.0,0.0788000168600528,76584.805,0.0,4.197380000000209,False
2026-04-29 02:10:56.331173+00:00,sell,76589.19,0.001,-0.001,0.0,0.0788000168600528,76584.805,-0.001,80.78657000000021,False
2026-04-29 02:11:01.511918+00:00,sell,76589.2,0.001,-0.001,0.0,0.07865728525846412,76584.805,-0.002,157.37577000000022,False
2026-04-29 02:11:02.785250+00:00,sell,76589.2,0.001,-0.001,0.0,0.07865728525846412,76584.805,-0.003,233.96497000000022,False
2026-04-29 02:11:09.225480+00:00,sell,76589.18000000001,0.001,-0.001,0.0,0.0788000168600528,76584.795,-0.004,310.5541500000002,False
2026-04-29 02:12:47.321513+00:00,sell,76556.8,0.001,-0.001,0.0,0.07880001686026067,76552.41500000001,-0.005,387.11095000000023,False
2026-04-29 02:13:09.137035+00:00,sell,76556.81,0.001,-0.001,0.0,0.07865728525867163,76552.41500000001,-0.006,463.6677600000002,False
2026-04-29 02:13:14.237920+00:00,sell,76556.81,0.001,-0.001,0.0,0.07865728525867163,76552.41500000001,-0.007,540.2245700000002,False
2026-04-29 02:13:24.444496+00:00,buy,76548.02,0.001,0.001,0.0,0.07865728525846412,76552.41500000001,-0.006,463.6765500000002,False
2026-04-29 02:14:09.516693+00:00,buy,76540.40000000001,0.001,0.001,0.0,0.07865728525867163,76544.795,-0.005,387.13615000000016,False
2026-04-29 02:14:22.355277+00:00,buy,76543.93000000001,0.001,0.001,0.0,0.07880001686026067,76548.315,-0.004,310.59222000000017,False
2026-04-29 02:14:31.287541+00:00,buy,76543.93000000001,0.001,0.001,0.0,0.07880001686026067,76548.315,-0.003,234.04829000000018,False
2026-04-29 02:14:40.330415+00:00,buy,76543.92,0.001,0.001,0.0,0.07865728525846412,76548.315,-0.002,157.50437000000016,False
2026-04-29 02:14:41.603118+00:00,buy,76543.92,0.001,0.001,0.0,0.07865728525846412,76548.315,-0.001,80.96045000000017,False
2026-04-29 02:14:57.041065+00:00,buy,76543.92,0.001,0.001,0.0,0.07865728525846412,76548.315,0.0,4.416530000000165,False
2026-04-29 02:15:03.450481+00:00,buy,76543.92,0.001,0.001,0.0,0.07865728525846412,76548.315,0.001,-72.12738999999983,False
2026-04-29 02:15:07.251788+00:00,sell,76552.7,0.001,-0.001,0.0,0.07880001686026067,76548.315,0.0,4.425310000000167,False
2026-04-29 02:15:20.116960+00:00,buy,76543.92,0.001,0.001,0.0,0.07865728525846412,76548.315,0.001,-72.11860999999983,False
2026-04-29 02:15:26.578601+00:00,buy,76543.92,0.001,0.001,0.0,0.07865728525846412,76548.315,0.002,-148.66252999999983,False
2026-04-29 02:15:48.329155+00:00,buy,76543.91,0.001,0.001,0.0,0.07851481218867412,76548.315,0.003,-225.20643999999984,False
2026-04-29 02:16:01.149978+00:00,sell,76552.69,0.001,-0.001,0.0,0.0788000168600528,76548.305,0.002,-148.65374999999983,False
2026-04-29 02:16:12.682249+00:00,sell,76546.46,0.001,-0.001,0.0,0.07880001686026067,76542.07500000001,0.001,-72.10728999999982,False
2026-04-29 02:16:25.517346+00:00,buy,76537.66,0.001,0.001,0.0,0.07865728525867163,76542.055,0.002,-148.64494999999982,False
2026-04-29 02:16:26.783252+00:00,buy,76537.66,0.001,0.001,0.0,0.07865728525867163,76542.055,0.003,-225.18260999999984,False
2026-04-29 02:16:33.251912+00:00,sell,76544.49,0.001,-0.001,0.0,0.07880001686026067,76540.10500000001,0.002,-148.63811999999984,False
2026-04-29 02:16:44.852237+00:00,sell,76517.03,0.001,-0.001,0.0,0.0788000168600528,76512.64499999999,0.001,-72.12108999999984,False
2026-04-29 02:16:51.280412+00:00,buy,76508.25,0.001,0.001,0.0,0.07865728525867163,76512.64499999999,0.002,-148.62933999999984,False
2026-04-29 02:16:51.280412+00:00,sell,76517.04000000001,0.001,-0.001,0.0,0.07865728525825662,76512.64499999999,0.001,-72.11229999999983,False
2026-04-29 02:17:15.729775+00:00,buy,76510.15000000001,0.001,0.001,0.0,0.07865728525867163,76514.545,0.002,-148.62244999999984,False
2026-04-29 02:17:23.463495+00:00,sell,76518.95,0.001,-0.001,0.0,0.07851481218867412,76514.545,0.001,-72.10349999999984,False
2026-04-29 02:17:52.947414+00:00,sell,76549.26,0.001,-0.001,0.0,0.07865728525846412,76544.86499999999,0.0,4.445760000000149,False
2026-04-29 02:17:59.332072+00:00,sell,76549.26,0.001,-0.001,0.0,0.07865728525846412,76544.86499999999,-0.001,80.99502000000014,False
2026-04-29 02:18:03.162457+00:00,sell,76549.26,0.001,-0.001,0.0,0.07865728525846412,76544.86499999999,-0.002,157.54428000000013,False
2026-04-29 02:18:04.426015+00:00,buy,76540.47,0.001,0.001,0.0,0.07865728525867163,76544.86499999999,-0.001,81.00381000000013,False
2026-04-29 02:18:08.274256+00:00,sell,76549.26,0.001,-0.001,0.0,0.07865728525846412,76544.86499999999,-0.002,157.5530700000001,False
2026-04-29 02:18:17.279849+00:00,sell,76542.08,0.001,-0.001,0.0,0.07880001686026067,76537.695,-0.003,234.0951500000001,False
2026-04-29 02:18:37.792763+00:00,buy,76534.97,0.001,0.001,0.0,0.07865728525867163,76539.36499999999,-0.002,157.56018000000012,False
2026-04-29 02:19:21.464985+00:00,sell,76550.08,0.001,-0.001,0.0,0.07865728525846412,76545.685,-0.003,234.11026000000012,False
2026-04-29 02:19:25.305780+00:00,buy,76546.95,0.001,0.001,0.0,0.07865728525846412,76551.345,-0.002,157.56331000000011,False
2026-04-29 02:19:35.556931+00:00,sell,76555.73,0.001,-0.001,0.0,0.07880001686026067,76551.345,-0.003,234.1190400000001,False
2026-04-29 02:21:15.655465+00:00,sell,76525.76,0.001,-0.001,0.0,0.07865728525846412,76521.36499999999,-0.004,310.6448000000001,False
2026-04-29 02:21:27.168001+00:00,sell,76525.75,0.001,-0.001,0.0,0.0788000168600528,76521.36499999999,-0.005,387.1705500000001,False
2026-04-29 02:21:29.719378+00:00,sell,76525.76,0.001,-0.001,0.0,0.07865728525846412,76521.36499999999,-0.006,463.6963100000001,False
2026-04-29 02:21:37.417136+00:00,sell,76525.76,0.001,-0.001,0.0,0.07865728525846412,76521.36499999999,-0.007,540.22207,False
2026-04-29 02:21:41.287133+00:00,buy,76516.97,0.001,0.001,0.0,0.07865728525867163,76521.36499999999,-0.006,463.7051,False
2026-04-29 02:22:27.646414+00:00,sell,76534.37,0.001,-0.001,0.0,0.07880001686026067,76529.985,-0.007,540.23947,False
2026-04-29 02:23:15.189805+00:00,sell,76504.40000000001,0.001,-0.001,0.0,0.07865728525846412,76500.005,-0.008,616.74387,False
2026-04-29 02:23:30.562540+00:00,sell,76499.88,0.001,-0.001,0.0,0.0788000168600528,76495.495,-0.009000000000000001,693.24375,False
2026-04-29 02:23:31.846861+00:00,sell,76499.88,0.001,-0.001,0.0,0.0788000168600528,76495.495,-0.010000000000000002,769.7436299999999,False
2026-04-29 02:23:42.148147+00:00,buy,76489.08,0.001,0.001,0.0,0.07865728525846412,76493.475,-0.009000000000000001,693.2545499999999,False
2026-04-29 02:23:54.955333+00:00,sell,76504.35,0.001,-0.001,0.0,0.07865728525846412,76499.955,-0.010000000000000002,769.7588999999999,False
2026-04-29 02:23:56.243936+00:00,buy,76495.56,0.001,0.001,0.0,0.07865728525846412,76499.955,-0.009000000000000001,693.26334,False
2026-04-29 02:23:57.511576+00:00,sell,76504.35,0.001,-0.001,0.0,0.07865728525846412,76499.955,-0.010000000000000002,769.76769,False
2026-04-29 02:24:29.687955+00:00,buy,76482.38,0.001,0.001,0.0,0.07865728525867163,76486.775,-0.009000000000000001,693.28531,False
2026-04-29 02:24:33.548650+00:00,buy,76482.38,0.001,0.001,0.0,0.07865728525867163,76486.775,-0.008,616.80293,False
2026-04-29 02:24:33.548650+00:00,sell,76491.17,0.001,-0.001,0.0,0.07865728525846412,76486.775,-0.009000000000000001,693.2941,False
2026-04-29 02:24:41.275700+00:00,sell,76491.17,0.001,-0.001,0.0,0.07865728525846412,76486.775,-0.010000000000000002,769.78527,False
2026-04-29 02:25:31.411917+00:00,buy,76504.14,0.001,0.001,0.0,0.07880001686026067,76508.525,-0.009000000000000001,693.28113,False
2026-04-29 02:25:33.988847+00:00,buy,76504.13,0.001,0.001,0.0,0.07865728525867163,76508.525,-0.008,616.7769999999999,False
2026-04-29 02:26:15.106992+00:00,sell,76512.92,0.001,-0.001,0.0,0.07865728525846412,76508.525,-0.009000000000000001,693.2899199999999,False
2026-04-29 02:26:17.672099+00:00,sell,76512.92,0.001,-0.001,0.0,0.07865728525846412,76508.525,-0.010000000000000002,769.80284,False
2026-04-29 02:26:20.237242+00:00,buy,76504.13,0.001,0.001,0.0,0.07865728525867163,76508.525,-0.009000000000000001,693.2987099999999,False
2026-04-29 02:26:33.103904+00:00,sell,76505.90000000001,0.001,-0.001,0.0,0.0788000168600528,76501.515,-0.010000000000000002,769.8046099999999,False
2026-04-29 02:28:09.332041+00:00,buy,76470.39,0.001,0.001,0.0,0.07865728525846412,76474.785,-0.009000000000000001,693.33422,False
2026-04-29 02:28:13.165995+00:00,sell,76479.18000000001,0.001,-0.001,0.0,0.07865728525846412,76474.785,-0.010000000000000002,769.8134,False
2026-04-29 02:28:24.784577+00:00,buy,76470.39,0.001,0.001,0.0,0.07865728525846412,76474.785,-0.009000000000000001,693.34301,False
2026-04-29 02:28:37.700459+00:00,buy,76470.39,0.001,0.001,0.0,0.07865728525846412,76474.785,-0.008,616.8726200000001,False
2026-04-29 02:28:40.257853+00:00,sell,76479.18000000001,0.001,-0.001,0.0,0.07865728525846412,76474.785,-0.009000000000000001,693.3518000000001,False
2026-04-29 02:28:47.976926+00:00,sell,76479.16,0.001,-0.001,0.0,0.0788000168600528,76474.775,-0.010000000000000002,769.8309600000001,False
2026-04-29 02:29:39.331526+00:00,buy,76456.56,0.001,0.001,0.0,0.07851481218867412,76460.965,-0.009000000000000001,693.3744000000002,False
2026-04-29 02:30:01.210874+00:00,sell,76465.36,0.001,-0.001,0.0,0.07865728525846412,76460.965,-0.010000000000000002,769.8397600000002,False
2026-04-29 02:30:06.308897+00:00,buy,76456.57,0.001,0.001,0.0,0.07865728525867163,76460.965,-0.009000000000000001,693.3831900000001,False
2026-04-29 02:30:08.913739+00:00,sell,76465.37,0.001,-0.001,0.0,0.07851481218867412,76460.965,-0.010000000000000002,769.8485600000001,False
2026-04-29 02:30:11.475852+00:00,buy,76464.22,0.001,0.001,0.0,0.07865728525867163,76468.61499999999,-0.009000000000000001,693.3843400000002,False
2026-04-29 02:30:17.883031+00:00,buy,76464.22,0.001,0.001,0.0,0.07865728525867163,76468.61499999999,-0.008,616.9201200000002,False
2026-04-29 02:33:05.413561+00:00,buy,76427.46,0.001,0.001,0.0,0.07865728525846412,76431.85500000001,-0.007,540.4926600000002,False
2026-04-29 02:33:23.500324+00:00,buy,76429.84,0.001,0.001,0.0,0.0788000168600528,76434.225,-0.006,464.0628200000002,False
2026-04-29 02:33:24.768137+00:00,buy,76429.84,0.001,0.001,0.0,0.0788000168600528,76434.225,-0.005,387.6329800000002,False
2026-04-29 02:33:53.029813+00:00,buy,76431.55,0.001,0.001,0.0,0.07865728525846412,76435.945,-0.004,311.2014300000002,False
2026-04-29 02:34:01.996146+00:00,buy,76431.55,0.001,0.001,0.0,0.07865728525846412,76435.945,-0.003,234.76988000000017,False
2026-04-29 02:34:42.964940+00:00,buy,76440.48,0.001,0.001,0.0,0.07865728525846412,76444.875,-0.002,158.3294000000002,False
2026-04-29 02:34:45.522247+00:00,sell,76449.27,0.001,-0.001,0.0,0.07865728525846412,76444.875,-0.003,234.7786700000002,False
2026-04-29 02:34:48.083223+00:00,sell,76449.27,0.001,-0.001,0.0,0.07865728525846412,76444.875,-0.004,311.2279400000002,False
2026-04-29 02:34:57.025631+00:00,sell,76449.27,0.001,-0.001,0.0,0.07865728525846412,76444.875,-0.005,387.67721000000023,False
2026-04-29 02:35:29.060449+00:00,buy,76439.01,0.001,0.001,0.0,0.07880001686026067,76443.39499999999,-0.004,311.23820000000023,False
2026-04-29 02:35:41.839885+00:00,buy,76439.01,0.001,0.001,0.0,0.07880001686026067,76443.39499999999,-0.003,234.79919000000024,False
2026-04-29 02:35:58.529963+00:00,buy,76429.85,0.001,0.001,0.0,0.07865728525867163,76434.245,-0.002,158.36934000000025,False
2026-04-29 02:36:01.095296+00:00,buy,76429.85,0.001,0.001,0.0,0.07865728525867163,76434.245,-0.001,81.93949000000025,False
2026-04-29 02:36:15.208432+00:00,buy,76429.85,0.001,0.001,0.0,0.07865728525867163,76434.245,0.0,5.509640000000246,False
2026-04-29 02:36:16.546789+00:00,buy,76429.85,0.001,0.001,0.0,0.07865728525867163,76434.245,0.001,-70.92020999999976,False
2026-04-29 02:36:25.527434+00:00,buy,76429.85,0.001,0.001,0.0,0.07865728525867163,76434.245,0.002,-147.35005999999976,False
2026-04-29 02:36:42.210505+00:00,buy,76441.51,0.001,0.001,0.0,0.07865728525846412,76445.905,0.003,-223.79156999999975,False
2026-04-29 02:36:51.191559+00:00,buy,76441.51,0.001,0.001,0.0,0.07865728525846412,76445.905,0.004,-300.23307999999975,False
2026-04-29 02:36:52.497725+00:00,buy,76441.51,0.001,0.001,0.0,0.07865728525846412,76445.905,0.005,-376.67458999999974,False
2026-04-29 02:37:02.717356+00:00,sell,76450.3,0.001,-0.001,0.0,0.07865728525846412,76445.905,0.004,-300.22428999999977,False
2026-04-29 02:37:11.673405+00:00,sell,76450.3,0.001,-0.001,0.0,0.07865728525846412,76445.905,0.003,-223.77398999999977,False
2026-04-29 02:37:12.959600+00:00,sell,76450.3,0.001,-0.001,0.0,0.07865728525846412,76445.905,0.002,-147.32368999999977,False
2026-04-29 02:37:34.889160+00:00,buy,76438.87,0.001,0.001,0.0,0.07865728525846412,76443.265,0.003,-223.76255999999978,False
2026-04-29 02:37:40.014949+00:00,sell,76447.67,0.001,-0.001,0.0,0.07851481218867412,76443.265,0.002,-147.31488999999976,False
2026-04-29 02:37:41.284503+00:00,sell,76447.67,0.001,-0.001,0.0,0.07851481218867412,76443.265,0.001,-70.86721999999976,False
2026-04-29 02:37:45.155238+00:00,buy,76438.87,0.001,0.001,0.0,0.07865728525846412,76443.265,0.002,-147.30608999999976,False
2026-04-29 02:37:46.446623+00:00,buy,76438.87,0.001,0.001,0.0,0.07865728525846412,76443.265,0.003,-223.74495999999976,False
2026-04-29 02:38:06.557201+00:00,buy,76438.87,0.001,0.001,0.0,0.07865728525846412,76443.265,0.004,-300.1838299999998,False
2026-04-29 02:38:22.470444+00:00,sell,76443.68000000001,0.001,-0.001,0.0,0.07865728525846412,76439.285,0.003,-223.74014999999974,False
2026-04-29 02:38:25.158923+00:00,buy,76434.89,0.001,0.001,0.0,0.07865728525846412,76439.285,0.004,-300.17503999999974,False
2026-04-29 02:38:29.139887+00:00,sell,76443.68000000001,0.001,-0.001,0.0,0.07865728525846412,76439.285,0.003,-223.7313599999997,False
2026-04-29 02:38:34.427041+00:00,sell,76443.67,0.001,-0.001,0.0,0.07880001686026067,76439.285,0.002,-147.2876899999997,False
2026-04-29 02:38:39.702961+00:00,buy,76434.89,0.001,0.001,0.0,0.07865728525846412,76439.285,0.003,-223.7225799999997,False
2026-04-29 02:38:45.078413+00:00,buy,76434.89,0.001,0.001,0.0,0.07865728525846412,76439.285,0.004,-300.1574699999997,False
2026-04-29 02:39:10.423481+00:00,sell,76443.68000000001,0.001,-0.001,0.0,0.07865728525846412,76439.285,0.003,-223.71378999999968,False
2026-04-29 02:39:14.467699+00:00,sell,76443.69,0.001,-0.001,0.0,0.07851481218867412,76439.285,0.002,-147.27009999999967,False
2026-04-29 02:39:45.300551+00:00,sell,76443.68000000001,0.001,-0.001,0.0,0.07865728525846412,76439.285,0.001,-70.82641999999966,False
2026-04-29 02:39:50.687820+00:00,buy,76434.89,0.001,0.001,0.0,0.07865728525846412,76439.285,0.002,-147.26130999999964,False
2026-04-29 02:40:21.766666+00:00,buy,76434.89,0.001,0.001,0.0,0.07865728525846412,76439.285,0.003,-223.69619999999964,False
2026-04-29 02:40:27.108541+00:00,buy,76434.89,0.001,0.001,0.0,0.07865728525846412,76439.285,0.004,-300.13108999999963,False
2026-04-29 02:40:29.747474+00:00,sell,76443.69,0.001,-0.001,0.0,0.07851481218867412,76439.285,0.003,-223.68739999999963,False
2026-04-29 02:41:00.570129+00:00,buy,76434.89,0.001,0.001,0.0,0.07865728525846412,76439.285,0.004,-300.1222899999996,False
2026-04-29 02:41:35.178034+00:00,sell,76452.13,0.001,-0.001,0.0,0.0788000168600528,76447.745,0.003,-223.6701599999996,False
2026-04-29 02:41:49.493258+00:00,sell,76452.14,0.001,-0.001,0.0,0.07865728525846412,76447.745,0.002,-147.21801999999963,False
2026-04-29 02:41:53.501396+00:00,buy,76443.35,0.001,0.001,0.0,0.07865728525867163,76447.745,0.003,-223.66136999999964,False
2026-04-29 02:41:56.145194+00:00,buy,76443.35,0.001,0.001,0.0,0.07865728525867163,76447.745,0.004,-300.10471999999965,False
2026-04-29 02:41:56.145194+00:00,sell,76452.14,0.001,-0.001,0.0,0.07865728525846412,76447.745,0.003,-223.65257999999966,False
2026-04-29 02:42:02.933101+00:00,sell,76452.14,0.001,-0.001,0.0,0.07865728525846412,76447.745,0.002,-147.20043999999967,False
2026-04-29 02:42:05.592625+00:00,sell,76452.14,0.001,-0.001,0.0,0.07865728525846412,76447.745,0.001,-70.74829999999967,False
2026-04-29 02:42:19.008534+00:00,buy,76443.35,0.001,0.001,0.0,0.07865728525867163,76447.745,0.002,-147.1916499999997,False
2026-04-29 02:42:37.634190+00:00,buy,76443.35,0.001,0.001,0.0,0.07865728525867163,76447.745,0.003,-223.6349999999997,False
2026-04-29 02:42:44.370502+00:00,sell,76452.14,0.001,-0.001,0.0,0.07865728525846412,76447.745,0.002,-147.18285999999972,False
2026-04-29 02:42:47.029957+00:00,sell,76452.14,0.001,-0.001,0.0,0.07865728525846412,76447.745,0.001,-70.73071999999972,False
2026-04-29 02:43:01.760231+00:00,buy,76443.34,0.001,0.001,0.0,0.07851481218867412,76447.745,0.002,-147.1740599999997,False
2026-04-29 02:43:12.523207+00:00,buy,76443.35,0.001,0.001,0.0,0.07865728525867163,76447.745,0.003,-223.61740999999972,False
2026-04-29 02:43:15.166735+00:00,buy,76443.35,0.001,0.001,0.0,0.07865728525867163,76447.745,0.004,-300.06075999999973,False
2026-04-29 02:43:28.629658+00:00,sell,76452.14,0.001,-0.001,0.0,0.07865728525846412,76447.745,0.003,-223.60861999999975,False
2026-04-29 02:43:35.379959+00:00,buy,76443.35,0.001,0.001,0.0,0.07865728525867163,76447.745,0.004,-300.05196999999976,False
2026-04-29 02:43:42.106349+00:00,sell,76452.14,0.001,-0.001,0.0,0.07865728525846412,76447.745,0.003,-223.59982999999977,False
2026-04-29 02:44:03.545341+00:00,buy,76450.89,0.001,0.001,0.0,0.07865728525846412,76455.285,0.004,-300.0507199999998,False
2026-04-29 02:44:39.563199+00:00,buy,76451.37,0.001,0.001,0.0,0.07865728525846412,76455.765,0.005,-376.5020899999998,False
2026-04-29 02:44:47.637257+00:00,buy,76451.37,0.001,0.001,0.0,0.07865728525846412,76455.765,0.006,-452.9534599999998,False
2026-04-29 02:44:57.058466+00:00,sell,76439.61,0.001,-0.001,0.0,0.07865728525846412,76435.215,0.005,-376.51384999999976,False
2026-04-29 02:44:59.707454+00:00,buy,76430.81,0.001,0.001,0.0,0.07851481218867412,76435.215,0.006,-452.94465999999977,False
2026-04-29 02:45:01.078337+00:00,sell,76438.68000000001,0.001,-0.001,0.0,0.0788000168600528,76434.295,0.005,-376.5059799999998,False
2026-04-29 02:45:07.738081+00:00,buy,76429.90000000001,0.001,0.001,0.0,0.07865728525867163,76434.295,0.006,-452.93587999999977,False
2026-04-29 02:45:41.101953+00:00,buy,76446.40000000001,0.001,0.001,0.0,0.07880001686026067,76450.785,0.007,-529.3822799999998,False
2026-04-29 02:46:13.298152+00:00,sell,76469.25,0.001,-0.001,0.0,0.07865728525867163,76464.85500000001,0.006,-452.9130299999998,False
2026-04-29 02:46:21.356945+00:00,buy,76460.46,0.001,0.001,0.0,0.07865728525846412,76464.85500000001,0.007,-529.3734899999998,False
2026-04-29 02:46:38.785990+00:00,sell,76465.38,0.001,-0.001,0.0,0.0788000168600528,76460.995,0.006,-452.90810999999985,False
2026-04-29 02:46:59.194844+00:00,sell,76465.38,0.001,-0.001,0.0,0.0788000168600528,76460.995,0.005,-376.44272999999987,False
2026-04-29 02:47:20.432867+00:00,sell,76472.07,0.001,-0.001,0.0,0.07865728525825662,76467.67499999999,0.004,-299.97065999999984,False
2026-04-29 02:47:25.750828+00:00,buy,76463.28,0.001,0.001,0.0,0.07865728525867163,76467.67499999999,0.005,-376.43393999999984,False
2026-04-29 02:47:27.082375+00:00,buy,76463.28,0.001,0.001,0.0,0.07865728525867163,76467.67499999999,0.006,-452.89721999999983,False
2026-04-29 02:47:59.283832+00:00,buy,76463.28,0.001,0.001,0.0,0.07865728525867163,76467.67499999999,0.007,-529.3604999999998,False
2026-04-29 02:48:04.683557+00:00,buy,76463.28,0.001,0.001,0.0,0.07865728525867163,76467.67499999999,0.008,-605.8237799999997,False
2026-04-29 02:48:23.515937+00:00,buy,76463.28,0.001,0.001,0.0,0.07865728525867163,76467.67499999999,0.009000000000000001,-682.2870599999997,False
2026-04-29 02:48:28.862139+00:00,buy,76463.28,0.001,0.001,0.0,0.07865728525867163,76467.67499999999,0.010000000000000002,-758.7503399999996,False
2026-04-29 02:48:30.212524+00:00,sell,76472.07,0.001,-0.001,0.0,0.07865728525825662,76467.67499999999,0.009000000000000001,-682.2782699999996,False
2026-04-29 02:48:50.243640+00:00,buy,76463.28,0.001,0.001,0.0,0.07865728525867163,76467.67499999999,0.010000000000000002,-758.7415499999995,False
2026-04-29 02:48:50.243640+00:00,sell,76472.07,0.001,-0.001,0.0,0.07865728525825662,76467.67499999999,0.009000000000000001,-682.2694799999995,False
2026-04-29 02:49:23.746821+00:00,buy,76463.28,0.001,0.001,0.0,0.07865728525867163,76467.67499999999,0.010000000000000002,-758.7327599999994,False
2026-04-29 02:52:20.705061+00:00,sell,76519.13,0.001,-0.001,0.0,0.0788000168600528,76514.745,0.009000000000000001,-682.2136299999994,False
2026-04-29 02:52:22.022536+00:00,sell,76519.13,0.001,-0.001,0.0,0.0788000168600528,76514.745,0.008,-605.6944999999994,False
2026-04-29 02:52:35.349745+00:00,sell,76516.17,0.001,-0.001,0.0,0.07880001686026067,76511.785,0.007,-529.1783299999994,False
2026-04-29 02:53:10.341131+00:00,sell,76499.89,0.001,-0.001,0.0,0.07865728525846412,76495.495,0.006,-452.6784399999994,False
2026-04-29 02:53:18.442272+00:00,buy,76505.61,0.001,0.001,0.0,0.07865728525846412,76510.005,0.007,-529.1840499999994,False
2026-04-29 02:53:26.529010+00:00,sell,76514.39,0.001,-0.001,0.0,0.07880001686026067,76510.005,0.006,-452.6696599999994,False
2026-04-29 02:53:42.722159+00:00,buy,76505.6,0.001,0.001,0.0,0.07851481218867412,76510.005,0.007,-529.1752599999994,False
2026-04-29 02:53:42.722159+00:00,sell,76514.40000000001,0.001,-0.001,0.0,0.07865728525846412,76510.005,0.006,-452.6608599999994,False
2026-04-29 02:54:23.134051+00:00,sell,76500.07,0.001,-0.001,0.0,0.0788000168600528,76495.685,0.005,-376.1607899999994,False
2026-04-29 02:54:36.516979+00:00,sell,76498.87,0.001,-0.001,0.0,0.07880001686026067,76494.485,0.004,-299.6619199999994,False
2026-04-29 02:55:14.123600+00:00,buy,76487.56,0.001,0.001,0.0,0.07865728525846412,76491.955,0.005,-376.14947999999936,False
2026-04-29 02:55:23.524932+00:00,buy,76489.62,0.001,0.001,0.0,0.07851481218867412,76494.025,0.006,-452.63909999999936,False
2026-04-29 02:55:31.512159+00:00,sell,76498.41,0.001,-0.001,0.0,0.0788000168600528,76494.025,0.005,-376.1406899999994,False
2026-04-29 02:55:35.562627+00:00,sell,76498.41,0.001,-0.001,0.0,0.0788000168600528,76494.025,0.004,-299.64227999999935,False
2026-04-29 02:55:44.940882+00:00,sell,76498.41,0.001,-0.001,0.0,0.0788000168600528,76494.025,0.003,-223.14386999999934,False
2026-04-29 02:56:01.023577+00:00,sell,76497.35,0.001,-0.001,0.0,0.0788000168600528,76492.965,0.002,-146.64651999999933,False
2026-04-29 02:56:17.089472+00:00,sell,76497.35,0.001,-0.001,0.0,0.0788000168600528,76492.965,0.001,-70.14916999999932,False
2026-04-29 02:56:26.476970+00:00,sell,76497.35,0.001,-0.001,0.0,0.0788000168600528,76492.965,0.0,6.348180000000696,False
2026-04-29 02:56:33.210853+00:00,sell,76497.37,0.001,-0.001,0.0,0.07865728525867163,76492.975,-0.001,82.8455500000007,False
2026-04-29 02:56:35.903524+00:00,buy,76488.59,0.001,0.001,0.0,0.07865728525846412,76492.985,0.0,6.356960000000697,False
2026-04-29 02:57:05.475693+00:00,buy,76498.96,0.001,0.001,0.0,0.07865728525846412,76503.35500000001,0.001,-70.14199999999931,False
2026-04-29 02:57:10.836764+00:00,buy,76498.96,0.001,0.001,0.0,0.07865728525846412,76503.35500000001,0.002,-146.64095999999932,False
2026-04-29 02:57:22.833669+00:00,buy,76498.96,0.001,0.001,0.0,0.07865728525846412,76503.35500000001,0.003,-223.13991999999934,False
2026-04-29 02:57:26.893405+00:00,sell,76507.75,0.001,-0.001,0.0,0.07865728525867163,76503.35500000001,0.002,-146.63216999999935,False
2026-04-29 02:57:28.218866+00:00,buy,76493.77,0.001,0.001,0.0,0.07865728525846412,76498.16500000001,0.003,-223.12593999999936,False
2026-04-29 02:57:37.604442+00:00,sell,76502.57,0.001,-0.001,0.0,0.07851481218867412,76498.16500000001,0.002,-146.62336999999934,False
2026-04-29 02:57:38.958242+00:00,buy,76493.77,0.001,0.001,0.0,0.07865728525846412,76498.16500000001,0.003,-223.11713999999935,False
2026-04-29 02:57:42.947673+00:00,sell,76502.57,0.001,-0.001,0.0,0.07851481218867412,76498.16500000001,0.002,-146.61456999999933,False
2026-04-29 02:57:44.269500+00:00,buy,76493.77,0.001,0.001,0.0,0.07865728525846412,76498.16500000001,0.003,-223.10833999999934,False
2026-04-29 02:57:45.606144+00:00,buy,76493.77,0.001,0.001,0.0,0.07865728525846412,76498.16500000001,0.004,-299.60210999999936,False
2026-04-29 02:57:46.963405+00:00,buy,76493.77,0.001,0.001,0.0,0.07865728525846412,76498.16500000001,0.005,-376.0958799999994,False
2026-04-29 02:58:00.384813+00:00,sell,76502.56,0.001,-0.001,0.0,0.07865728525867163,76498.16500000001,0.004,-299.5933199999994,False
2026-04-29 02:59:01.970494+00:00,buy,76501.39,0.001,0.001,0.0,0.07880001686026067,76505.775,0.005,-376.0947099999994,False
2026-04-29 02:59:34.060677+00:00,buy,76503.54000000001,0.001,0.001,0.0,0.07865728525867163,76507.935,0.006,-452.59824999999944,False
2026-04-29 03:00:19.708640+00:00,buy,76531.88,0.001,0.001,0.0,0.07880001686026067,76536.265,0.007,-529.1301299999994,False
2026-04-29 03:00:30.458945+00:00,buy,76531.88,0.001,0.001,0.0,0.07880001686026067,76536.265,0.008,-605.6620099999994,False
2026-04-29 03:00:33.146815+00:00,buy,76531.88,0.001,0.001,0.0,0.07880001686026067,76536.265,0.009000000000000001,-682.1938899999994,False
2026-04-29 03:00:45.226683+00:00,buy,76531.88,0.001,0.001,0.0,0.07880001686026067,76536.265,0.010000000000000002,-758.7257699999994,False
2026-04-29 03:00:50.960733+00:00,sell,76543.40000000001,0.001,-0.001,0.0,0.07865728525846412,76539.005,0.009000000000000001,-682.1823699999994,False
2026-04-29 03:00:53.629154+00:00,buy,76534.61,0.001,0.001,0.0,0.07865728525846412,76539.005,0.010000000000000002,-758.7169799999995,False
2026-04-29 03:02:23.461055+00:00,sell,76593.69,0.001,-0.001,0.0,0.07851481218867412,76589.285,0.009000000000000001,-682.1232899999994,False
2026-04-29 03:02:42.226032+00:00,sell,76582.25,0.001,-0.001,0.0,0.07865728525867163,76577.85500000001,0.008,-605.5410399999994,False
2026-04-29 03:02:48.964057+00:00,sell,76582.24,0.001,-0.001,0.0,0.07880001686026067,76577.85500000001,0.007,-528.9587999999994,False
2026-04-29 03:02:54.329700+00:00,buy,76574.82,0.001,0.001,0.0,0.07865728525867163,76579.215,0.008,-605.5336199999995,False
2026-04-29 03:03:11.720110+00:00,sell,76583.61,0.001,-0.001,0.0,0.07865728525846412,76579.215,0.007,-528.9500099999995,False
2026-04-29 03:03:34.373008+00:00,sell,76582.24,0.001,-0.001,0.0,0.07880001686026067,76577.85500000001,0.006,-452.36776999999944,False
2026-04-29 03:03:37.060737+00:00,sell,76582.24,0.001,-0.001,0.0,0.07880001686026067,76577.85500000001,0.005,-375.7855299999994,False
2026-04-29 03:03:38.402694+00:00,sell,76582.24,0.001,-0.001,0.0,0.07880001686026067,76577.85500000001,0.004,-299.2032899999994,False
2026-04-29 03:03:54.476610+00:00,sell,76575.99,0.001,-0.001,0.0,0.07880001686026067,76571.60500000001,0.003,-222.62729999999942,False
2026-04-29 03:04:09.180255+00:00,buy,76530.38,0.001,0.001,0.0,0.07880001686026067,76534.765,0.004,-299.15767999999946,False
2026-04-29 03:04:10.500354+00:00,buy,76530.38,0.001,0.001,0.0,0.07880001686026067,76534.765,0.005,-375.6880599999995,False
2026-04-29 03:04:17.171515+00:00,buy,76530.38,0.001,0.001,0.0,0.07880001686026067,76534.765,0.006,-452.21843999999953,False
2026-04-29 03:04:33.260095+00:00,sell,76539.16,0.001,-0.001,0.0,0.07865728525846412,76534.765,0.005,-375.6792799999995,False
2026-04-29 03:04:41.345348+00:00,sell,76539.16,0.001,-0.001,0.0,0.07865728525846412,76534.765,0.004,-299.14011999999946,False
2026-04-29 03:04:52.078417+00:00,sell,76539.14,0.001,-0.001,0.0,0.07880001686026067,76534.755,0.003,-222.60097999999945,False
2026-04-29 03:05:09.493808+00:00,buy,76524.6,0.001,0.001,0.0,0.07865728525867163,76528.995,0.004,-299.12557999999945,False
2026-04-29 03:05:28.201389+00:00,sell,76524.34,0.001,-0.001,0.0,0.07865728525867163,76519.945,0.003,-222.60123999999945,False
2026-04-29 03:05:32.260723+00:00,sell,76524.35,0.001,-0.001,0.0,0.07851481218867412,76519.945,0.002,-146.07688999999942,False
2026-04-29 03:06:16.583222+00:00,sell,76539.39,0.001,-0.001,0.0,0.07865728525846412,76534.995,0.001,-69.53749999999943,False
2026-04-29 03:06:23.279569+00:00,sell,76539.39,0.001,-0.001,0.0,0.07865728525846412,76534.995,0.0,7.0018900000005715,False
2026-04-29 03:06:41.867047+00:00,sell,76539.39,0.001,-0.001,0.0,0.07865728525846412,76534.995,-0.001,83.54128000000057,False
2026-04-29 03:06:47.210607+00:00,sell,76546.75,0.001,-0.001,0.0,0.07865728525867163,76542.35500000001,-0.002,160.08803000000057,False
2026-04-29 03:07:15.334447+00:00,buy,76547.23,0.001,0.001,0.0,0.07880001686026067,76551.61499999999,-0.001,83.54080000000057,False
2026-04-29 03:07:28.640196+00:00,buy,76550.7,0.001,0.001,0.0,0.07865728525846412,76555.095,0.0,6.990100000000581,False
2026-04-29 03:07:41.973548+00:00,buy,76550.71,0.001,0.001,0.0,0.07880001686026067,76555.095,0.001,-69.56060999999943,False
2026-04-29 03:07:50.031027+00:00,buy,76558.34,0.001,0.001,0.0,0.07865728525846412,76562.735,0.002,-146.11894999999942,False
2026-04-29 03:08:00.798068+00:00,buy,76558.34,0.001,0.001,0.0,0.07865728525846412,76562.735,0.003,-222.6772899999994,False
2026-04-29 03:08:26.078503+00:00,sell,76553.77,0.001,-0.001,0.0,0.07865728525846412,76549.375,0.002,-146.12351999999942,False
2026-04-29 03:08:30.089130+00:00,sell,76553.77,0.001,-0.001,0.0,0.07865728525846412,76549.375,0.001,-69.56974999999942,False
2026-04-29 03:08:31.442164+00:00,sell,76553.77,0.001,-0.001,0.0,0.07865728525846412,76549.375,0.0,6.984020000000584,False
2026-04-29 03:08:56.872001+00:00,buy,76550.71,0.001,0.001,0.0,0.07880001686026067,76555.095,0.001,-69.56668999999943,False
2026-04-29 03:09:27.816618+00:00,buy,76550.71,0.001,0.001,0.0,0.07880001686026067,76555.095,0.002,-146.11739999999944,False
2026-04-29 03:09:29.124013+00:00,buy,76553.26,0.001,0.001,0.0,0.07880001686026067,76557.64499999999,0.003,-222.67065999999943,False
2026-04-29 03:09:33.106753+00:00,buy,76553.26,0.001,0.001,0.0,0.07880001686026067,76557.64499999999,0.004,-299.22391999999945,False
2026-04-29 03:09:45.149588+00:00,buy,76562.57,0.001,0.001,0.0,0.07880001686026067,76566.955,0.005,-375.78648999999945,False
2026-04-29 03:09:46.508825+00:00,buy,76563.34,0.001,0.001,0.0,0.0788000168600528,76567.725,0.006,-452.34982999999943,False
2026-04-29 03:09:57.184632+00:00,buy,76563.34,0.001,0.001,0.0,0.0788000168600528,76567.725,0.007,-528.9131699999995,False
2026-04-29 03:10:10.847713+00:00,buy,76572.22,0.001,0.001,0.0,0.0788000168600528,76576.60500000001,0.008,-605.4853899999995,False
2026-04-29 03:10:57.699719+00:00,sell,76592.09,0.001,-0.001,0.0,0.07865728525867163,76587.695,0.007,-528.8932999999995,False
2026-04-29 03:12:42.138373+00:00,sell,76619.93000000001,0.001,-0.001,0.0,0.07865728525846412,76615.535,0.006,-452.2733699999995,False
2026-04-29 03:12:43.431092+00:00,buy,76611.14,0.001,0.001,0.0,0.07865728525846412,76615.535,0.007,-528.8845099999995,False
2026-04-29 03:13:16.960514+00:00,sell,76614.40000000001,0.001,-0.001,0.0,0.07865728525846412,76610.005,0.006,-452.27010999999953,False
2026-04-29 03:13:25.058294+00:00,buy,76605.61,0.001,0.001,0.0,0.07865728525846412,76610.005,0.007,-528.8757199999995,False
2026-04-29 03:13:42.454207+00:00,buy,76605.62,0.001,0.001,0.0,0.0788000168600528,76610.005,0.008,-605.4813399999996,False
2026-04-29 03:13:59.690361+00:00,buy,76609.56,0.001,0.001,0.0,0.0788000168600528,76613.945,0.009000000000000001,-682.0908999999996,False
2026-04-29 03:14:13.069906+00:00,buy,76618.38,0.001,0.001,0.0,0.07865728525867163,76622.775,0.010000000000000002,-758.7092799999996,False
2026-04-29 03:15:32.305690+00:00,sell,76654.38,0.001,-0.001,0.0,0.0788000168600528,76649.995,0.009000000000000001,-682.0548999999996,False
2026-04-29 03:15:37.599675+00:00,sell,76651.22,0.001,-0.001,0.0,0.07865728525867163,76646.82500000001,0.008,-605.4036799999997,False
2026-04-29 03:15:41.599275+00:00,sell,76651.22,0.001,-0.001,0.0,0.07865728525867163,76646.82500000001,0.007,-528.7524599999997,False
2026-04-29 03:15:45.651286+00:00,sell,76651.22,0.001,-0.001,0.0,0.07865728525867163,76646.82500000001,0.006,-452.1012399999997,False
2026-04-29 03:15:49.703018+00:00,buy,76642.43000000001,0.001,0.001,0.0,0.07865728525846412,76646.82500000001,0.007,-528.7436699999997,False
2026-04-29 03:15:51.037892+00:00,buy,76642.43000000001,0.001,0.001,0.0,0.07865728525846412,76646.82500000001,0.008,-605.3860999999997,False
2026-04-29 03:16:24.651794+00:00,buy,76644.16,0.001,0.001,0.0,0.07865728525867163,76648.555,0.009000000000000001,-682.0302599999998,False
2026-04-29 03:16:27.321446+00:00,buy,76644.16,0.001,0.001,0.0,0.07865728525867163,76648.555,0.010000000000000002,-758.6744199999998,False
2026-04-29 03:16:28.631200+00:00,sell,76652.96,0.001,-0.001,0.0,0.07851481218846697,76648.555,0.009000000000000001,-682.0214599999998,False
2026-04-29 03:16:50.087179+00:00,buy,76655.61,0.001,0.001,0.0,0.07880001686026067,76659.995,0.010000000000000002,-758.6770699999998,False
2026-04-29 03:25:09.405290+00:00,sell,76854.39,0.001,-0.001,0.0,0.07880001686026067,76850.005,0.009000000000000001,-681.8226799999999,False
2026-04-29 03:25:17.506266+00:00,sell,76872.42,0.001,-0.001,0.0,0.07865728525846412,76868.025,0.008,-604.9502599999998,False
2026-04-29 03:26:03.121723+00:00,sell,76839.95,0.001,-0.001,0.0,0.07865728525846412,76835.555,0.007,-528.1103099999998,False
2026-04-29 03:26:07.106129+00:00,sell,76839.95,0.001,-0.001,0.0,0.07865728525846412,76835.555,0.006,-451.2703599999998,False
2026-04-29 03:26:16.459502+00:00,sell,76839.95,0.001,-0.001,0.0,0.07865728525846412,76835.555,0.005,-374.4304099999998,False
2026-04-29 03:26:21.820211+00:00,buy,76831.15000000001,0.001,0.001,0.0,0.07851481218888125,76835.555,0.006,-451.2615599999998,False
2026-04-29 03:26:37.795740+00:00,buy,76839.13,0.001,0.001,0.0,0.07865728525867163,76843.525,0.007,-528.1006899999998,False
2026-04-29 03:26:40.440689+00:00,sell,76847.92,0.001,-0.001,0.0,0.07865728525846412,76843.525,0.006,-451.25276999999977,False
2026-04-29 03:26:56.463511+00:00,sell,76833.84,0.001,-0.001,0.0,0.07880001686026067,76829.455,0.005,-374.41892999999976,False
2026-04-29 03:26:59.121447+00:00,sell,76833.84,0.001,-0.001,0.0,0.07880001686026067,76829.455,0.004,-297.58508999999975,False
2026-04-29 03:27:15.101522+00:00,buy,76825.27,0.001,0.001,0.0,0.07865728525846412,76829.66500000001,0.005,-374.41035999999974,False
2026-04-29 03:27:19.147573+00:00,sell,76834.05,0.001,-0.001,0.0,0.07880001686026067,76829.66500000001,0.004,-297.57630999999975,False
2026-04-29 03:27:23.135335+00:00,buy,76825.27,0.001,0.001,0.0,0.07865728525846412,76829.66500000001,0.005,-374.40157999999974,False
2026-04-29 03:28:03.249909+00:00,buy,76811.28,0.001,0.001,0.0,0.07865728525867163,76815.67499999999,0.006,-451.21285999999975,False
2026-04-29 03:28:04.587215+00:00,buy,76819.5,0.001,0.001,0.0,0.0788000168600528,76823.88500000001,0.007,-528.0323599999997,False
2026-04-29 03:28:08.582093+00:00,buy,76825.27,0.001,0.001,0.0,0.07865728525846412,76829.66500000001,0.008,-604.8576299999997,False
2026-04-29 03:28:09.938118+00:00,buy,76825.27,0.001,0.001,0.0,0.07865728525846412,76829.66500000001,0.009000000000000001,-681.6828999999998,False
2026-04-29 03:28:11.306535+00:00,buy,76825.27,0.001,0.001,0.0,0.07865728525846412,76829.66500000001,0.010000000000000002,-758.5081699999998,False
2026-04-29 03:28:19.386870+00:00,sell,76827.64,0.001,-0.001,0.0,0.07865728525846412,76823.245,0.009000000000000001,-681.6805299999999,False
2026-04-29 03:28:23.363475+00:00,sell,76827.64,0.001,-0.001,0.0,0.07865728525846412,76823.245,0.008,-604.8528899999999,False
2026-04-29 03:28:26.022357+00:00,buy,76818.85,0.001,0.001,0.0,0.07865728525867163,76823.245,0.009000000000000001,-681.6717399999999,False
2026-04-29 03:28:26.022357+00:00,sell,76827.64,0.001,-0.001,0.0,0.07865728525846412,76823.245,0.008,-604.8440999999999,False
2026-04-29 03:28:31.356110+00:00,sell,76827.64,0.001,-0.001,0.0,0.07865728525846412,76823.245,0.007,-528.0164599999999,False
2026-04-29 03:28:43.482371+00:00,buy,76839.57,0.001,0.001,0.0,0.07880001686026067,76843.955,0.008,-604.8560299999999,False
2026-04-29 03:28:59.651281+00:00,buy,76839.55,0.001,0.001,0.0,0.07851481218867412,76843.955,0.009000000000000001,-681.69558,False
2026-04-29 03:29:11.705880+00:00,buy,76839.57,0.001,0.001,0.0,0.07880001686026067,76843.955,0.010000000000000002,-758.5351499999999,False
2026-04-29 03:29:30.525859+00:00,sell,76860.62,0.001,-0.001,0.0,0.07865728525867163,76856.225,0.009000000000000001,-681.6745299999999,False
2026-04-29 03:29:33.195843+00:00,sell,76854.23,0.001,-0.001,0.0,0.07880001686026067,76849.845,0.008,-604.8202999999999,False
2026-04-29 03:29:38.565422+00:00,buy,76851.34,0.001,0.001,0.0,0.0788000168600528,76855.725,0.009000000000000001,-681.6716399999998,False
2026-04-29 03:30:00.338873+00:00,sell,76886.38,0.001,-0.001,0.0,0.0788000168600528,76881.995,0.008,-604.7852599999998,False
2026-04-29 03:30:04.328417+00:00,buy,76881.82,0.001,0.001,0.0,0.07865728525867163,76886.215,0.009000000000000001,-681.6670799999997,False
2026-04-29 03:32:18.107688+00:00,buy,76842.40000000001,0.001,0.001,0.0,0.07865728525867163,76846.795,0.010000000000000002,-758.5094799999997,False
2026-04-29 03:32:22.053536+00:00,sell,76851.2,0.001,-0.001,0.0,0.07851481218867412,76846.795,0.009000000000000001,-681.6582799999996,False
2026-04-29 03:32:24.703398+00:00,buy,76842.40000000001,0.001,0.001,0.0,0.07865728525867163,76846.795,0.010000000000000002,-758.5006799999996,False
2026-04-29 03:32:43.405175+00:00,sell,76851.19,0.001,-0.001,0.0,0.07865728525846412,76846.795,0.009000000000000001,-681.6494899999997,False
2026-04-29 03:32:47.406489+00:00,buy,76842.40000000001,0.001,0.001,0.0,0.07865728525867163,76846.795,0.010000000000000002,-758.4918899999997,False
2026-04-29 03:33:06.160690+00:00,sell,76835.82,0.001,-0.001,0.0,0.0788000168600528,76831.435,0.009000000000000001,-681.6560699999997,False
2026-04-29 03:33:07.507406+00:00,sell,76825.55,0.001,-0.001,0.0,0.07865728525846412,76821.155,0.008,-604.8305199999996,False
2026-04-29 03:33:28.887831+00:00,buy,76798.05,0.001,0.001,0.0,0.07865728525846412,76802.445,0.009000000000000001,-681.6285699999996,False
2026-04-29 03:33:53.422359+00:00,sell,76812.43000000001,0.001,-0.001,0.0,0.07865728525846412,76808.035,0.008,-604.8161399999997,False
2026-04-29 03:34:05.400448+00:00,buy,76810.97,0.001,0.001,0.0,0.0788000168600528,76815.35500000001,0.009000000000000001,-681.6271099999997,False
2026-04-29 03:34:36.315854+00:00,sell,76830.24,0.001,-0.001,0.0,0.07880001686026067,76825.85500000001,0.008,-604.7968699999997,False
2026-04-29 03:34:49.648343+00:00,sell,76815.18000000001,0.001,-0.001,0.0,0.07865728525846412,76810.785,0.007,-527.9816899999996,False
2026-04-29 03:34:50.972712+00:00,sell,76815.18000000001,0.001,-0.001,0.0,0.07865728525846412,76810.785,0.006,-451.1665099999996,False
2026-04-29 03:34:57.733121+00:00,buy,76810.96,0.001,0.001,0.0,0.07880001686026067,76815.345,0.007,-527.9774699999996,False
2026-04-29 03:35:07.085404+00:00,buy,76812.31,0.001,0.001,0.0,0.0788000168600528,76816.695,0.008,-604.7897799999996,False
2026-04-29 03:35:51.293874+00:00,sell,76858.3,0.001,-0.001,0.0,0.07880001686026067,76853.91500000001,0.007,-527.9314799999996,False
2026-04-29 03:36:13.399996+00:00,sell,76863.64,0.001,-0.001,0.0,0.07865728525846412,76859.245,0.006,-451.0678399999996,False
2026-04-29 03:46:07.236894+00:00,sell,77049.02,0.001,-0.001,0.0,0.07880001686026067,77044.63500000001,0.005,-374.0188199999996,False
2026-04-29 03:46:15.268524+00:00,sell,77036.22,0.001,-0.001,0.0,0.0788000168600528,77031.83499999999,0.004,-296.9825999999996,False
2026-04-29 03:46:27.420277+00:00,sell,77026.17,0.001,-0.001,0.0,0.07880001686026067,77021.785,0.003,-219.9564299999996,False
2026-04-29 03:46:28.755273+00:00,sell,77026.17,0.001,-0.001,0.0,0.07880001686026067,77021.785,0.002,-142.93025999999963,False
2026-04-29 03:46:35.486661+00:00,sell,77018.62,0.001,-0.001,0.0,0.07865728525867163,77014.225,0.001,-65.91163999999964,False
2026-04-29 03:46:36.811062+00:00,buy,77009.83,0.001,0.001,0.0,0.07865728525846412,77014.225,0.002,-142.92146999999966,False
2026-04-29 03:46:44.852849+00:00,sell,77018.61,0.001,-0.001,0.0,0.07880001686026067,77014.225,0.001,-65.90285999999966,False
2026-04-29 03:47:21.000469+00:00,sell,76996.0,0.001,-0.001,0.0,0.0788000168600528,76991.61499999999,0.0,11.093140000000332,False
2026-04-29 03:47:22.364653+00:00,buy,76987.22,0.001,0.001,0.0,0.07865728525867163,76991.61499999999,0.001,-65.89407999999968,False
2026-04-29 03:47:34.430586+00:00,sell,77018.38,0.001,-0.001,0.0,0.0788000168600528,77013.995,0.0,11.124300000000332,False
2026-04-29 03:47:57.385465+00:00,buy,77023.08,0.001,0.001,0.0,0.07880001686026067,77027.465,0.001,-65.89877999999968,False
2026-04-29 03:48:00.030416+00:00,buy,77027.01,0.001,0.001,0.0,0.07880001686026067,77031.39499999999,0.002,-142.92578999999967,False
2026-04-29 03:48:06.730103+00:00,buy,77027.0,0.001,0.001,0.0,0.07865728525867163,77031.39499999999,0.003,-219.95278999999965,False
2026-04-29 03:48:08.044605+00:00,buy,77027.0,0.001,0.001,0.0,0.07865728525867163,77031.39499999999,0.004,-296.97978999999964,False
2026-04-29 03:48:18.848634+00:00,sell,77019.86,0.001,-0.001,0.0,0.07880001686026067,77015.475,0.003,-219.95992999999964,False
2026-04-29 03:48:20.215745+00:00,sell,77019.86,0.001,-0.001,0.0,0.07880001686026067,77015.475,0.002,-142.94006999999965,False
2026-04-29 03:48:37.717578+00:00,sell,77004.91,0.001,-0.001,0.0,0.0788000168600528,77000.525,0.001,-65.93515999999964,False
2026-04-29 03:48:44.397645+00:00,sell,77004.92,0.001,-0.001,0.0,0.07865728525846412,77000.525,0.0,11.069760000000358,False
2026-04-29 03:48:47.063648+00:00,buy,76996.13,0.001,0.001,0.0,0.07865728525867163,77000.525,0.001,-65.92636999999965,False
2026-04-29 03:49:03.092003+00:00,buy,77007.43000000001,0.001,0.001,0.0,0.07880001686026067,77011.815,0.002,-142.93379999999968,False
2026-04-29 03:49:24.587538+00:00,buy,77007.88,0.001,0.001,0.0,0.07865728525867163,77012.275,0.003,-219.94167999999968,False
2026-04-29 03:49:39.339745+00:00,sell,77016.67,0.001,-0.001,0.0,0.07865728525846412,77012.275,0.002,-142.92500999999967,False
2026-04-29 03:49:51.437943+00:00,buy,77007.88,0.001,0.001,0.0,0.07865728525867163,77012.275,0.003,-219.93288999999967,False
2026-04-29 03:50:06.233688+00:00,sell,77007.61,0.001,-0.001,0.0,0.07865728525846412,77003.215,0.002,-142.92527999999967,False
2026-04-29 03:50:16.892917+00:00,sell,77007.6,0.001,-0.001,0.0,0.0788000168600528,77003.215,0.001,-65.91767999999966,False
2026-04-29 03:50:28.918454+00:00,buy,76994.38,0.001,0.001,0.0,0.07865728525867163,76998.775,0.002,-142.91205999999966,False
2026-04-29 03:50:51.708175+00:00,sell,77003.16,0.001,-0.001,0.0,0.0788000168600528,76998.775,0.001,-65.90889999999965,False
2026-04-29 03:50:59.752963+00:00,buy,76978.62,0.001,0.001,0.0,0.07865728525846412,76983.015,0.002,-142.88751999999965,False
2026-04-29 03:51:06.440785+00:00,sell,76987.40000000001,0.001,-0.001,0.0,0.0788000168600528,76983.015,0.001,-65.90011999999965,False
2026-04-29 03:51:10.418201+00:00,sell,76983.21,0.001,-0.001,0.0,0.07880001686026067,76978.82500000001,0.0,11.083090000000368,False
2026-04-29 03:51:27.773437+00:00,buy,76973.83,0.001,0.001,0.0,0.07880001686026067,76978.215,0.001,-65.89073999999964,False
2026-04-29 03:51:41.205196+00:00,sell,76982.61,0.001,-0.001,0.0,0.07865728525846412,76978.215,0.0,11.09187000000037,False
2026-04-29 03:51:50.537607+00:00,sell,76977.75,0.001,-0.001,0.0,0.0788000168600528,76973.36499999999,-0.001,88.06962000000037,False
2026-04-29 03:52:06.610285+00:00,buy,76962.98,0.001,0.001,0.0,0.07880001686026067,76967.36499999999,0.0,11.106640000000368,False
2026-04-29 03:52:20.367479+00:00,sell,76971.76,0.001,-0.001,0.0,0.07865728525846412,76967.36499999999,-0.001,88.07840000000037,False
2026-04-29 03:52:23.070591+00:00,buy,76962.97,0.001,0.001,0.0,0.07865728525867163,76967.36499999999,0.0,11.115430000000373,False
2026-04-29 03:52:39.167515+00:00,sell,76968.38,0.001,-0.001,0.0,0.07865728525846412,76963.985,-0.001,88.08381000000038,False
2026-04-29 03:52:55.232932+00:00,buy,76953.67,0.001,0.001,0.0,0.07865728525846412,76958.065,0.0,11.130140000000381,False
2026-04-29 03:52:59.202963+00:00,buy,76953.67,0.001,0.001,0.0,0.07865728525846412,76958.065,0.001,-65.82352999999962,False
2026-04-29 03:53:05.918218+00:00,buy,76962.88,0.001,0.001,0.0,0.07865728525867163,76967.275,0.002,-142.78640999999965,False
2026-04-29 03:53:22.057058+00:00,buy,76962.88,0.001,0.001,0.0,0.07865728525867163,76967.275,0.003,-219.74928999999966,False
2026-04-29 03:53:30.127964+00:00,sell,76971.67,0.001,-0.001,0.0,0.07865728525846412,76967.275,0.002,-142.77761999999967,False
2026-04-29 03:53:35.435685+00:00,sell,76971.67,0.001,-0.001,0.0,0.07865728525846412,76967.275,0.001,-65.80594999999967,False
2026-04-29 03:53:43.500194+00:00,sell,76970.0,0.001,-0.001,0.0,0.0788000168600528,76965.61499999999,0.0,11.16405000000033,False
2026-04-29 03:53:55.646339+00:00,sell,76967.67,0.001,-0.001,0.0,0.07880001686026067,76963.285,-0.001,88.13172000000033,False
2026-04-29 03:54:23.775038+00:00,sell,76989.04000000001,0.001,-0.001,0.0,0.0788000168600528,76984.655,-0.002,165.12076000000033,False
2026-04-29 03:54:29.209293+00:00,sell,76989.04000000001,0.001,-0.001,0.0,0.0788000168600528,76984.655,-0.003,242.10980000000035,False
2026-04-29 03:55:09.596945+00:00,sell,76986.40000000001,0.001,-0.001,0.0,0.0788000168600528,76982.015,-0.004,319.09620000000035,False
2026-04-29 03:55:32.179071+00:00,sell,76978.41,0.001,-0.001,0.0,0.0788000168600528,76974.025,-0.005,396.07461000000035,False
2026-04-29 03:56:05.637335+00:00,sell,76978.40000000001,0.001,-0.001,0.0,0.07865728525846412,76974.005,-0.006,473.05301000000037,False
2026-04-29 03:56:16.393006+00:00,sell,76978.39,0.001,-0.001,0.0,0.07880001686026067,76974.005,-0.007,550.0314000000004,False
2026-04-29 03:56:57.977864+00:00,buy,76939.95,0.001,0.001,0.0,0.07865728525846412,76944.345,-0.006,473.0914500000004,False
2026-04-29 03:57:31.553079+00:00,buy,76948.76,0.001,0.001,0.0,0.07880001686026067,76953.14499999999,-0.005,396.1426900000004,False
2026-04-29 03:58:06.500101+00:00,buy,76981.41,0.001,0.001,0.0,0.07880001686026067,76985.795,-0.004,319.1612800000004,False
2026-04-29 03:58:11.869456+00:00,sell,76987.43000000001,0.001,-0.001,0.0,0.0788000168600528,76983.045,-0.005,396.1487100000004,False
2026-04-29 03:58:23.998095+00:00,sell,76976.72,0.001,-0.001,0.0,0.07865728525867163,76972.32500000001,-0.006,473.1254300000004,False
2026-04-29 03:58:37.320128+00:00,buy,76962.76,0.001,0.001,0.0,0.07865728525846412,76967.155,-0.005,396.1626700000004,False
2026-04-29 03:59:20.136345+00:00,buy,76980.46,0.001,0.001,0.0,0.07865728525846412,76984.85500000001,-0.004,319.1822100000004,False
2026-04-29 03:59:49.616302+00:00,buy,76995.6,0.001,0.001,0.0,0.07865728525867163,76999.995,-0.003,242.18661000000037,False
2026-04-29 04:00:09.748417+00:00,buy,77003.61,0.001,0.001,0.0,0.07880001686026067,77007.995,-0.002,165.18300000000036,False
2026-04-29 04:00:23.075108+00:00,buy,76999.37,0.001,0.001,0.0,0.07865728525846412,77003.765,-0.001,88.18363000000036,False
2026-04-29 04:00:37.810560+00:00,sell,76997.45,0.001,-0.001,0.0,0.07880001686026067,76993.065,-0.002,165.18108000000035,False
2026-04-29 04:00:43.213059+00:00,sell,76991.53,0.001,-0.001,0.0,0.0788000168600528,76987.14499999999,-0.003,242.17261000000036,False
2026-04-29 04:00:59.283577+00:00,sell,76983.02,0.001,-0.001,0.0,0.07865728525846412,76978.625,-0.004,319.1556300000004,False
2026-04-29 04:01:23.245222+00:00,buy,76979.06,0.001,0.001,0.0,0.07851481218867412,76983.465,-0.003,242.17657000000037,False
2026-04-29 04:01:23.245222+00:00,sell,76987.86,0.001,-0.001,0.0,0.07865728525846412,76983.465,-0.004,319.1644300000004,False
2026-04-29 04:01:55.343990+00:00,sell,76983.01,0.001,-0.001,0.0,0.07880001686026067,76978.625,-0.005,396.14744000000036,False
2026-04-29 04:02:07.405441+00:00,sell,76965.8,0.001,-0.001,0.0,0.07880001686026067,76961.41500000001,-0.006,473.11324000000036,False
2026-04-29 04:02:16.804965+00:00,sell,76965.5,0.001,-0.001,0.0,0.0788000168600528,76961.11499999999,-0.007,550.0787400000004,False
2026-04-29 04:02:19.475748+00:00,sell,76964.49,0.001,-0.001,0.0,0.07880001686026067,76960.10500000001,-0.008,627.0432300000004,False
2026-04-29 04:02:35.580520+00:00,buy,76947.82,0.001,0.001,0.0,0.07865728525867163,76952.215,-0.007,550.0954100000005,False
2026-04-29 04:04:02.488171+00:00,buy,76946.45,0.001,0.001,0.0,0.07865728525846412,76950.845,-0.006,473.14896000000044,False
2026-04-29 04:04:39.985880+00:00,sell,76947.56,0.001,-0.001,0.0,0.0788000168600528,76943.17499999999,-0.007,550.0965200000004,False
2026-04-29 04:05:42.914302+00:00,sell,76945.15000000001,0.001,-0.001,0.0,0.07865728525846412,76940.755,-0.008,627.0416700000004,False
2026-04-29 04:05:46.954606+00:00,buy,76936.35,0.001,0.001,0.0,0.07851481218867412,76940.755,-0.007,550.1053200000003,False
2026-04-29 04:06:09.733799+00:00,buy,76941.73,0.001,0.001,0.0,0.07865728525846412,76946.125,-0.006,473.16359000000034,False
2026-04-29 04:06:33.963474+00:00,sell,76947.78,0.001,-0.001,0.0,0.0788000168600528,76943.39499999999,-0.007,550.1113700000003,False
2026-04-29 04:06:38.032586+00:00,sell,76947.79000000001,0.001,-0.001,0.0,0.07865728525825662,76943.39499999999,-0.008,627.0591600000004,False
2026-04-29 04:06:43.295141+00:00,sell,76947.8,0.001,-0.001,0.0,0.07851481218846697,76943.39499999999,-0.009000000000000001,704.0069600000004,False
2026-04-29 04:06:51.346127+00:00,buy,76938.99,0.001,0.001,0.0,0.07851481218888125,76943.39499999999,-0.008,627.0679700000004,False
2026-04-29 04:06:55.363053+00:00,sell,76947.79000000001,0.001,-0.001,0.0,0.07865728525825662,76943.39499999999,-0.009000000000000001,704.0157600000005,False
2026-04-29 04:07:07.391420+00:00,sell,76947.79000000001,0.001,-0.001,0.0,0.07865728525825662,76943.39499999999,-0.010000000000000002,780.9635500000005,False
2026-04-29 04:07:25.013755+00:00,buy,76938.99,0.001,0.001,0.0,0.07851481218888125,76943.39499999999,-0.009000000000000001,704.0245600000005,False
2026-04-29 04:07:33.028406+00:00,sell,76947.79000000001,0.001,-0.001,0.0,0.07865728525825662,76943.39499999999,-0.010000000000000002,780.9723500000006,False
2026-04-29 04:08:40.012533+00:00,buy,76930.84,0.001,0.001,0.0,0.07851481218867412,76935.245,-0.009000000000000001,704.0415100000006,False
2026-04-29 04:08:45.401947+00:00,sell,76939.64,0.001,-0.001,0.0,0.07865728525846412,76935.245,-0.010000000000000002,780.9811500000005,False
2026-04-29 04:08:49.405707+00:00,buy,76925.61,0.001,0.001,0.0,0.07865728525846412,76930.005,-0.009000000000000001,704.0555400000005,False
2026-04-29 04:08:56.135632+00:00,buy,76925.61,0.001,0.001,0.0,0.07865728525846412,76930.005,-0.008,627.1299300000005,False
2026-04-29 04:09:05.528483+00:00,buy,76925.61,0.001,0.001,0.0,0.07865728525846412,76930.005,-0.007,550.2043200000005,False
2026-04-29 04:09:10.858812+00:00,sell,76934.40000000001,0.001,-0.001,0.0,0.07865728525846412,76930.005,-0.008,627.1387200000005,False
2026-04-29 04:09:13.550481+00:00,sell,76934.40000000001,0.001,-0.001,0.0,0.07865728525846412,76930.005,-0.009000000000000001,704.0731200000005,False
2026-04-29 04:09:18.917286+00:00,buy,76925.61,0.001,0.001,0.0,0.07865728525846412,76930.005,-0.008,627.1475100000005,False
2026-04-29 04:09:24.214916+00:00,sell,76934.40000000001,0.001,-0.001,0.0,0.07865728525846412,76930.005,-0.009000000000000001,704.0819100000004,False
2026-04-29 04:09:41.617032+00:00,sell,76944.38,0.001,-0.001,0.0,0.07865728525846412,76939.985,-0.010000000000000002,781.0262900000005,False
2026-04-29 04:10:15.499128+00:00,buy,76935.59,0.001,0.001,0.0,0.07865728525846412,76939.985,-0.009000000000000001,704.0907000000004,False
2026-04-29 04:10:27.550430+00:00,sell,76940.96,0.001,-0.001,0.0,0.07880001686026067,76936.57500000001,-0.010000000000000002,781.0316600000004,False
2026-04-29 04:10:51.653685+00:00,buy,76921.69,0.001,0.001,0.0,0.0788000168600528,76926.07500000001,-0.009000000000000001,704.1099700000004,False
2026-04-29 04:11:06.476029+00:00,buy,76921.68000000001,0.001,0.001,0.0,0.07865728525846412,76926.07500000001,-0.008,627.1882900000004,False
2026-04-29 04:11:09.146082+00:00,buy,76921.68000000001,0.001,0.001,0.0,0.07865728525846412,76926.07500000001,-0.007,550.2666100000004,False
2026-04-29 04:11:11.895093+00:00,buy,76921.68000000001,0.001,0.001,0.0,0.07865728525846412,76926.07500000001,-0.006,473.3449300000003,False
2026-04-29 04:11:33.317140+00:00,sell,76930.46,0.001,-0.001,0.0,0.07865728525846412,76926.065,-0.007,550.2753900000004,False
2026-04-29 04:11:34.642794+00:00,buy,76921.67,0.001,0.001,0.0,0.07865728525846412,76926.065,-0.006,473.35372000000035,False
2026-04-29 04:12:01.527345+00:00,sell,76930.46,0.001,-0.001,0.0,0.07865728525846412,76926.065,-0.007,550.2841800000003,False
2026-04-29 04:12:13.676988+00:00,sell,76902.26,0.001,-0.001,0.0,0.07865728525846412,76897.86499999999,-0.008,627.1864400000003,False
2026-04-29 04:12:17.696187+00:00,sell,76902.26,0.001,-0.001,0.0,0.07865728525846412,76897.86499999999,-0.009000000000000001,704.0887000000002,False
2026-04-29 04:12:21.712518+00:00,sell,76902.26,0.001,-0.001,0.0,0.07865728525846412,76897.86499999999,-0.010000000000000002,780.9909600000002,False
2026-04-29 04:14:39.604176+00:00,buy,76921.67,0.001,0.001,0.0,0.07865728525846412,76926.065,-0.009000000000000001,704.0692900000001,False
2026-04-29 04:14:40.921724+00:00,sell,76930.46,0.001,-0.001,0.0,0.07865728525846412,76926.065,-0.010000000000000002,780.9997500000002,False
2026-04-29 04:15:13.055565+00:00,buy,76921.67,0.001,0.001,0.0,0.07865728525846412,76926.065,-0.009000000000000001,704.0780800000002,False
2026-04-29 04:15:15.760026+00:00,buy,76935.06,0.001,0.001,0.0,0.07865728525846412,76939.455,-0.008,627.1430200000002,False
2026-04-29 04:15:17.035169+00:00,buy,76935.06,0.001,0.001,0.0,0.07865728525846412,76939.455,-0.007,550.2079600000002,False
2026-04-29 04:15:27.810734+00:00,buy,76935.07,0.001,0.001,0.0,0.07880001686026067,76939.455,-0.006,473.2728900000002,False
2026-04-29 04:15:30.472400+00:00,buy,76936.96,0.001,0.001,0.0,0.07865728525846412,76941.35500000001,-0.005,396.3359300000002,False
2026-04-29 04:15:31.815373+00:00,buy,76936.96,0.001,0.001,0.0,0.07865728525846412,76941.35500000001,-0.004,319.3989700000002,False
2026-04-29 04:15:47.768217+00:00,sell,76945.75,0.001,-0.001,0.0,0.07865728525867163,76941.35500000001,-0.005,396.34472000000017,False
2026-04-29 04:15:49.096973+00:00,buy,76936.95,0.001,0.001,0.0,0.07851481218846697,76941.35500000001,-0.004,319.40777000000014,False
2026-04-29 04:15:53.088146+00:00,buy,76936.96,0.001,0.001,0.0,0.07865728525846412,76941.35500000001,-0.003,242.47081000000014,False
2026-04-29 04:15:59.778205+00:00,sell,76945.75,0.001,-0.001,0.0,0.07865728525867163,76941.35500000001,-0.004,319.4165600000001,False
2026-04-29 04:16:15.870548+00:00,sell,76962.0,0.001,-0.001,0.0,0.07865728525867163,76957.60500000001,-0.005,396.3785600000001,False
2026-04-29 04:16:18.514166+00:00,sell,76961.99,0.001,-0.001,0.0,0.07880001686026067,76957.60500000001,-0.006,473.3405500000001,False
2026-04-29 04:16:22.598576+00:00,sell,76962.0,0.001,-0.001,0.0,0.07865728525867163,76957.60500000001,-0.007,550.3025500000001,False
2026-04-29 04:16:27.936422+00:00,buy,76953.21,0.001,0.001,0.0,0.07865728525846412,76957.60500000001,-0.006,473.3493400000001,False
2026-04-29 04:16:27.936422+00:00,sell,76962.0,0.001,-0.001,0.0,0.07865728525867163,76957.60500000001,-0.007,550.3113400000001,False
2026-04-29 04:16:37.332284+00:00,buy,76958.86,0.001,0.001,0.0,0.07880001686026067,76963.245,-0.006,473.35248000000007,False
2026-04-29 04:19:00.450314+00:00,buy,76961.64,0.001,0.001,0.0,0.07865728525846412,76966.035,-0.005,396.3908400000001,False
2026-04-29 04:19:26.295773+00:00,buy,76962.98,0.001,0.001,0.0,0.07880001686026067,76967.36499999999,-0.004,319.42786000000007,False
2026-04-29 04:20:07.787895+00:00,buy,76981.6,0.001,0.001,0.0,0.07865728525867163,76985.995,-0.003,242.44626000000005,False
2026-04-29 04:20:45.341237+00:00,buy,76962.66,0.001,0.001,0.0,0.07865728525867163,76967.055,-0.002,165.48360000000005,False
2026-04-29 04:21:12.190722+00:00,buy,76962.66,0.001,0.001,0.0,0.07865728525867163,76967.055,-0.001,88.52094000000005,False
2026-04-29 04:21:20.287726+00:00,sell,76971.45,0.001,-0.001,0.0,0.07865728525846412,76967.055,-0.002,165.49239000000006,False
2026-04-29 04:21:21.637572+00:00,buy,76962.66,0.001,0.001,0.0,0.07865728525867163,76967.055,-0.001,88.52973000000006,False
2026-04-29 04:22:00.470736+00:00,buy,76978.7,0.001,0.001,0.0,0.07865728525846412,76983.095,0.0,11.551030000000054,False
2026-04-29 04:22:04.513169+00:00,buy,76978.7,0.001,0.001,0.0,0.07865728525846412,76983.095,0.001,-65.42766999999995,False
2026-04-29 04:22:08.507106+00:00,buy,76978.7,0.001,0.001,0.0,0.07865728525846412,76983.095,0.002,-142.40636999999995,False
2026-04-29 04:22:17.940775+00:00,buy,76991.64,0.001,0.001,0.0,0.07865728525846412,76996.035,0.003,-219.39800999999994,False
2026-04-29 04:22:19.279396+00:00,buy,76991.65000000001,0.001,0.001,0.0,0.07880001686026067,76996.035,0.004,-296.38965999999994,False
2026-04-29 04:22:24.619826+00:00,buy,76991.65000000001,0.001,0.001,0.0,0.07880001686026067,76996.035,0.005,-373.3813099999999,False
2026-04-29 04:22:31.336376+00:00,buy,77007.12,0.001,0.001,0.0,0.0788000168600528,77011.505,0.006,-450.3884299999999,False
2026-04-29 04:23:12.896632+00:00,buy,77029.01,0.001,0.001,0.0,0.07880001686026067,77033.39499999999,0.007,-527.4174399999999,False
2026-04-29 04:23:39.878779+00:00,buy,77037.23,0.001,0.001,0.0,0.07865728525846412,77041.625,0.008,-604.45467,False
2026-04-29 04:23:46.561441+00:00,buy,77037.23,0.001,0.001,0.0,0.07865728525846412,77041.625,0.009000000000000001,-681.4919,False
2026-04-29 04:24:18.858409+00:00,sell,77038.75,0.001,-0.001,0.0,0.0788000168600528,77034.36499999999,0.008,-604.4531499999999,False
2026-04-29 04:24:30.928854+00:00,sell,77015.22,0.001,-0.001,0.0,0.0788000168600528,77010.83499999999,0.007,-527.4379299999999,False
2026-04-29 04:25:11.062011+00:00,buy,76998.7,0.001,0.001,0.0,0.07865728525846412,77003.095,0.008,-604.4366299999999,False
2026-04-29 04:25:12.422183+00:00,buy,76998.7,0.001,0.001,0.0,0.07865728525846412,77003.095,0.009000000000000001,-681.4353299999999,False
2026-04-29 04:25:23.247804+00:00,buy,77008.21,0.001,0.001,0.0,0.07851481218888125,77012.61499999999,0.010000000000000002,-758.4435399999999,False
2026-04-29 04:26:06.153806+00:00,sell,77044.36,0.001,-0.001,0.0,0.07865728525846412,77039.965,0.009000000000000001,-681.3991799999999,False
2026-04-29 04:27:34.703878+00:00,buy,77033.07,0.001,0.001,0.0,0.07851481218867412,77037.475,0.010000000000000002,-758.4322499999998,False
2026-04-29 04:28:22.848487+00:00,sell,77030.04000000001,0.001,-0.001,0.0,0.07865728525825662,77025.64499999999,0.009000000000000001,-681.4022099999999,False
2026-04-29 04:28:26.841704+00:00,sell,77030.04000000001,0.001,-0.001,0.0,0.07865728525825662,77025.64499999999,0.008,-604.3721699999999,False
2026-04-29 04:28:33.488486+00:00,buy,77021.25,0.001,0.001,0.0,0.07865728525867163,77025.64499999999,0.009000000000000001,-681.3934199999999,False
2026-04-29 04:28:34.849327+00:00,buy,77021.25,0.001,0.001,0.0,0.07865728525867163,77025.64499999999,0.010000000000000002,-758.4146699999999,False
2026-04-29 04:28:36.164683+00:00,sell,77030.04000000001,0.001,-0.001,0.0,0.07865728525825662,77025.64499999999,0.009000000000000001,-681.3846299999999,False
2026-04-29 04:28:41.488351+00:00,sell,77030.04000000001,0.001,-0.001,0.0,0.07865728525825662,77025.64499999999,0.008,-604.3545899999999,False
2026-04-29 04:29:04.357117+00:00,buy,77021.25,0.001,0.001,0.0,0.07865728525867163,77025.64499999999,0.009000000000000001,-681.3758399999999,False
2026-04-29 04:29:08.379637+00:00,buy,77033.08,0.001,0.001,0.0,0.07880001686026067,77037.465,0.010000000000000002,-758.40892,False
2026-04-29 04:31:06.059124+00:00,sell,77043.38,0.001,-0.001,0.0,0.07865728525846412,77038.985,0.009000000000000001,-681.36554,False
2026-04-29 04:31:24.605634+00:00,buy,77016.35,0.001,0.001,0.0,0.07880001686026067,77020.735,0.010000000000000002,-758.38189,False
2026-04-29 04:48:50.088552+00:00,sell,77306.2,0.010000000000000002,-0.010000000000000002,0.0,1.0,77306.205,0.0,14.680110000000127,True
