timestamp,side,price,quantity,signed_quantity,fee,p_fill,mid_price,inventory_after,cash_after,is_terminal_unwind
2026-04-28 23:43:44.308547+00:00,sell,76305.11,0.001,-0.001,0.007630511,0.07865728525846412,76300.715,-0.001,76.297479489,False
2026-04-28 23:43:50.728099+00:00,sell,76305.11,0.001,-0.001,0.007630511,0.07865728525846412,76300.715,-0.002,152.594958978,False
2026-04-28 23:44:06.076279+00:00,sell,76305.11,0.001,-0.001,0.007630511,0.07865728525846412,76300.715,-0.003,228.89243846699998,False
2026-04-28 23:44:17.729590+00:00,buy,76296.31,0.001,0.001,0.007629631,0.07851481218867412,76300.715,-0.002,152.58849883599999,False
2026-04-28 23:44:21.614155+00:00,buy,76296.31,0.001,0.001,0.007629631,0.07851481218867412,76300.715,-0.001,76.28455920499998,False
2026-04-28 23:44:28.079635+00:00,buy,76296.31,0.001,0.001,0.007629631,0.07851481218867412,76300.715,0.0,-0.01938042600002596,False
2026-04-28 23:44:53.701427+00:00,buy,76296.32,0.001,0.001,0.007629632000000002,0.07865728525867163,76300.715,0.001,-76.32333005800004,False
2026-04-28 23:45:00.064159+00:00,sell,76305.11,0.001,-0.001,0.007630511,0.07865728525846412,76300.715,0.0,-0.025850569000039784,False
2026-04-28 23:45:18.054207+00:00,buy,76317.38,0.001,0.001,0.007631738000000001,0.07880001686026067,76321.765,0.001,-76.35086230700004,False
2026-04-28 23:45:36.153958+00:00,buy,76324.59,0.001,0.001,0.007632459,0.07865728525846412,76328.985,0.002,-152.68308476600006,False
2026-04-28 23:45:51.621039+00:00,buy,76324.6,0.001,0.001,0.0076324600000000015,0.07880001686026067,76328.985,0.003,-229.01531722600006,False
2026-04-28 23:46:28.932203+00:00,buy,76342.1,0.001,0.001,0.0076342100000000015,0.07880001686026067,76346.485,0.004,-305.36505143600004,False
2026-04-28 23:46:50.932757+00:00,buy,76340.75,0.001,0.001,0.007634075000000001,0.07851481218867412,76345.155,0.005,-381.71343551100006,False
2026-04-28 23:46:58.616821+00:00,sell,76349.55,0.001,-0.001,0.0076349550000000006,0.07865728525846412,76345.155,0.004,-305.37152046600005,False
2026-04-28 23:47:23.129044+00:00,sell,76345.64,0.001,-0.001,0.007634564000000001,0.07880001686026067,76341.255,0.003,-229.03351503000005,False
2026-04-28 23:47:37.264465+00:00,sell,76345.64,0.001,-0.001,0.007634564000000001,0.07880001686026067,76341.255,0.002,-152.69550959400004,False
2026-04-28 23:47:38.551991+00:00,sell,76345.64,0.001,-0.001,0.007634564000000001,0.07880001686026067,76341.255,0.001,-76.35750415800004,False
2026-04-28 23:47:41.120810+00:00,sell,76345.64,0.001,-0.001,0.007634564000000001,0.07880001686026067,76341.255,0.0,-0.01949872200003715,False
2026-04-28 23:47:51.411445+00:00,sell,76345.64,0.001,-0.001,0.007634564000000001,0.07880001686026067,76341.255,-0.001,76.31850671399997,False
2026-04-28 23:47:59.097324+00:00,sell,76335.73,0.001,-0.001,0.007633573,0.07880001686026067,76331.345,-0.002,152.64660314099999,False
2026-04-28 23:48:05.519526+00:00,sell,76333.37,0.001,-0.001,0.0076333370000000005,0.07880001686026067,76328.985,-0.003,228.972339804,False
2026-04-28 23:49:48.309655+00:00,sell,76336.67,0.001,-0.001,0.007633667,0.07865728525846412,76332.275,-0.004,305.301376137,False
2026-04-28 23:50:07.641120+00:00,buy,76327.88,0.001,0.001,0.0076327880000000015,0.07865728525867163,76332.275,-0.003,228.965863349,False
2026-04-28 23:50:11.494779+00:00,sell,76336.68000000001,0.001,-0.001,0.0076336680000000014,0.07851481218846697,76332.275,-0.004,305.29490968100004,False
2026-04-28 23:50:12.789634+00:00,buy,76327.88,0.001,0.001,0.0076327880000000015,0.07865728525867163,76332.275,-0.003,228.95939689300005,False
2026-04-28 23:50:12.789634+00:00,sell,76336.68000000001,0.001,-0.001,0.0076336680000000014,0.07851481218846697,76332.275,-0.004,305.2884432250001,False
2026-04-28 23:50:16.648981+00:00,buy,76327.88,0.001,0.001,0.0076327880000000015,0.07865728525867163,76332.275,-0.003,228.9529304370001,False
2026-04-28 23:50:21.717205+00:00,buy,76327.88,0.001,0.001,0.0076327880000000015,0.07865728525867163,76332.275,-0.002,152.6174176490001,False
2026-04-28 23:50:33.223612+00:00,sell,76336.67,0.001,-0.001,0.007633667,0.07865728525846412,76332.275,-0.003,228.9464539820001,False
2026-04-28 23:50:34.514505+00:00,sell,76336.67,0.001,-0.001,0.007633667,0.07865728525846412,76332.275,-0.004,305.2754903150001,False
2026-04-28 23:50:57.604932+00:00,buy,76327.88,0.001,0.001,0.0076327880000000015,0.07865728525867163,76332.275,-0.003,228.93997752700014,False
2026-04-28 23:51:16.839269+00:00,buy,76319.02,0.001,0.001,0.007631902000000001,0.07865728525846412,76323.41500000001,-0.002,152.61332562500013,False
2026-04-28 23:51:18.134161+00:00,buy,76319.02,0.001,0.001,0.007631902000000001,0.07865728525846412,76323.41500000001,-0.001,76.28667372300012,False
2026-04-28 23:51:22.001234+00:00,buy,76319.01,0.001,0.001,0.007631901,0.07851481218846697,76323.41500000001,0.0,-0.03996817799987096,False
2026-04-28 23:51:33.872857+00:00,sell,76321.11,0.001,-0.001,0.0076321110000000005,0.07880001686026067,76316.725,-0.001,76.27350971100013,False
2026-04-28 23:51:53.220572+00:00,buy,76312.33,0.001,0.001,0.007631233000000001,0.07865728525846412,76316.725,0.0,-0.04645152199987233,False
2026-04-28 23:52:04.742132+00:00,buy,76319.01,0.001,0.001,0.007631901,0.07865728525846412,76323.405,0.001,-76.37309342299986,False
2026-04-28 23:52:29.136141+00:00,buy,76332.22,0.001,0.001,0.007633222000000001,0.0788000168600528,76336.60500000001,0.002,-152.71294664499987,False
2026-04-28 23:52:35.523510+00:00,buy,76332.22,0.001,0.001,0.007633222000000001,0.0788000168600528,76336.60500000001,0.003,-229.0527998669999,False
2026-04-28 23:53:07.651038+00:00,buy,76342.1,0.001,0.001,0.0076342100000000015,0.07880001686026067,76346.485,0.004,-305.40253407699987,False
2026-04-28 23:53:24.398361+00:00,buy,76342.08,0.001,0.001,0.007634208000000001,0.07851481218867412,76346.485,0.005,-381.7522482849999,False
2026-04-28 23:53:25.698603+00:00,buy,76342.08,0.001,0.001,0.007634208000000001,0.07851481218867412,76346.485,0.006,-458.1019624929999,False
2026-04-28 23:53:32.126114+00:00,buy,76342.09,0.001,0.001,0.007634209,0.07865728525846412,76346.485,0.007,-534.451686702,False
2026-04-28 23:53:34.713518+00:00,buy,76342.09,0.001,0.001,0.007634209,0.07865728525846412,76346.485,0.008,-610.801410911,False
2026-04-28 23:53:35.980087+00:00,sell,76350.88,0.001,-0.001,0.007635088000000001,0.07865728525846412,76346.485,0.007,-534.458165999,False
2026-04-28 23:53:56.485453+00:00,buy,76342.09,0.001,0.001,0.007634209,0.07865728525846412,76346.485,0.008,-610.807890208,False
2026-04-28 23:53:57.769424+00:00,buy,76342.09,0.001,0.001,0.007634209,0.07865728525846412,76346.485,0.009000000000000001,-687.157614417,False
2026-04-28 23:54:27.746201+00:00,sell,76350.88,0.001,-0.001,0.007635088000000001,0.07865728525846412,76346.485,0.008,-610.8143695050001,False
2026-04-28 23:54:30.335864+00:00,buy,76342.08,0.001,0.001,0.007634208000000001,0.07851481218867412,76346.485,0.009000000000000001,-687.1640837130001,False
2026-04-28 23:54:31.607924+00:00,buy,76342.08,0.001,0.001,0.007634208000000001,0.07851481218867412,76346.485,0.010000000000000002,-763.5137979210001,False
2026-04-28 23:54:35.450562+00:00,sell,76350.88,0.001,-0.001,0.007635088000000001,0.07865728525846412,76346.485,0.009000000000000001,-687.1705530090002,False
2026-04-28 23:54:38.001462+00:00,buy,76342.09,0.001,0.001,0.007634209,0.07865728525846412,76346.485,0.010000000000000002,-763.5202772180002,False
2026-04-28 23:54:44.398587+00:00,sell,76373.94,0.001,-0.001,0.0076373940000000005,0.07865728525846412,76369.545,0.009000000000000001,-687.1539746120001,False
2026-04-28 23:54:48.236483+00:00,sell,76367.66,0.001,-0.001,0.007636766000000001,0.07865728525846412,76363.265,0.008,-610.7939513780001,False
2026-04-28 23:54:59.779262+00:00,buy,76359.90000000001,0.001,0.001,0.007635990000000001,0.07865728525867163,76364.295,0.009000000000000001,-687.1614873680002,False
2026-04-28 23:55:02.342709+00:00,sell,76357.38,0.001,-0.001,0.007635738000000001,0.07865728525846412,76352.985,0.008,-610.8117431060001,False
2026-04-28 23:55:07.469132+00:00,buy,76348.6,0.001,0.001,0.007634860000000001,0.07880001686026067,76352.985,0.009000000000000001,-687.1679779660002,False
2026-04-28 23:55:10.027768+00:00,buy,76353.76,0.001,0.001,0.007635376,0.07880001686026067,76358.14499999999,0.010000000000000002,-763.5293733420002,False
2026-04-28 23:55:21.641876+00:00,sell,76352.69,0.001,-0.001,0.007635269000000001,0.0788000168600528,76348.305,0.009000000000000001,-687.1843186110002,False
2026-04-28 23:55:45.991713+00:00,sell,76344.38,0.001,-0.001,0.007634438000000001,0.07865728525846412,76339.985,0.008,-610.8475730490002,False
2026-04-28 23:55:47.284693+00:00,sell,76344.38,0.001,-0.001,0.007634438000000001,0.07865728525846412,76339.985,0.007,-534.5108274870001,False
2026-04-28 23:55:48.579834+00:00,sell,76344.38,0.001,-0.001,0.007634438000000001,0.07865728525846412,76339.985,0.006,-458.17408192500017,False
2026-04-28 23:56:04.039295+00:00,buy,76335.59,0.001,0.001,0.007633559000000001,0.07865728525846412,76339.985,0.007,-534.5173054840002,False
2026-04-28 23:56:05.317235+00:00,buy,76335.59,0.001,0.001,0.007633559000000001,0.07865728525846412,76339.985,0.008,-610.8605290430003,False
2026-04-28 23:56:16.891985+00:00,buy,76342.09,0.001,0.001,0.007634209,0.07865728525846412,76346.485,0.009000000000000001,-687.2102532520003,False
2026-04-28 23:56:23.255590+00:00,buy,76342.09,0.001,0.001,0.007634209,0.07865728525846412,76346.485,0.010000000000000002,-763.5599774610002,False
2026-04-28 23:56:46.459051+00:00,sell,76345.41,0.001,-0.001,0.007634541000000001,0.07865728525846412,76341.015,0.009000000000000001,-687.2222020020002,False
2026-04-28 23:57:23.689423+00:00,sell,76346.89,0.001,-0.001,0.007634689000000001,0.07865728525846412,76342.495,0.008,-610.8829466910003,False
2026-04-28 23:57:53.103613+00:00,buy,76349.33,0.001,0.001,0.007634933000000001,0.07865728525846412,76353.725,0.009000000000000001,-687.2399116240002,False
2026-04-28 23:58:02.109988+00:00,buy,76349.33,0.001,0.001,0.007634933000000001,0.07865728525846412,76353.725,0.010000000000000002,-763.5968765570002,False
2026-04-28 23:59:26.898717+00:00,sell,76359.21,0.001,-0.001,0.007635921000000001,0.07880001686026067,76354.82500000001,0.009000000000000001,-687.2453024780002,False
2026-04-28 23:59:47.389996+00:00,sell,76349.11,0.001,-0.001,0.007634911,0.07880001686026067,76344.725,0.008,-610.9038273890002,False
2026-04-29 00:00:00.280482+00:00,sell,76347.17,0.001,-0.001,0.007634717,0.07865728525846412,76342.775,0.007,-534.5642921060002,False
2026-04-29 00:00:02.836371+00:00,buy,76331.02,0.001,0.001,0.007633102000000001,0.07851481218888125,76335.42499999999,0.008,-610.9029452080001,False
2026-04-29 00:00:26.030021+00:00,sell,76307.52,0.001,-0.001,0.007630752000000001,0.07880001686026067,76303.13500000001,0.007,-534.60305596,False
2026-04-29 00:00:55.527840+00:00,buy,76312.32,0.001,0.001,0.007631232000000002,0.07865728525867163,76316.715,0.008,-610.923007192,False
2026-04-29 00:01:22.476508+00:00,sell,76356.39,0.001,-0.001,0.0076356390000000005,0.07865728525846412,76351.995,0.007,-534.574252831,False
2026-04-29 00:01:58.424358+00:00,sell,76356.38,0.001,-0.001,0.007635638000000001,0.07865728525846412,76351.985,0.006,-458.225508469,False
2026-04-29 00:02:08.706260+00:00,buy,76347.59,0.001,0.001,0.0076347590000000005,0.07865728525846412,76351.985,0.007,-534.580733228,False
2026-04-29 00:02:30.538501+00:00,sell,76368.69,0.001,-0.001,0.007636869000000001,0.07865728525846412,76364.295,0.006,-458.219680097,False
2026-04-29 00:02:45.921514+00:00,sell,76368.69,0.001,-0.001,0.007636869000000001,0.07865728525846412,76364.295,0.005,-381.858626966,False
2026-04-29 00:02:47.190175+00:00,sell,76368.69,0.001,-0.001,0.007636869000000001,0.07865728525846412,76364.295,0.004,-305.49757383499997,False
2026-04-29 00:02:48.480272+00:00,buy,76359.90000000001,0.001,0.001,0.007635990000000001,0.07865728525867163,76364.295,0.005,-381.86510982499993,False
2026-04-29 00:02:51.053853+00:00,sell,76368.69,0.001,-0.001,0.007636869000000001,0.07865728525846412,76364.295,0.004,-305.5040566939999,False
2026-04-29 00:03:37.269774+00:00,sell,76363.3,0.001,-0.001,0.007636330000000001,0.07865728525846412,76358.905,0.003,-229.14839302399992,False
2026-04-29 00:03:38.552927+00:00,sell,76363.25,0.001,-0.001,0.007636325000000001,0.07865728525867163,76358.85500000001,0.002,-152.79277934899991,False
2026-04-29 00:03:48.865771+00:00,sell,76363.25,0.001,-0.001,0.007636325000000001,0.07865728525867163,76358.85500000001,0.001,-76.43716567399991,False
2026-04-29 00:03:50.206345+00:00,buy,76354.45,0.001,0.001,0.007635445,0.07851481218846697,76358.85500000001,0.002,-152.7992511189999,False
2026-04-29 00:03:55.402868+00:00,sell,76363.25,0.001,-0.001,0.007636325000000001,0.07865728525867163,76358.85500000001,0.001,-76.4436374439999,False
2026-04-29 00:04:04.418697+00:00,sell,76363.25,0.001,-0.001,0.007636325000000001,0.07865728525867163,76358.85500000001,0.0,-0.08802376899989639,False
2026-04-29 00:04:18.533501+00:00,buy,76380.88,0.001,0.001,0.007638088000000001,0.07865728525867163,76385.275,0.001,-76.47654185699989,False
2026-04-29 00:07:15.748834+00:00,sell,76343.89,0.001,-0.001,0.007634389000000001,0.07865728525846412,76339.495,0.0,-0.14028624599988535,False
2026-04-29 00:07:22.193187+00:00,sell,76331.21,0.001,-0.001,0.007633121000000001,0.07880001686026067,76326.82500000001,-0.001,76.18329063300013,False
2026-04-29 00:07:23.472751+00:00,sell,76331.21,0.001,-0.001,0.007633121000000001,0.07880001686026067,76326.82500000001,-0.002,152.50686751200013,False
2026-04-29 00:07:27.354594+00:00,sell,76327.39,0.001,-0.001,0.007632739,0.07880001686026067,76323.005,-0.003,228.82662477300013,False
2026-04-29 00:07:33.779948+00:00,sell,76327.39,0.001,-0.001,0.007632739,0.07880001686026067,76323.005,-0.004,305.14638203400017,False
2026-04-29 00:08:13.450948+00:00,buy,76345.6,0.001,0.001,0.007634560000000001,0.07865728525867163,76349.995,-0.003,228.79314747400016,False
2026-04-29 00:08:19.844478+00:00,sell,76350.53,0.001,-0.001,0.007635053,0.07851481218867412,76346.125,-0.004,305.1360424210002,False
2026-04-29 00:08:35.275270+00:00,buy,76349.71,0.001,0.001,0.007634971000000002,0.07865728525846412,76354.10500000001,-0.003,228.77869745000018,False
2026-04-29 00:08:37.855599+00:00,buy,76349.71,0.001,0.001,0.007634971000000002,0.07865728525846412,76354.10500000001,-0.002,152.4213524790002,False
2026-04-29 00:08:41.687874+00:00,buy,76349.71,0.001,0.001,0.007634971000000002,0.07865728525846412,76354.10500000001,-0.001,76.0640075080002,False
2026-04-29 00:08:46.805196+00:00,buy,76349.71,0.001,0.001,0.007634971000000002,0.07865728525846412,76354.10500000001,0.0,-0.2933374629997997,False
2026-04-29 00:08:55.846383+00:00,buy,76349.71,0.001,0.001,0.007634971000000002,0.07865728525846412,76354.10500000001,0.001,-76.6506824339998,False
2026-04-29 00:09:20.236136+00:00,sell,76353.40000000001,0.001,-0.001,0.007635340000000002,0.0788000168600528,76349.015,0.0,-0.304917773999797,False
2026-04-29 00:09:26.640260+00:00,sell,76353.41,0.001,-0.001,0.007635341000000001,0.07865728525846412,76349.015,-0.001,76.04085688500022,False
2026-04-29 00:09:36.929616+00:00,sell,76345.2,0.001,-0.001,0.0076345200000000005,0.07880001686026067,76340.815,-0.002,152.37842236500023,False
2026-04-29 00:09:39.486245+00:00,sell,76345.2,0.001,-0.001,0.0076345200000000005,0.07880001686026067,76340.815,-0.003,228.71598784500023,False
2026-04-29 00:10:12.932961+00:00,sell,76348.74,0.001,-0.001,0.0076348740000000016,0.07880001686026067,76344.35500000001,-0.004,305.0570929710002,False
2026-04-29 00:10:18.034326+00:00,sell,76335.88,0.001,-0.001,0.007633588000000001,0.0788000168600528,76331.495,-0.005,381.3853393830002,False
2026-04-29 00:10:24.451288+00:00,sell,76327.39,0.001,-0.001,0.007632739,0.07880001686026067,76323.005,-0.006,457.7050966440002,False
2026-04-29 00:11:00.410265+00:00,buy,76323.78,0.001,0.001,0.007632378,0.07865728525867163,76328.17499999999,-0.005,381.3736842660002,False
2026-04-29 00:11:24.714906+00:00,buy,76323.78,0.001,0.001,0.007632378,0.07865728525867163,76328.17499999999,-0.004,305.04227188800024,False
2026-04-29 00:11:42.728783+00:00,sell,76326.31,0.001,-0.001,0.007632631000000001,0.07865728525867163,76321.91500000001,-0.005,381.36094925700024,False
2026-04-29 00:12:03.296633+00:00,buy,76321.33,0.001,0.001,0.007632133000000001,0.07865728525846412,76325.725,-0.004,305.03198712400024,False
2026-04-29 00:12:05.882736+00:00,buy,76321.33,0.001,0.001,0.007632133000000001,0.07865728525846412,76325.725,-0.003,228.70302499100026,False
2026-04-29 00:12:50.083701+00:00,buy,76330.04000000001,0.001,0.001,0.007633004000000001,0.07865728525867163,76334.435,-0.002,152.36535198700022,False
2026-04-29 00:12:59.078526+00:00,buy,76333.25,0.001,0.001,0.007633325000000001,0.0788000168600528,76337.63500000001,-0.001,76.02446866200022,False
2026-04-29 00:13:38.858262+00:00,sell,76350.88,0.001,-0.001,0.007635088000000001,0.07865728525846412,76346.485,-0.002,152.36771357400022,False
2026-04-29 00:13:45.297600+00:00,sell,76345.37,0.001,-0.001,0.007634537,0.07880001686026067,76340.985,-0.003,228.70544903700022,False
2026-04-29 00:13:49.125067+00:00,sell,76345.37,0.001,-0.001,0.007634537,0.07880001686026067,76340.985,-0.004,305.0431845000002,False
2026-04-29 00:13:52.974984+00:00,sell,76345.38,0.001,-0.001,0.0076345380000000015,0.07865728525846412,76340.985,-0.005,381.38092996200027,False
2026-04-29 00:14:03.341710+00:00,sell,76345.38,0.001,-0.001,0.0076345380000000015,0.07865728525846412,76340.985,-0.006,457.7186754240003,False
2026-04-29 00:14:32.853917+00:00,sell,76330.64,0.001,-0.001,0.007633064000000001,0.07880001686026067,76326.255,-0.007,534.0416823600003,False
2026-04-29 00:14:35.419747+00:00,sell,76330.64,0.001,-0.001,0.007633064000000001,0.07880001686026067,76326.255,-0.008,610.3646892960004,False
2026-04-29 00:14:57.286996+00:00,buy,76343.88,0.001,0.001,0.0076343880000000015,0.07865728525867163,76348.275,-0.007,534.0131749080003,False
2026-04-29 00:15:15.221883+00:00,buy,76328.01,0.001,0.001,0.007632801,0.07865728525846412,76332.405,-0.006,457.67753210700033,False
2026-04-29 00:15:31.904491+00:00,sell,76325.52,0.001,-0.001,0.007632552000000001,0.07865728525846412,76321.125,-0.007,533.9954195550004,False
2026-04-29 00:15:43.503312+00:00,buy,76316.47,0.001,0.001,0.007631647000000001,0.0788000168600528,76320.85500000001,-0.006,457.6713179080004,False
2026-04-29 00:15:48.634611+00:00,sell,76325.24,0.001,-0.001,0.007632524000000001,0.07880001686026067,76320.85500000001,-0.007,533.9889253840004,False
2026-04-29 00:17:02.118753+00:00,buy,76324.79000000001,0.001,0.001,0.007632479000000002,0.07851481218867412,76329.195,-0.006,457.65650290500037,False
2026-04-29 00:17:04.696814+00:00,sell,76333.59,0.001,-0.001,0.007633359,0.07865728525867163,76329.195,-0.007,533.9824595460003,False
2026-04-29 00:17:05.982987+00:00,buy,76324.8,0.001,0.001,0.007632480000000001,0.07865728525846412,76329.195,-0.006,457.65002706600035,False
2026-04-29 00:17:07.242960+00:00,buy,76324.8,0.001,0.001,0.007632480000000001,0.07865728525846412,76329.195,-0.005,381.3175945860004,False
2026-04-29 00:17:11.115841+00:00,buy,76324.8,0.001,0.001,0.007632480000000001,0.07865728525846412,76329.195,-0.004,304.9851621060004,False
2026-04-29 00:17:14.982217+00:00,buy,76324.8,0.001,0.001,0.007632480000000001,0.07865728525846412,76329.195,-0.003,228.6527296260004,False
2026-04-29 00:17:31.667296+00:00,sell,76333.58,0.001,-0.001,0.007633358000000001,0.07880001686026067,76329.195,-0.004,304.97867626800036,False
2026-04-29 00:17:35.546359+00:00,buy,76324.79000000001,0.001,0.001,0.007632479000000002,0.07851481218867412,76329.195,-0.003,228.64625378900035,False
2026-04-29 00:17:45.889139+00:00,sell,76327.40000000001,0.001,-0.001,0.007632740000000002,0.0788000168600528,76323.015,-0.004,304.96602104900035,False
2026-04-29 00:17:57.404138+00:00,sell,76327.40000000001,0.001,-0.001,0.007632740000000002,0.0788000168600528,76323.015,-0.005,381.28578830900034,False
2026-04-29 00:18:01.249441+00:00,sell,76327.04000000001,0.001,-0.001,0.0076327040000000014,0.0788000168600528,76322.655,-0.006,457.60519560500035,False
2026-04-29 00:18:08.952730+00:00,sell,76319.98,0.001,-0.001,0.007631998,0.07880001686026067,76315.595,-0.007,533.9175436070004,False
2026-04-29 00:18:19.207193+00:00,sell,76304.40000000001,0.001,-0.001,0.007630440000000001,0.07865728525846412,76300.005,-0.008,610.2143131670005,False
2026-04-29 00:18:55.141290+00:00,buy,76273.62,0.001,0.001,0.007627362,0.0788000168600528,76278.005,-0.007,533.9330658050005,False
2026-04-29 00:19:16.909310+00:00,buy,76286.61,0.001,0.001,0.007628661000000001,0.07880001686026067,76290.995,-0.006,457.6388271440005,False
2026-04-29 00:19:23.293407+00:00,buy,76286.6,0.001,0.001,0.0076286600000000015,0.07865728525867163,76290.995,-0.005,381.34459848400047,False
2026-04-29 00:19:25.859949+00:00,sell,76295.39,0.001,-0.001,0.007629539,0.07865728525846412,76290.995,-0.006,457.6323589450005,False
2026-04-29 00:19:30.996937+00:00,sell,76295.39,0.001,-0.001,0.007629539,0.07865728525846412,76290.995,-0.007,533.9201194060005,False
2026-04-29 00:19:36.142927+00:00,buy,76286.6,0.001,0.001,0.0076286600000000015,0.07865728525867163,76290.995,-0.006,457.62589074600044,False
2026-04-29 00:19:42.565795+00:00,sell,76295.39,0.001,-0.001,0.007629539,0.07865728525846412,76290.995,-0.007,533.9136512070004,False
2026-04-29 00:19:50.324436+00:00,buy,76293.43000000001,0.001,0.001,0.007629343000000001,0.07880001686026067,76297.815,-0.006,457.61259186400036,False
2026-04-29 00:22:09.571769+00:00,buy,76308.2,0.001,0.001,0.00763082,0.07880001686026067,76312.58499999999,-0.005,381.2967610440004,False
2026-04-29 00:22:35.245038+00:00,buy,76311.26,0.001,0.001,0.007631126,0.07880001686026067,76315.64499999999,-0.004,304.9778699180004,False
2026-04-29 00:22:55.837949+00:00,sell,76315.23,0.001,-0.001,0.007631523,0.07880001686026067,76310.845,-0.005,381.2854683950004,False
2026-04-29 00:23:15.515952+00:00,buy,76306.45,0.001,0.001,0.007630645,0.07865728525846412,76310.845,-0.004,304.9713877500004,False
2026-04-29 00:23:16.796420+00:00,sell,76315.24,0.001,-0.001,0.0076315240000000015,0.07865728525846412,76310.845,-0.005,381.27899622600046,False
2026-04-29 00:23:19.381922+00:00,sell,76315.25,0.001,-0.001,0.007631525000000001,0.07851481218867412,76310.845,-0.006,457.5866147010004,False
2026-04-29 00:23:29.629839+00:00,buy,76311.25,0.001,0.001,0.007631125000000001,0.07865728525867163,76315.64499999999,-0.005,381.2677335760004,False
2026-04-29 00:23:50.226590+00:00,buy,76311.25,0.001,0.001,0.007631125000000001,0.07865728525867163,76315.64499999999,-0.004,304.94885245100045,False
2026-04-29 00:23:57.880182+00:00,sell,76320.04000000001,0.001,-0.001,0.007632004000000001,0.07865728525825662,76315.64499999999,-0.005,381.26126044700044,False
2026-04-29 00:24:29.955730+00:00,buy,76311.25,0.001,0.001,0.007631125000000001,0.07865728525867163,76315.64499999999,-0.004,304.9423793220004,False
2026-04-29 00:24:33.830454+00:00,buy,76311.25,0.001,0.001,0.007631125000000001,0.07865728525867163,76315.64499999999,-0.003,228.62349819700043,False
2026-04-29 00:25:08.481197+00:00,buy,76326.91,0.001,0.001,0.007632691000000001,0.07865728525867163,76331.305,-0.002,152.28895550600043,False
2026-04-29 00:25:09.776584+00:00,buy,76326.91,0.001,0.001,0.007632691000000001,0.07865728525867163,76331.305,-0.001,75.95441281500044,False
2026-04-29 00:25:17.443658+00:00,sell,76335.7,0.001,-0.001,0.00763357,0.07865728525846412,76331.305,-0.002,152.28247924500045,False
2026-04-29 00:25:28.955047+00:00,buy,76326.91,0.001,0.001,0.007632691000000001,0.07865728525867163,76331.305,-0.001,75.94793655400045,False
2026-04-29 00:25:44.391123+00:00,sell,76327.07,0.001,-0.001,0.007632707000000002,0.0788000168600528,76322.685,-0.002,152.26737384700047,False
2026-04-29 00:26:06.340089+00:00,sell,76326.28,0.001,-0.001,0.007632628000000001,0.07851481218867412,76321.875,-0.003,228.58602121900046,False
2026-04-29 00:26:07.624662+00:00,sell,76326.27,0.001,-0.001,0.007632627000000001,0.07865728525846412,76321.875,-0.004,304.90465859200043,False
2026-04-29 00:26:12.732824+00:00,sell,76326.27,0.001,-0.001,0.007632627000000001,0.07865728525846412,76321.875,-0.005,381.22329596500043,False
2026-04-29 00:26:43.726006+00:00,sell,76319.55,0.001,-0.001,0.007631955000000001,0.07865728525846412,76315.155,-0.006,457.5352140100004,False
2026-04-29 00:26:45.024594+00:00,buy,76310.76,0.001,0.001,0.0076310760000000005,0.07865728525846412,76315.155,-0.005,381.2168229340004,False
2026-04-29 00:27:03.070764+00:00,sell,76315.08,0.001,-0.001,0.007631508000000001,0.07880001686026067,76310.695,-0.006,457.52427142600044,False
2026-04-29 00:27:05.634138+00:00,sell,76315.08,0.001,-0.001,0.007631508000000001,0.07880001686026067,76310.695,-0.007,533.8317199180004,False
2026-04-29 00:27:10.775169+00:00,sell,76314.08,0.001,-0.001,0.007631408000000001,0.07880001686026067,76309.695,-0.008,610.1381685100005,False
2026-04-29 00:27:15.939137+00:00,buy,76307.71,0.001,0.001,0.0076307710000000015,0.07865728525846412,76312.10500000001,-0.007,533.8228277390004,False
2026-04-29 00:27:17.237091+00:00,buy,76307.71,0.001,0.001,0.0076307710000000015,0.07865728525846412,76312.10500000001,-0.006,457.5074869680004,False
2026-04-29 00:27:31.358030+00:00,buy,76307.71,0.001,0.001,0.0076307710000000015,0.07865728525846412,76312.10500000001,-0.005,381.1921461970004,False
2026-04-29 00:27:59.701978+00:00,buy,76321.98,0.001,0.001,0.007632198000000001,0.07865728525846412,76326.375,-0.004,304.8625339990004,False
2026-04-29 00:28:00.991795+00:00,buy,76321.98,0.001,0.001,0.007632198000000001,0.07865728525846412,76326.375,-0.003,228.53292180100038,False
2026-04-29 00:28:03.567088+00:00,sell,76330.77,0.001,-0.001,0.007633077000000001,0.07865728525846412,76326.375,-0.004,304.85605872400043,False
2026-04-29 00:28:04.843031+00:00,sell,76330.77,0.001,-0.001,0.007633077000000001,0.07865728525846412,76326.375,-0.005,381.1791956470004,False
2026-04-29 00:28:07.384485+00:00,sell,76330.77,0.001,-0.001,0.007633077000000001,0.07865728525846412,76326.375,-0.006,457.5023325700004,False
2026-04-29 00:28:31.634611+00:00,sell,76330.77,0.001,-0.001,0.007633077000000001,0.07865728525846412,76326.375,-0.007,533.8254694930004,False
2026-04-29 00:28:44.466519+00:00,sell,76330.76,0.001,-0.001,0.007633076,0.07880001686026067,76326.375,-0.008,610.1485964170004,False
2026-04-29 00:29:06.315489+00:00,buy,76320.11,0.001,0.001,0.007632011000000001,0.07865728525846412,76324.505,-0.007,533.8208544060003,False
2026-04-29 00:29:24.314180+00:00,sell,76328.90000000001,0.001,-0.001,0.0076328900000000015,0.07865728525846412,76324.505,-0.008,610.1421215160003,False
2026-04-29 00:29:37.199485+00:00,buy,76320.1,0.001,0.001,0.007632010000000002,0.07851481218867412,76324.505,-0.007,533.8143895060003,False
2026-04-29 00:29:42.365480+00:00,buy,76320.11,0.001,0.001,0.007632011000000001,0.07865728525846412,76324.505,-0.006,457.48664749500034,False
2026-04-29 00:29:44.914756+00:00,sell,76328.90000000001,0.001,-0.001,0.0076328900000000015,0.07865728525846412,76324.505,-0.007,533.8079146050004,False
2026-04-29 00:30:13.235788+00:00,buy,76329.96,0.001,0.001,0.007632996000000001,0.07865728525846412,76334.35500000001,-0.006,457.4703216090004,False
2026-04-29 00:30:19.651536+00:00,sell,76338.74,0.001,-0.001,0.007633874000000001,0.07880001686026067,76334.35500000001,-0.007,533.8014277350004,False
2026-04-29 00:30:33.729523+00:00,buy,76329.96,0.001,0.001,0.007632996000000001,0.07865728525846412,76334.35500000001,-0.006,457.4638347390004,False
2026-04-29 00:30:36.294674+00:00,buy,76329.96,0.001,0.001,0.007632996000000001,0.07865728525846412,76334.35500000001,-0.005,381.1262417430004,False
2026-04-29 00:30:45.275575+00:00,buy,76333.25,0.001,0.001,0.007633325000000001,0.0788000168600528,76337.63500000001,-0.004,304.7853584180004,False
2026-04-29 00:30:50.482756+00:00,buy,76333.85,0.001,0.001,0.007633385000000001,0.07880001686026067,76338.235,-0.003,228.44387503300038,False
2026-04-29 00:31:03.325389+00:00,buy,76341.05,0.001,0.001,0.007634105000000001,0.07865728525846412,76345.445,-0.002,152.0951909280004,False
2026-04-29 00:31:05.889359+00:00,buy,76341.05,0.001,0.001,0.007634105000000001,0.07865728525846412,76345.445,-0.001,75.74650682300039,False
2026-04-29 00:31:08.459317+00:00,buy,76341.05,0.001,0.001,0.007634105000000001,0.07865728525846412,76345.445,0.0,-0.6021772819996218,False
2026-04-29 00:31:34.141954+00:00,buy,76341.92,0.001,0.001,0.007634192000000001,0.07865728525846412,76346.315,0.001,-76.95173147399962,False
2026-04-29 00:32:52.355776+00:00,sell,76338.54000000001,0.001,-0.001,0.0076338540000000015,0.0788000168600528,76334.155,0.0,-0.6208253279996063,False
2026-04-29 00:33:30.836711+00:00,sell,76335.71,0.001,-0.001,0.007633571000000001,0.07880001686026067,76331.32500000001,-0.001,75.7072511010004,False
2026-04-29 00:33:55.170338+00:00,sell,76328.49,0.001,-0.001,0.0076328490000000014,0.07880001686026067,76324.10500000001,-0.002,152.02810825200038,False
2026-04-29 00:34:10.541428+00:00,sell,76312.81,0.001,-0.001,0.007631281,0.0788000168600528,76308.42499999999,-0.003,228.3332869710004,False
2026-04-29 00:34:32.433143+00:00,buy,76304.04000000001,0.001,0.001,0.007630404000000001,0.07880001686046857,76308.42499999999,-0.002,152.0216165670004,False
2026-04-29 00:34:42.727675+00:00,sell,76312.82,0.001,-0.001,0.007631282000000001,0.07865728525825662,76308.42499999999,-0.003,228.3268052850004,False
2026-04-29 00:34:53.033035+00:00,sell,76312.81,0.001,-0.001,0.007631281,0.0788000168600528,76308.42499999999,-0.004,304.6319840040004,False
2026-04-29 00:35:16.229798+00:00,sell,76309.13,0.001,-0.001,0.007630913000000001,0.07865728525846412,76304.735,-0.005,380.93348309100037,False
2026-04-29 00:35:30.412886+00:00,sell,76309.12,0.001,-0.001,0.007630912,0.07880001686026067,76304.735,-0.006,457.23497217900035,False
2026-04-29 00:35:40.655682+00:00,sell,76309.12,0.001,-0.001,0.007630912,0.07880001686026067,76304.735,-0.007,533.5364612670004,False
2026-04-29 00:35:44.513137+00:00,sell,76293.38,0.001,-0.001,0.007629338000000001,0.07865728525846412,76288.985,-0.008,609.8222119290003,False
2026-04-29 00:35:45.819602+00:00,sell,76293.38,0.001,-0.001,0.007629338000000001,0.07865728525846412,76288.985,-0.009000000000000001,686.1079625910004,False
2026-04-29 00:35:53.485403+00:00,sell,76293.38,0.001,-0.001,0.007629338000000001,0.07865728525846412,76288.985,-0.010000000000000002,762.3937132530004,False
2026-04-29 00:36:15.328455+00:00,buy,76302.36,0.001,0.001,0.007630236,0.07880001686026067,76306.745,-0.009000000000000001,686.0837230170005,False
2026-04-29 00:36:25.562413+00:00,buy,76302.36,0.001,0.001,0.007630236,0.07880001686026067,76306.745,-0.008,609.7737327810005,False
2026-04-29 00:36:53.893794+00:00,buy,76304.04000000001,0.001,0.001,0.007630404000000001,0.07880001686046857,76308.42499999999,-0.007,533.4620623770005,False
2026-04-29 00:36:56.461225+00:00,sell,76312.82,0.001,-0.001,0.007631282000000001,0.07865728525825662,76308.42499999999,-0.008,609.7672510950005,False
2026-04-29 00:37:01.609580+00:00,buy,76304.03,0.001,0.001,0.007630403000000001,0.07865728525867163,76308.42499999999,-0.007,533.4555906920004,False
2026-04-29 00:37:06.828073+00:00,buy,76304.03,0.001,0.001,0.007630403000000001,0.07865728525867163,76308.42499999999,-0.006,457.1439302890004,False
2026-04-29 00:37:28.557468+00:00,sell,76314.40000000001,0.001,-0.001,0.0076314400000000015,0.07851481218846697,76309.995,-0.007,533.4506988490004,False
2026-04-29 00:37:36.236947+00:00,buy,76305.6,0.001,0.001,0.0076305600000000015,0.07865728525867163,76309.995,-0.006,457.1374682890004,False
2026-04-29 00:37:40.089535+00:00,buy,76305.6,0.001,0.001,0.0076305600000000015,0.07865728525867163,76309.995,-0.005,380.8242377290004,False
2026-04-29 00:37:43.984346+00:00,buy,76305.6,0.001,0.001,0.0076305600000000015,0.07865728525867163,76309.995,-0.004,304.5110071690004,False
2026-04-29 00:37:59.384262+00:00,buy,76305.6,0.001,0.001,0.0076305600000000015,0.07865728525867163,76309.995,-0.003,228.19777660900036,False
2026-04-29 00:38:14.749326+00:00,sell,76314.39,0.001,-0.001,0.007631439,0.07865728525846412,76309.995,-0.004,304.50453517000034,False
2026-04-29 00:38:36.611350+00:00,buy,76311.27,0.001,0.001,0.0076311270000000014,0.07880001686026067,76315.655,-0.003,228.18563404300033,False
2026-04-29 00:38:39.171255+00:00,buy,76318.88,0.001,0.001,0.007631888000000001,0.07865728525867163,76323.275,-0.002,151.85912215500034,False
2026-04-29 00:39:35.693636+00:00,buy,76326.51,0.001,0.001,0.007632651,0.07880001686026067,76330.89499999999,-0.001,75.52497950400034,False
2026-04-29 00:39:43.333758+00:00,buy,76326.51,0.001,0.001,0.007632651,0.07880001686026067,76330.89499999999,0.0,-0.809163146999657,False
2026-04-29 00:40:25.688206+00:00,buy,76358.22,0.001,0.001,0.0076358220000000004,0.0788000168600528,76362.60500000001,0.001,-77.17501896899965,False
2026-04-29 00:40:57.757748+00:00,buy,76386.02,0.001,0.001,0.007638602000000001,0.07880001686026067,76390.405,0.002,-153.56867757099963,False
2026-04-29 00:41:37.571797+00:00,sell,76423.53,0.001,-0.001,0.007642353,0.0788000168600528,76419.14499999999,0.001,-77.15278992399962,False
2026-04-29 00:41:42.685866+00:00,sell,76423.52,0.001,-0.001,0.007642352000000001,0.07865728525846412,76419.125,0.0,-0.7369122759996096,False
2026-04-29 00:41:47.880379+00:00,buy,76414.73,0.001,0.001,0.007641473,0.07865728525846412,76419.125,0.001,-77.15928374899961,False
2026-04-29 00:41:51.749519+00:00,sell,76423.52,0.001,-0.001,0.007642352000000001,0.07865728525846412,76419.125,0.0,-0.7434061009996022,False
2026-04-29 00:41:55.609958+00:00,sell,76423.52,0.001,-0.001,0.007642352000000001,0.07865728525846412,76419.125,-0.001,75.6724715470004,False
2026-04-29 00:41:56.899304+00:00,buy,76414.73,0.001,0.001,0.007641473,0.07865728525846412,76419.125,0.0,-0.749899925999593,False
2026-04-29 00:42:03.280110+00:00,sell,76423.52,0.001,-0.001,0.007642352000000001,0.07865728525846412,76419.125,-0.001,75.6659777220004,False
2026-04-29 00:42:11.028446+00:00,sell,76423.52,0.001,-0.001,0.007642352000000001,0.07865728525846412,76419.125,-0.002,152.08185537000043,False
2026-04-29 00:42:16.174932+00:00,buy,76414.73,0.001,0.001,0.007641473,0.07865728525846412,76419.125,-0.001,75.65948389700043,False
2026-04-29 00:42:25.139835+00:00,sell,76415.09,0.001,-0.001,0.007641509,0.07865728525867163,76410.695,-0.002,152.06693238800042,False
2026-04-29 00:42:34.121865+00:00,sell,76392.18000000001,0.001,-0.001,0.0076392180000000014,0.0788000168600528,76387.795,-0.003,228.45147317000044,False
2026-04-29 00:42:53.493703+00:00,buy,76386.02,0.001,0.001,0.007638602000000001,0.07865728525846412,76390.41500000001,-0.002,152.05781456800045,False
2026-04-29 00:42:54.782543+00:00,buy,76386.02,0.001,0.001,0.007638602000000001,0.07865728525846412,76390.41500000001,-0.001,75.66415596600045,False
2026-04-29 00:43:07.620735+00:00,buy,76386.02,0.001,0.001,0.007638602000000001,0.07865728525846412,76390.41500000001,0.0,-0.7295026359995517,False
2026-04-29 00:43:55.057116+00:00,buy,76362.78,0.001,0.001,0.007636278000000001,0.0788000168600528,76367.16500000001,0.001,-77.09991891399956,False
2026-04-29 00:44:01.486107+00:00,buy,76369.18000000001,0.001,0.001,0.007636918000000001,0.07880001686026067,76373.565,0.002,-153.47673583199958,False
2026-04-29 00:44:05.297791+00:00,buy,76380.14,0.001,0.001,0.007638014,0.07880001686026067,76384.525,0.003,-229.86451384599957,False
2026-04-29 00:44:29.743275+00:00,buy,76388.44,0.001,0.001,0.0076388440000000005,0.0788000168600528,76392.82500000001,0.004,-306.26059268999956,False
2026-04-29 00:44:47.803536+00:00,sell,76404.85,0.001,-0.001,0.0076404850000000015,0.07865728525846412,76400.455,0.003,-229.86338317499954,False
2026-04-29 00:44:51.654850+00:00,sell,76404.85,0.001,-0.001,0.0076404850000000015,0.07865728525846412,76400.455,0.002,-153.46617365999953,False
2026-04-29 00:44:52.951364+00:00,buy,76396.06,0.001,0.001,0.007639606,0.07865728525846412,76400.455,0.003,-229.86987326599953,False
2026-04-29 00:44:52.951364+00:00,sell,76404.85,0.001,-0.001,0.0076404850000000015,0.07865728525846412,76400.455,0.002,-153.47266375099952,False
2026-04-29 00:44:54.221403+00:00,sell,76404.85,0.001,-0.001,0.0076404850000000015,0.07865728525846412,76400.455,0.001,-77.0754542359995,False
2026-04-29 00:44:58.126758+00:00,sell,76404.85,0.001,-0.001,0.0076404850000000015,0.07865728525846412,76400.455,0.0,-0.6782447209994911,False
2026-04-29 00:45:03.283859+00:00,buy,76414.65000000001,0.001,0.001,0.007641465000000002,0.07865728525867163,76419.045,0.001,-77.1005361859995,False
2026-04-29 00:45:14.862285+00:00,buy,76414.65000000001,0.001,0.001,0.007641465000000002,0.07865728525867163,76419.045,0.002,-153.52282765099952,False
2026-04-29 00:45:27.687367+00:00,buy,76401.76,0.001,0.001,0.007640176,0.07865728525846412,76406.155,0.003,-229.9322278269995,False
2026-04-29 00:45:28.977888+00:00,buy,76401.76,0.001,0.001,0.007640176,0.07865728525846412,76406.155,0.004,-306.3416280029995,False
2026-04-29 00:45:50.817258+00:00,buy,76405.21,0.001,0.001,0.007640521000000002,0.07865728525846412,76409.60500000001,0.005,-382.7544785239995,False
2026-04-29 00:45:57.214381+00:00,buy,76405.22,0.001,0.001,0.007640522000000001,0.0788000168600528,76409.60500000001,0.006,-459.1673390459995,False
2026-04-29 00:46:19.072987+00:00,buy,76404.63,0.001,0.001,0.007640463000000001,0.07865728525867163,76409.025,0.007,-535.5796095089995,False
2026-04-29 00:46:22.917669+00:00,buy,76404.63,0.001,0.001,0.007640463000000001,0.07865728525867163,76409.025,0.008,-611.9918799719995,False
2026-04-29 00:46:28.026901+00:00,buy,76404.63,0.001,0.001,0.007640463000000001,0.07865728525867163,76409.025,0.009000000000000001,-688.4041504349996,False
2026-04-29 00:46:44.721727+00:00,buy,76404.63,0.001,0.001,0.007640463000000001,0.07865728525867163,76409.025,0.010000000000000002,-764.8164208979996,False
2026-04-29 00:48:48.077117+00:00,sell,76439.39,0.001,-0.001,0.007643939000000001,0.07865728525846412,76434.995,0.009000000000000001,-688.3846748369996,False
2026-04-29 00:49:02.242556+00:00,buy,76430.61,0.001,0.001,0.0076430610000000005,0.07880001686026067,76434.995,0.010000000000000002,-764.8229278979995,False
2026-04-29 00:49:07.392287+00:00,sell,76439.38,0.001,-0.001,0.007643938000000001,0.0788000168600528,76434.995,0.009000000000000001,-688.3911918359995,False
2026-04-29 00:49:12.508747+00:00,sell,76439.38,0.001,-0.001,0.007643938000000001,0.0788000168600528,76434.995,0.008,-611.9594557739995,False
2026-04-29 00:49:25.311192+00:00,buy,76430.6,0.001,0.001,0.007643060000000001,0.07865728525867163,76434.995,0.009000000000000001,-688.3976988339995,False
2026-04-29 00:49:25.311192+00:00,sell,76439.39,0.001,-0.001,0.007643939000000001,0.07865728525846412,76434.995,0.008,-611.9659527729995,False
2026-04-29 00:49:29.174702+00:00,buy,76430.6,0.001,0.001,0.007643060000000001,0.07865728525867163,76434.995,0.009000000000000001,-688.4041958329994,False
2026-04-29 00:49:31.742584+00:00,buy,76430.6,0.001,0.001,0.007643060000000001,0.07865728525867163,76434.995,0.010000000000000002,-764.8424388929994,False
2026-04-29 00:50:11.597090+00:00,sell,76395.54000000001,0.001,-0.001,0.0076395540000000015,0.0788000168600528,76391.155,0.009000000000000001,-688.4545384469994,False
2026-04-29 00:50:25.673880+00:00,buy,76427.34,0.001,0.001,0.007642734,0.0788000168600528,76431.725,0.010000000000000002,-764.8895211809994,False
2026-04-29 00:53:04.955878+00:00,sell,76439.75,0.001,-0.001,0.007643975000000001,0.0788000168600528,76435.36499999999,0.009000000000000001,-688.4574151559993,False
2026-04-29 00:53:06.255019+00:00,sell,76439.76,0.001,-0.001,0.007643976,0.07865728525846412,76435.36499999999,0.008,-612.0252991319994,False
2026-04-29 00:53:47.361738+00:00,sell,76453.62,0.001,-0.001,0.007645362,0.07865728525867163,76449.225,0.007,-535.5793244939994,False
2026-04-29 00:53:57.665043+00:00,buy,76444.83,0.001,0.001,0.0076444830000000005,0.07865728525846412,76449.225,0.008,-612.0317989769994,False
2026-04-29 00:57:08.118080+00:00,sell,76516.81,0.001,-0.001,0.0076516810000000005,0.07865728525867163,76512.41500000001,0.007,-535.5226406579994,False
2026-04-29 00:57:36.334420+00:00,buy,76495.78,0.001,0.001,0.007649578000000001,0.07865728525867163,76500.17499999999,0.008,-612.0260702359994,False
2026-04-29 00:57:40.186821+00:00,buy,76495.78,0.001,0.001,0.007649578000000001,0.07865728525867163,76500.17499999999,0.009000000000000001,-688.5294998139995,False
2026-04-29 00:57:44.043834+00:00,buy,76495.79000000001,0.001,0.001,0.007649579000000002,0.07880001686046857,76500.17499999999,0.010000000000000002,-765.0329393929995,False
2026-04-29 01:02:50.287273+00:00,sell,76509.66,0.001,-0.001,0.007650966000000001,0.07865728525846412,76505.265,0.009000000000000001,-688.5309303589995,False
2026-04-29 01:03:10.737062+00:00,buy,76519.77,0.001,0.001,0.007651977000000001,0.07880001686026067,76524.155,0.010000000000000002,-765.0583523359995,False
2026-04-29 01:04:01.968607+00:00,sell,76521.16,0.001,-0.001,0.007652116000000001,0.0788000168600528,76516.775,0.009000000000000001,-688.5448444519996,False
2026-04-29 01:04:10.950926+00:00,sell,76500.65000000001,0.001,-0.001,0.007650065000000002,0.0788000168600528,76496.265,0.008,-612.0518445169996,False
2026-04-29 01:04:12.249719+00:00,sell,76500.65000000001,0.001,-0.001,0.007650065000000002,0.0788000168600528,76496.265,0.007,-535.5588445819997,False
2026-04-29 01:04:19.917140+00:00,sell,76496.2,0.001,-0.001,0.00764962,0.07880001686026067,76491.815,0.006,-459.0702942019997,False
2026-04-29 01:07:32.524116+00:00,sell,76480.89,0.001,-0.001,0.007648089,0.07865728525846412,76476.495,0.005,-382.59705229099967,False
2026-04-29 01:07:44.039774+00:00,sell,76460.11,0.001,-0.001,0.007646011,0.07880001686026067,76455.725,0.004,-306.1445883019997,False
2026-04-29 01:11:01.515685+00:00,buy,76405.85,0.001,0.001,0.007640585000000001,0.07865728525867163,76410.245,0.005,-382.5580788869997,False
2026-04-29 01:11:06.613503+00:00,buy,76406.53,0.001,0.001,0.007640653000000001,0.07865728525867163,76410.92499999999,0.006,-458.9722495399997,False
2026-04-29 01:11:10.446486+00:00,sell,76415.33,0.001,-0.001,0.007641533000000001,0.07851481218846697,76410.92499999999,0.005,-382.56456107299977,False
2026-04-29 01:11:20.713444+00:00,sell,76415.31,0.001,-0.001,0.007641531,0.0788000168600528,76410.92499999999,0.004,-306.1568926039997,False
2026-04-29 01:11:33.575508+00:00,sell,76407.66,0.001,-0.001,0.007640766000000001,0.0788000168600528,76403.275,0.003,-229.7568733699997,False
2026-04-29 01:11:45.196338+00:00,buy,76398.87,0.001,0.001,0.007639887000000001,0.07851481218867412,76403.275,0.004,-306.1633832569997,False
2026-04-29 01:12:07.089569+00:00,sell,76377.83,0.001,-0.001,0.007637783,0.07880001686026067,76373.445,0.003,-229.79319103999967,False
2026-04-29 01:12:26.411037+00:00,buy,76355.27,0.001,0.001,0.007635527000000001,0.07865728525846412,76359.66500000001,0.004,-306.1560965669997,False
2026-04-29 01:12:27.677666+00:00,buy,76355.27,0.001,0.001,0.007635527000000001,0.07865728525846412,76359.66500000001,0.005,-382.5190020939997,False
2026-04-29 01:12:31.530672+00:00,sell,76364.06,0.001,-0.001,0.007636406,0.07865728525867163,76359.66500000001,0.004,-306.1625784999997,False
2026-04-29 01:13:10.217360+00:00,buy,76355.27,0.001,0.001,0.007635527000000001,0.07865728525846412,76359.66500000001,0.005,-382.5254840269997,False
2026-04-29 01:13:19.277833+00:00,sell,76364.07,0.001,-0.001,0.007636407000000001,0.07851481218867412,76359.66500000001,0.004,-306.1690504339997,False
2026-04-29 01:13:34.673133+00:00,buy,76355.27,0.001,0.001,0.007635527000000001,0.07865728525846412,76359.66500000001,0.005,-382.5319559609997,False
2026-04-29 01:13:47.636362+00:00,buy,76355.27,0.001,0.001,0.007635527000000001,0.07865728525846412,76359.66500000001,0.006,-458.8948614879997,False
2026-04-29 01:13:50.206522+00:00,buy,76355.27,0.001,0.001,0.007635527000000001,0.07865728525846412,76359.66500000001,0.007,-535.2577670149998,False
2026-04-29 01:14:01.771692+00:00,buy,76370.27,0.001,0.001,0.007637027000000001,0.07880001686026067,76374.655,0.008,-611.6356740419998,False
2026-04-29 01:14:14.591505+00:00,sell,76368.79000000001,0.001,-0.001,0.007636879000000002,0.0788000168600528,76364.405,0.007,-535.2745209209997,False
2026-04-29 01:14:28.768518+00:00,buy,76355.27,0.001,0.001,0.007635527000000001,0.07865728525846412,76359.66500000001,0.008,-611.6374264479998,False
2026-04-29 01:15:11.137568+00:00,buy,76355.27,0.001,0.001,0.007635527000000001,0.07865728525846412,76359.66500000001,0.009000000000000001,-688.0003319749999,False
2026-04-29 01:15:26.486178+00:00,sell,76389.44,0.001,-0.001,0.007638944000000001,0.07865728525846412,76385.045,0.008,-611.6185309189998,False
2026-04-29 01:16:16.630392+00:00,buy,76395.18000000001,0.001,0.001,0.007639518000000001,0.07865728525846412,76399.57500000001,0.009000000000000001,-688.0213504369998,False
2026-04-29 01:16:21.766281+00:00,sell,76403.98,0.001,-0.001,0.0076403980000000005,0.07851481218888125,76399.57500000001,0.008,-611.6250108349998,False
2026-04-29 01:16:24.335248+00:00,sell,76403.98,0.001,-0.001,0.0076403980000000005,0.07851481218888125,76399.57500000001,0.007,-535.2286712329998,False
2026-04-29 01:16:30.799054+00:00,sell,76403.97,0.001,-0.001,0.007640397000000001,0.07865728525867163,76399.57500000001,0.006,-458.83234162999975,False
2026-04-29 01:16:32.083270+00:00,sell,76403.97,0.001,-0.001,0.007640397000000001,0.07865728525867163,76399.57500000001,0.005,-382.4360120269997,False
2026-04-29 01:16:38.481600+00:00,buy,76395.17,0.001,0.001,0.007639517,0.07851481218846697,76399.57500000001,0.006,-458.8388215439997,False
2026-04-29 01:16:55.164850+00:00,sell,76394.7,0.001,-0.001,0.007639470000000001,0.07880001686026067,76390.315,0.005,-382.4517610139997,False
2026-04-29 01:17:14.343083+00:00,sell,76358.63,0.001,-0.001,0.007635863000000001,0.07865728525846412,76354.235,0.004,-306.1007668769997,False
2026-04-29 01:17:22.030169+00:00,buy,76354.26,0.001,0.001,0.007635426,0.07880001686026067,76358.64499999999,0.005,-382.4626623029997,False
2026-04-29 01:17:28.498675+00:00,sell,76361.09,0.001,-0.001,0.007636109,0.07880001686026067,76356.705,0.004,-306.1092084119997,False
2026-04-29 01:17:38.772641+00:00,sell,76342.39,0.001,-0.001,0.007634239000000001,0.07880001686026067,76338.005,0.003,-229.7744526509997,False
2026-04-29 01:17:42.613759+00:00,sell,76339.18000000001,0.001,-0.001,0.007633918000000002,0.0788000168600528,76334.795,0.002,-153.44290656899972,False
2026-04-29 01:17:57.981533+00:00,sell,76314.38,0.001,-0.001,0.007631438000000001,0.0788000168600528,76309.995,0.001,-77.13615800699972,False
2026-04-29 01:20:27.204754+00:00,sell,76282.64,0.001,-0.001,0.007628264000000001,0.07865728525846412,76278.245,0.0,-0.8611462709997211,False
2026-04-29 01:20:28.489384+00:00,buy,76273.85,0.001,0.001,0.007627385000000001,0.07865728525867163,76278.245,0.001,-77.14262365599974,False
2026-04-29 01:20:46.455068+00:00,buy,76273.85,0.001,0.001,0.007627385000000001,0.07865728525867163,76278.245,0.002,-153.42410104099977,False
2026-04-29 01:20:50.319410+00:00,buy,76281.08,0.001,0.001,0.007628108000000001,0.07880001686026067,76285.465,0.003,-229.71280914899978,False
2026-04-29 01:21:03.177503+00:00,sell,76291.19,0.001,-0.001,0.007629119000000001,0.07865728525846412,76286.795,0.002,-153.42924826799978,False
2026-04-29 01:21:04.450617+00:00,sell,76291.19,0.001,-0.001,0.007629119000000001,0.07865728525846412,76286.795,0.001,-77.14568738699978,False
2026-04-29 01:21:14.782611+00:00,sell,76289.86,0.001,-0.001,0.007628986000000001,0.07865728525846412,76285.465,0.0,-0.8634563729997776,False
2026-04-29 01:21:22.417351+00:00,buy,76269.11,0.001,0.001,0.007626911000000001,0.07865728525846412,76273.505,0.001,-77.14019328399978,False
2026-04-29 01:21:30.135152+00:00,buy,76269.1,0.001,0.001,0.0076269100000000015,0.07851481218867412,76273.505,0.002,-153.41692019399977,False
2026-04-29 01:21:31.422619+00:00,sell,76277.90000000001,0.001,-0.001,0.0076277900000000015,0.07865728525846412,76273.505,0.001,-77.14664798399976,False
2026-04-29 01:21:36.576268+00:00,sell,76277.90000000001,0.001,-0.001,0.0076277900000000015,0.07865728525846412,76273.505,0.0,-0.8763757739997394,False
2026-04-29 01:21:40.417999+00:00,sell,76274.77,0.001,-0.001,0.007627477000000001,0.07880001686026067,76270.38500000001,-0.001,75.39076674900026,False
2026-04-29 01:21:41.701337+00:00,sell,76274.77,0.001,-0.001,0.007627477000000001,0.07880001686026067,76270.38500000001,-0.002,151.65790927200027,False
2026-04-29 01:21:42.984650+00:00,sell,76274.77,0.001,-0.001,0.007627477000000001,0.07880001686026067,76270.38500000001,-0.003,227.92505179500026,False
2026-04-29 01:21:58.500439+00:00,sell,76246.58,0.001,-0.001,0.007624658000000001,0.07851481218846697,76242.17499999999,-0.004,304.1640071370003,False
2026-04-29 01:21:59.804913+00:00,sell,76246.57,0.001,-0.001,0.007624657000000002,0.07865728525825662,76242.17499999999,-0.005,380.4029524800003,False
2026-04-29 01:22:26.766549+00:00,buy,76248.38,0.001,0.001,0.007624838000000001,0.07865728525867163,76252.775,-0.004,304.14694764200027,False
2026-04-29 01:22:51.111615+00:00,sell,76249.65000000001,0.001,-0.001,0.007624965000000002,0.07865728525846412,76245.255,-0.005,380.3889726770003,False
2026-04-29 01:22:58.816109+00:00,buy,76240.86,0.001,0.001,0.007624086,0.07865728525846412,76245.255,-0.004,304.1404885910003,False
2026-04-29 01:23:02.682123+00:00,buy,76240.86,0.001,0.001,0.007624086,0.07865728525846412,76245.255,-0.003,227.8920045050003,False
2026-04-29 01:23:02.682123+00:00,sell,76249.65000000001,0.001,-0.001,0.007624965000000002,0.07865728525846412,76245.255,-0.004,304.1340295400003,False
2026-04-29 01:23:16.754684+00:00,sell,76237.51,0.001,-0.001,0.007623751,0.07865728525846412,76233.11499999999,-0.005,380.3639157890003,False
2026-04-29 01:23:29.530169+00:00,buy,76237.79000000001,0.001,0.001,0.0076237790000000015,0.07880001686046857,76242.17499999999,-0.004,304.11850201000027,False
2026-04-29 01:23:35.995942+00:00,sell,76257.16,0.001,-0.001,0.007625716000000001,0.07865728525846412,76252.765,-0.005,380.36803629400026,False
2026-04-29 01:23:44.974667+00:00,buy,76248.37,0.001,0.001,0.007624837000000001,0.07865728525846412,76252.765,-0.004,304.11204145700026,False
2026-04-29 01:24:01.643830+00:00,sell,76264.21,0.001,-0.001,0.007626421000000001,0.07880001686026067,76259.82500000001,-0.005,380.36862503600025,False
2026-04-29 01:24:33.726727+00:00,sell,76253.72,0.001,-0.001,0.007625372000000001,0.07851481218867412,76249.315,-0.006,456.61471966400023,False
2026-04-29 01:25:09.698713+00:00,sell,76265.3,0.001,-0.001,0.007626530000000001,0.07880001686026067,76260.91500000001,-0.007,532.8723931340002,False
2026-04-29 01:25:10.976954+00:00,sell,76260.07,0.001,-0.001,0.0076260070000000015,0.07865728525825662,76255.67499999999,-0.008,609.1248371270002,False
2026-04-29 01:25:22.485790+00:00,sell,76254.29000000001,0.001,-0.001,0.007625429000000001,0.07865728525825662,76249.89499999999,-0.009000000000000001,685.3715016980002,False
2026-04-29 01:25:25.056628+00:00,sell,76254.28,0.001,-0.001,0.007625428000000001,0.0788000168600528,76249.89499999999,-0.010000000000000002,761.6181562700002,False
2026-04-29 01:25:37.840278+00:00,buy,76239.29000000001,0.001,0.001,0.0076239290000000015,0.07880001686046857,76243.67499999999,-0.009000000000000001,685.3712423410002,False
2026-04-29 01:25:48.073020+00:00,sell,76248.08,0.001,-0.001,0.007624808000000001,0.07851481218846697,76243.67499999999,-0.010000000000000002,761.6116975330002,False
2026-04-29 01:26:03.523608+00:00,buy,76242.87,0.001,0.001,0.007624287,0.0788000168600528,76247.255,-0.009000000000000001,685.3612032460002,False
2026-04-29 01:27:06.393223+00:00,sell,76266.13,0.001,-0.001,0.007626613000000001,0.07865728525846412,76261.735,-0.010000000000000002,761.6197066330002,False
2026-04-29 01:27:14.179461+00:00,buy,76257.35,0.001,0.001,0.0076257350000000015,0.07880001686026067,76261.735,-0.009000000000000001,685.3547308980002,False
2026-04-29 01:27:16.752366+00:00,buy,76257.35,0.001,0.001,0.0076257350000000015,0.07880001686026067,76261.735,-0.008,609.0897551630002,False
2026-04-29 01:27:52.672514+00:00,buy,76263.23,0.001,0.001,0.007626323,0.07880001686026067,76267.61499999999,-0.007,532.8188988400002,False
2026-04-29 01:27:59.106953+00:00,sell,76272.01,0.001,-0.001,0.007627201,0.07865728525846412,76267.61499999999,-0.008,609.0832816390002,False
2026-04-29 01:28:02.955608+00:00,sell,76272.0,0.001,-0.001,0.007627200000000001,0.0788000168600528,76267.61499999999,-0.009000000000000001,685.3476544390003,False
2026-04-29 01:28:58.219038+00:00,buy,76252.87,0.001,0.001,0.0076252870000000006,0.07865728525846412,76257.265,-0.008,609.0871591520003,False
2026-04-29 01:29:07.169003+00:00,buy,76252.87,0.001,0.001,0.0076252870000000006,0.07865728525846412,76257.265,-0.007,532.8266638650002,False
2026-04-29 01:29:12.322226+00:00,sell,76261.67,0.001,-0.001,0.0076261670000000005,0.07851481218867412,76257.265,-0.008,609.0807076980002,False
2026-04-29 01:29:13.596517+00:00,sell,76260.93000000001,0.001,-0.001,0.007626093000000001,0.0788000168600528,76256.545,-0.009000000000000001,685.3340116050002,False
2026-04-29 01:29:30.288628+00:00,sell,76253.05,0.001,-0.001,0.007625305000000001,0.07865728525846412,76248.655,-0.010000000000000002,761.5794363000002,False
2026-04-29 01:32:36.067571+00:00,buy,76222.06,0.001,0.001,0.007622206,0.07865728525846412,76226.455,-0.009000000000000001,685.3497540940002,False
2026-04-29 01:32:38.620523+00:00,buy,76232.56,0.001,0.001,0.007623256,0.07865728525846412,76236.955,-0.008,609.1095708380002,False
2026-04-29 01:32:39.923353+00:00,buy,76232.57,0.001,0.001,0.007623257000000001,0.07880001686026067,76236.955,-0.007,532.8693775810002,False
2026-04-29 01:33:01.067947+00:00,buy,76232.57,0.001,0.001,0.007623257000000001,0.07880001686026067,76236.955,-0.006,456.6291843240002,False
2026-04-29 01:33:11.369222+00:00,sell,76255.68000000001,0.001,-0.001,0.007625568000000002,0.07865728525846412,76251.285,-0.007,532.8772387560002,False
2026-04-29 01:33:25.469099+00:00,buy,76246.89,0.001,0.001,0.0076246890000000005,0.07865728525846412,76251.285,-0.006,456.6227240670002,False
2026-04-29 01:33:47.334147+00:00,sell,76262.1,0.001,-0.001,0.007626210000000001,0.07865728525846412,76257.705,-0.007,532.8771978570002,False
2026-04-29 01:33:48.622424+00:00,buy,76253.31,0.001,0.001,0.007625331000000001,0.07865728525846412,76257.705,-0.006,456.6162625260002,False
2026-04-29 01:34:14.183556+00:00,buy,76261.52,0.001,0.001,0.0076261520000000015,0.07880001686026067,76265.905,-0.005,380.34711637400017,False
2026-04-29 01:35:47.979201+00:00,sell,76292.81,0.001,-0.001,0.007629281000000001,0.0788000168600528,76288.42499999999,-0.006,456.6322970930002,False
2026-04-29 01:36:29.109776+00:00,buy,76305.61,0.001,0.001,0.007630561000000001,0.07880001686026067,76309.995,-0.005,380.3190565320002,False
2026-04-29 01:36:32.993481+00:00,buy,76305.61,0.001,0.001,0.007630561000000001,0.07880001686026067,76309.995,-0.004,304.00581597100023,False
2026-04-29 01:36:36.863996+00:00,buy,76310.94,0.001,0.001,0.007631094000000001,0.07865728525867163,76315.33499999999,-0.003,227.6872448770002,False
2026-04-29 01:37:00.225412+00:00,sell,76317.28,0.001,-0.001,0.007631728000000001,0.07865728525867163,76312.88500000001,-0.004,303.99689314900024,False
2026-04-29 01:37:27.140475+00:00,buy,76308.85,0.001,0.001,0.007630885000000001,0.07865728525867163,76313.245,-0.003,227.68041226400024,False
2026-04-29 01:37:48.942316+00:00,sell,76317.64,0.001,-0.001,0.007631764000000001,0.07865728525846412,76313.245,-0.004,303.99042050000025,False
2026-04-29 01:37:50.237961+00:00,buy,76308.85,0.001,0.001,0.007630885000000001,0.07865728525867163,76313.245,-0.003,227.67393961500025,False
2026-04-29 01:37:51.525447+00:00,buy,76308.85,0.001,0.001,0.007630885000000001,0.07865728525867163,76313.245,-0.002,151.35745873000025,False
2026-04-29 01:38:21.166906+00:00,sell,76344.75,0.001,-0.001,0.007634475000000001,0.0788000168600528,76340.36499999999,-0.003,227.69457425500025,False
2026-04-29 01:38:50.709742+00:00,sell,76322.47,0.001,-0.001,0.007632247000000001,0.07865728525867163,76318.07500000001,-0.004,304.00941200800025,False
2026-04-29 01:39:16.403784+00:00,sell,76313.2,0.001,-0.001,0.0076313200000000005,0.07880001686026067,76308.815,-0.005,380.3149806880003,False
2026-04-29 01:39:30.531930+00:00,sell,76310.78,0.001,-0.001,0.007631078,0.07865728525867163,76306.38500000001,-0.006,456.61812961000027,False
2026-04-29 01:39:36.930408+00:00,buy,76301.99,0.001,0.001,0.007630199000000002,0.07865728525846412,76306.38500000001,-0.005,380.3085094110003,False
2026-04-29 01:39:54.860047+00:00,buy,76305.61,0.001,0.001,0.007630561000000001,0.07880001686026067,76309.995,-0.004,303.9952688500003,False
2026-04-29 01:39:56.133586+00:00,buy,76305.6,0.001,0.001,0.0076305600000000015,0.07865728525867163,76309.995,-0.003,227.68203829000026,False
2026-04-29 01:40:18.009946+00:00,buy,76317.12,0.001,0.001,0.0076317120000000006,0.07865728525846412,76321.515,-0.002,151.35728657800027,False
2026-04-29 01:40:19.283274+00:00,buy,76317.12,0.001,0.001,0.0076317120000000006,0.07865728525846412,76321.515,-0.001,75.03253486600026,False
2026-04-29 01:40:34.668771+00:00,buy,76317.13,0.001,0.001,0.007631713000000001,0.07880001686026067,76321.515,0.0,-1.2922268469997442,False
2026-04-29 01:40:37.249613+00:00,buy,76327.57,0.001,0.001,0.007632757000000001,0.07865728525867163,76331.965,0.001,-77.62742960399974,False
2026-04-29 01:40:38.545227+00:00,sell,76336.37,0.001,-0.001,0.007633637,0.07851481218867412,76331.965,0.0,-1.2986932409997416,False
2026-04-29 01:40:44.972163+00:00,buy,76327.57,0.001,0.001,0.007632757000000001,0.07865728525867163,76331.965,0.001,-77.63389599799974,False
2026-04-29 01:40:47.564863+00:00,buy,76327.58,0.001,0.001,0.007632758000000001,0.07880001686026067,76331.965,0.002,-153.96910875599974,False
2026-04-29 01:40:50.124912+00:00,buy,76327.58,0.001,0.001,0.007632758000000001,0.07880001686026067,76331.965,0.003,-230.30432151399975,False
2026-04-29 01:41:10.674035+00:00,buy,76349.82,0.001,0.001,0.007634982000000001,0.07880001686026067,76354.205,0.004,-306.6617764959998,False
2026-04-29 01:41:11.946220+00:00,buy,76349.82,0.001,0.001,0.007634982000000001,0.07880001686026067,76354.205,0.005,-383.0192314779998,False
2026-04-29 01:41:14.513241+00:00,buy,76349.82,0.001,0.001,0.007634982000000001,0.07880001686026067,76354.205,0.006,-459.37668645999986,False
2026-04-29 01:41:15.808031+00:00,buy,76349.82,0.001,0.001,0.007634982000000001,0.07880001686026067,76354.205,0.007,-535.7341414419999,False
2026-04-29 01:41:20.942780+00:00,sell,76358.61,0.001,-0.001,0.007635861000000001,0.07851481218867412,76354.205,0.006,-459.3831673029999,False
2026-04-29 01:41:29.967622+00:00,sell,76352.19,0.001,-0.001,0.007635219000000001,0.07851481218867412,76347.785,0.005,-383.0386125219999,False
2026-04-29 01:42:02.028423+00:00,buy,76372.69,0.001,0.001,0.007637269000000001,0.0788000168600528,76377.07500000001,0.006,-459.4189397909999,False
2026-04-29 01:42:20.033377+00:00,buy,76391.35,0.001,0.001,0.007639135000000001,0.07865728525867163,76395.745,0.007,-535.8179289259999,False
2026-04-29 01:42:55.888342+00:00,buy,76397.39,0.001,0.001,0.007639739,0.07880001686026067,76401.775,0.008,-612.2229586649999,False
2026-04-29 01:43:11.367765+00:00,sell,76403.43000000001,0.001,-0.001,0.007640343000000002,0.0788000168600528,76399.045,0.007,-535.8271690079998,False
2026-04-29 01:43:20.338533+00:00,sell,76400.14,0.001,-0.001,0.0076400140000000005,0.07880001686026067,76395.755,0.006,-459.4346690219998,False
2026-04-29 01:43:40.975285+00:00,buy,76391.36,0.001,0.001,0.007639136,0.07865728525846412,76395.755,0.007,-535.8336681579998,False
2026-04-29 01:43:44.892805+00:00,buy,76393.06,0.001,0.001,0.007639306,0.0788000168600528,76397.445,0.008,-612.2343674639998,False
2026-04-29 01:44:03.016110+00:00,buy,76398.89,0.001,0.001,0.007639889,0.07880001686026067,76403.275,0.009000000000000001,-688.6408973529998,False
2026-04-29 01:44:17.087452+00:00,buy,76402.64,0.001,0.001,0.007640264000000001,0.07880001686026067,76407.025,0.010000000000000002,-765.0511776169998,False
2026-04-29 01:45:18.800936+00:00,sell,76407.68000000001,0.001,-0.001,0.007640768000000002,0.07865728525846412,76403.285,0.009000000000000001,-688.6511383849997,False
2026-04-29 01:45:39.316739+00:00,sell,76400.14,0.001,-0.001,0.0076400140000000005,0.07865728525846412,76395.745,0.008,-612.2586383989998,False
2026-04-29 01:45:48.331235+00:00,sell,76400.14,0.001,-0.001,0.0076400140000000005,0.07865728525846412,76395.745,0.007,-535.8661384129998,False
2026-04-29 01:46:25.579830+00:00,buy,76391.35,0.001,0.001,0.007639135000000001,0.07865728525867163,76395.745,0.008,-612.2651275479998,False
2026-04-29 01:46:34.587769+00:00,buy,76391.35,0.001,0.001,0.007639135000000001,0.07865728525867163,76395.745,0.009000000000000001,-688.6641166829997,False
2026-04-29 01:46:38.448071+00:00,buy,76423.36,0.001,0.001,0.0076423360000000004,0.07880001686026067,76427.745,0.010000000000000002,-765.0951190189998,False
2026-04-29 01:46:52.695142+00:00,sell,76453.56,0.001,-0.001,0.007645356000000001,0.07851481218867412,76449.155,0.009000000000000001,-688.6492043749997,False
2026-04-29 01:47:04.220589+00:00,buy,76444.77,0.001,0.001,0.007644477000000001,0.07880001686026067,76449.155,0.010000000000000002,-765.1016188519998,False
2026-04-29 01:47:05.952430+00:00,sell,76453.56,0.001,-0.001,0.007645356000000001,0.07851481218867412,76449.155,0.009000000000000001,-688.6557042079997,False
2026-04-29 01:47:23.896087+00:00,buy,76442.96,0.001,0.001,0.007644296000000001,0.07865728525846412,76447.35500000001,0.010000000000000002,-765.1063085039997,False
2026-04-29 01:55:25.090386+00:00,sell,76559.49,0.001,-0.001,0.007655949000000001,0.07865728525846412,76555.095,0.009000000000000001,-688.5544744529997,False
2026-04-29 01:55:40.511671+00:00,buy,76563.0,0.001,0.001,0.0076563,0.0788000168600528,76567.38500000001,0.010000000000000002,-765.1251307529997,False
2026-04-29 01:56:52.382774+00:00,sell,76583.05,0.001,-0.001,0.007658305000000001,0.07865728525846412,76578.655,0.009000000000000001,-688.5497390579997,False
2026-04-29 01:57:18.086391+00:00,buy,76563.54000000001,0.001,0.001,0.0076563540000000015,0.07865728525867163,76567.935,0.010000000000000002,-765.1209354119997,False
2026-04-29 01:57:37.316984+00:00,sell,76585.82,0.001,-0.001,0.0076585820000000015,0.07865728525825662,76581.42499999999,0.009000000000000001,-688.5427739939996,False
2026-04-29 01:57:41.168499+00:00,buy,76577.03,0.001,0.001,0.007657703000000001,0.07865728525867163,76581.42499999999,0.010000000000000002,-765.1274616969996,False
2026-04-29 01:57:47.633605+00:00,sell,76581.38,0.001,-0.001,0.007658138000000001,0.0788000168600528,76576.995,0.009000000000000001,-688.5537398349996,False
2026-04-29 01:57:59.251463+00:00,sell,76577.64,0.001,-0.001,0.007657764000000001,0.07880001686026067,76573.255,0.008,-611.9837575989997,False
2026-04-29 01:58:05.719824+00:00,sell,76572.49,0.001,-0.001,0.007657249000000001,0.07880001686026067,76568.10500000001,0.007,-535.4189248479996,False
2026-04-29 01:58:10.848090+00:00,sell,76559.48,0.001,-0.001,0.007655948,0.07880001686026067,76555.095,0.006,-458.8671007959996,False
2026-04-29 01:58:17.249467+00:00,sell,76554.39,0.001,-0.001,0.007655439000000001,0.07880001686026067,76550.005,0.005,-382.3203662349996,False
2026-04-29 01:58:23.706933+00:00,sell,76550.39,0.001,-0.001,0.007655039000000001,0.07880001686026067,76546.005,0.004,-305.7776312739996,False
2026-04-29 01:58:42.111492+00:00,sell,76553.91,0.001,-0.001,0.007655391000000001,0.07851481218867412,76549.505,0.003,-229.23137666499957,False
2026-04-29 01:58:57.501769+00:00,sell,76553.90000000001,0.001,-0.001,0.0076553900000000015,0.07865728525846412,76549.505,0.002,-152.68513205499957,False
2026-04-29 01:58:58.800339+00:00,buy,76545.11,0.001,0.001,0.007654511000000001,0.07865728525846412,76549.505,0.003,-229.23789656599956,False
2026-04-29 01:59:09.104152+00:00,buy,76550.71,0.001,0.001,0.007655071000000001,0.07880001686026067,76555.095,0.004,-305.79626163699953,False
2026-04-29 01:59:12.942431+00:00,buy,76550.7,0.001,0.001,0.007655070000000001,0.07865728525846412,76555.095,0.005,-382.35461670699954,False
2026-04-29 01:59:19.397445+00:00,buy,76550.7,0.001,0.001,0.007655070000000001,0.07865728525846412,76555.095,0.006,-458.91297177699954,False
2026-04-29 01:59:29.678881+00:00,buy,76550.7,0.001,0.001,0.007655070000000001,0.07865728525846412,76555.095,0.007,-535.4713268469995,False
2026-04-29 01:59:29.678881+00:00,sell,76559.5,0.001,-0.001,0.007655950000000001,0.07851481218867412,76555.095,0.006,-458.91948279699955,False
2026-04-29 01:59:47.809112+00:00,buy,76557.66,0.001,0.001,0.007655766000000001,0.07865728525867163,76562.055,0.007,-535.4847985629995,False
2026-04-29 01:59:50.401793+00:00,sell,76566.46,0.001,-0.001,0.007656646000000001,0.07851481218846697,76562.055,0.006,-458.92599520899944,False
2026-04-29 02:00:01.833045+00:00,buy,76578.57,0.001,0.001,0.007657857000000001,0.07865728525867163,76582.965,0.007,-535.5122230659995,False
2026-04-29 02:00:20.949798+00:00,buy,76590.99,0.001,0.001,0.007659099000000001,0.07880001686026067,76595.375,0.008,-612.1108721649995,False
2026-04-29 02:00:55.542135+00:00,buy,76605.91,0.001,0.001,0.007660591000000001,0.07865728525867163,76610.305,0.009000000000000001,-688.7244427559995,False
2026-04-29 02:00:56.817790+00:00,sell,76614.7,0.001,-0.001,0.00766147,0.07865728525846412,76610.305,0.008,-612.1174042259995,False
2026-04-29 02:03:55.333874+00:00,sell,76525.25,0.001,-0.001,0.007652525,0.07865728525867163,76520.85500000001,0.007,-535.5998067509995,False
2026-04-29 02:03:56.624998+00:00,sell,76525.25,0.001,-0.001,0.007652525,0.07865728525867163,76520.85500000001,0.006,-459.0822092759995,False
2026-04-29 02:04:04.399390+00:00,buy,76520.48,0.001,0.001,0.007652048,0.07865728525846412,76524.875,0.007,-535.6103413239995,False
2026-04-29 02:04:37.731120+00:00,buy,76541.37,0.001,0.001,0.007654137,0.07851481218867412,76545.775,0.008,-612.1593654609995,False
2026-04-29 02:04:44.141195+00:00,sell,76550.16,0.001,-0.001,0.007655016000000001,0.0788000168600528,76545.775,0.007,-535.6168604769995,False
2026-04-29 02:04:50.652912+00:00,sell,76550.16,0.001,-0.001,0.007655016000000001,0.0788000168600528,76545.775,0.006,-459.0743554929995,False
2026-04-29 02:04:53.213389+00:00,sell,76550.16,0.001,-0.001,0.007655016000000001,0.0788000168600528,76545.775,0.005,-382.53185050899947,False
2026-04-29 02:05:16.345971+00:00,sell,76540.48,0.001,-0.001,0.007654048,0.07851481218888125,76536.07500000001,0.004,-305.9990245569995,False
2026-04-29 02:05:25.299239+00:00,buy,76540.65000000001,0.001,0.001,0.0076540650000000016,0.07865728525867163,76545.045,0.005,-382.5473286219995,False
2026-04-29 02:05:41.849290+00:00,buy,76544.11,0.001,0.001,0.007654411000000001,0.07865728525846412,76548.505,0.006,-459.09909303299946,False
2026-04-29 02:05:44.474974+00:00,buy,76544.12,0.001,0.001,0.007654412,0.0788000168600528,76548.505,0.007,-535.6508674449994,False
2026-04-29 02:05:52.161077+00:00,sell,76546.46,0.001,-0.001,0.007654646000000001,0.07880001686026067,76542.07500000001,0.006,-459.1120620909994,False
2026-04-29 02:05:57.315224+00:00,sell,76546.46,0.001,-0.001,0.007654646000000001,0.07880001686026067,76542.07500000001,0.005,-382.5732567369994,False
2026-04-29 02:05:59.877346+00:00,buy,76537.68000000001,0.001,0.001,0.007653768000000002,0.07865728525846412,76542.07500000001,0.006,-459.1185905049994,False
2026-04-29 02:06:06.261342+00:00,sell,76546.47,0.001,-0.001,0.0076546470000000005,0.07865728525867163,76542.07500000001,0.005,-382.5797751519994,False
2026-04-29 02:06:16.513532+00:00,buy,76537.68000000001,0.001,0.001,0.007653768000000002,0.07865728525846412,76542.07500000001,0.006,-459.12510891999943,False
2026-04-29 02:06:35.778806+00:00,buy,76562.39,0.001,0.001,0.0076562390000000004,0.07880001686026067,76566.775,0.007,-535.6951551589995,False
2026-04-29 02:06:45.990056+00:00,buy,76567.44,0.001,0.001,0.007656744000000001,0.07865728525867163,76571.83499999999,0.008,-612.2702519029995,False
2026-04-29 02:06:49.841833+00:00,buy,76570.86,0.001,0.001,0.0076570860000000004,0.07865728525846412,76575.255,0.009000000000000001,-688.8487689889995,False
2026-04-29 02:07:10.465168+00:00,buy,76582.98,0.001,0.001,0.007658298,0.07865728525846412,76587.375,0.010000000000000002,-765.4394072869995,False
2026-04-29 02:07:32.469886+00:00,sell,76604.39,0.001,-0.001,0.007660439000000001,0.07865728525846412,76599.995,0.009000000000000001,-688.8426777259996,False
2026-04-29 02:07:43.991860+00:00,sell,76611.03,0.001,-0.001,0.007661103000000001,0.07865728525867163,76606.63500000001,0.008,-612.2393088289996,False
2026-04-29 02:07:45.274588+00:00,sell,76611.03,0.001,-0.001,0.007661103000000001,0.07865728525867163,76606.63500000001,0.007,-535.6359399319996,False
2026-04-29 02:07:56.738556+00:00,buy,76602.24,0.001,0.001,0.007660224000000001,0.07865728525846412,76606.63500000001,0.008,-612.2458401559996,False
2026-04-29 02:07:56.738556+00:00,sell,76611.03,0.001,-0.001,0.007661103000000001,0.07865728525867163,76606.63500000001,0.007,-535.6424712589996,False
2026-04-29 02:08:00.588533+00:00,sell,76611.03,0.001,-0.001,0.007661103000000001,0.07865728525867163,76606.63500000001,0.006,-459.0391023619996,False
2026-04-29 02:08:03.157277+00:00,sell,76611.03,0.001,-0.001,0.007661103000000001,0.07865728525867163,76606.63500000001,0.005,-382.4357334649996,False
2026-04-29 02:08:12.133428+00:00,buy,76606.07,0.001,0.001,0.007660607000000002,0.07865728525867163,76610.465,0.006,-459.0494640719996,False
2026-04-29 02:08:15.958227+00:00,sell,76614.86,0.001,-0.001,0.007661486,0.07865728525846412,76610.465,0.005,-382.4422655579996,False
2026-04-29 02:08:33.885935+00:00,buy,76621.97,0.001,0.001,0.007662197000000001,0.07865728525867163,76626.36499999999,0.006,-459.0718977549996,False
2026-04-29 02:08:35.153416+00:00,buy,76621.97,0.001,0.001,0.007662197000000001,0.07865728525867163,76626.36499999999,0.007,-535.7015299519995,False
2026-04-29 02:08:39.005510+00:00,buy,76621.97,0.001,0.001,0.007662197000000001,0.07865728525867163,76626.36499999999,0.008,-612.3311621489995,False
2026-04-29 02:08:40.283548+00:00,sell,76630.76,0.001,-0.001,0.0076630760000000004,0.07865728525846412,76626.36499999999,0.007,-535.7080652249995,False
2026-04-29 02:09:09.801852+00:00,sell,76615.41,0.001,-0.001,0.007661541000000001,0.07865728525846412,76611.015,0.006,-459.1003167659995,False
2026-04-29 02:09:11.088495+00:00,sell,76608.63,0.001,-0.001,0.007660863000000001,0.0788000168600528,76604.245,0.005,-382.4993476289995,False
2026-04-29 02:09:34.139167+00:00,sell,76594.78,0.001,-0.001,0.007659478000000001,0.07865728525867163,76590.38500000001,0.004,-305.91222710699947,False
2026-04-29 02:09:45.700066+00:00,buy,76585.99,0.001,0.001,0.007658599000000001,0.07865728525846412,76590.38500000001,0.005,-382.50587570599953,False
2026-04-29 02:10:02.438522+00:00,sell,76594.82,0.001,-0.001,0.007659482000000001,0.07865728525825662,76590.42499999999,0.004,-305.9187151879995,False
2026-04-29 02:10:03.713548+00:00,sell,76594.82,0.001,-0.001,0.007659482000000001,0.07865728525825662,76590.42499999999,0.003,-229.3315546699995,False
2026-04-29 02:10:22.958846+00:00,sell,76586.39,0.001,-0.001,0.007658639000000001,0.07880001686026067,76582.005,0.002,-152.7528233089995,False
2026-04-29 02:10:30.698913+00:00,sell,76594.68000000001,0.001,-0.001,0.007659468000000002,0.07851481218846697,76590.275,0.001,-76.16580277699948,False
2026-04-29 02:10:49.947263+00:00,buy,76580.40000000001,0.001,0.001,0.007658040000000001,0.07851481218888125,76584.805,0.002,-152.7538608169995,False
2026-04-29 02:10:52.520612+00:00,sell,76589.2,0.001,-0.001,0.0076589200000000005,0.07865728525846412,76584.805,0.001,-76.17231973699948,False
2026-04-29 02:10:55.070006+00:00,sell,76589.19,0.001,-0.001,0.007658919000000001,0.0788000168600528,76584.805,0.0,0.40921134400051856,False
2026-04-29 02:10:56.331173+00:00,sell,76589.19,0.001,-0.001,0.007658919000000001,0.0788000168600528,76584.805,-0.001,76.99074242500053,False
2026-04-29 02:11:01.511918+00:00,sell,76589.2,0.001,-0.001,0.0076589200000000005,0.07865728525846412,76584.805,-0.002,153.5722835050005,False
2026-04-29 02:11:02.785250+00:00,sell,76589.2,0.001,-0.001,0.0076589200000000005,0.07865728525846412,76584.805,-0.003,230.1538245850005,False
2026-04-29 02:11:09.225480+00:00,sell,76589.18000000001,0.001,-0.001,0.0076589180000000015,0.0788000168600528,76584.795,-0.004,306.7353456670005,False
2026-04-29 02:12:47.321513+00:00,sell,76556.8,0.001,-0.001,0.007655680000000001,0.07880001686026067,76552.41500000001,-0.005,383.2844899870005,False
2026-04-29 02:13:09.137035+00:00,sell,76556.81,0.001,-0.001,0.007655681,0.07865728525867163,76552.41500000001,-0.006,459.83364430600045,False
2026-04-29 02:13:14.237920+00:00,sell,76556.81,0.001,-0.001,0.007655681,0.07865728525867163,76552.41500000001,-0.007,536.3827986250005,False
2026-04-29 02:13:24.444496+00:00,buy,76548.02,0.001,0.001,0.007654802000000001,0.07865728525846412,76552.41500000001,-0.006,459.82712382300053,False
2026-04-29 02:14:09.516693+00:00,buy,76540.40000000001,0.001,0.001,0.007654040000000002,0.07865728525867163,76544.795,-0.005,383.2790697830006,False
2026-04-29 02:14:22.355277+00:00,buy,76543.93000000001,0.001,0.001,0.0076543930000000015,0.07880001686026067,76548.315,-0.004,306.7274853900006,False
2026-04-29 02:14:31.287541+00:00,buy,76543.93000000001,0.001,0.001,0.0076543930000000015,0.07880001686026067,76548.315,-0.003,230.1759009970006,False
2026-04-29 02:14:40.330415+00:00,buy,76543.92,0.001,0.001,0.007654392,0.07865728525846412,76548.315,-0.002,153.6243266050006,False
2026-04-29 02:14:41.603118+00:00,buy,76543.92,0.001,0.001,0.007654392,0.07865728525846412,76548.315,-0.001,77.07275221300058,False
2026-04-29 02:14:57.041065+00:00,buy,76543.92,0.001,0.001,0.007654392,0.07865728525846412,76548.315,0.0,0.5211778210005839,False
2026-04-29 02:15:03.450481+00:00,buy,76543.92,0.001,0.001,0.007654392,0.07865728525846412,76548.315,0.001,-76.03039657099943,False
2026-04-29 02:15:07.251788+00:00,sell,76552.7,0.001,-0.001,0.0076552700000000005,0.07880001686026067,76548.315,0.0,0.5146481590005728,False
2026-04-29 02:15:20.116960+00:00,buy,76543.92,0.001,0.001,0.007654392,0.07865728525846412,76548.315,0.001,-76.03692623299943,False
2026-04-29 02:15:26.578601+00:00,buy,76543.92,0.001,0.001,0.007654392,0.07865728525846412,76548.315,0.002,-152.58850062499943,False
2026-04-29 02:15:48.329155+00:00,buy,76543.91,0.001,0.001,0.007654391000000001,0.07851481218867412,76548.315,0.003,-229.14006501599943,False
2026-04-29 02:16:01.149978+00:00,sell,76552.69,0.001,-0.001,0.007655269000000001,0.0788000168600528,76548.305,0.002,-152.59503028499944,False
2026-04-29 02:16:12.682249+00:00,sell,76546.46,0.001,-0.001,0.007654646000000001,0.07880001686026067,76542.07500000001,0.001,-76.05622493099943,False
2026-04-29 02:16:25.517346+00:00,buy,76537.66,0.001,0.001,0.007653766000000001,0.07865728525867163,76542.055,0.002,-152.60153869699943,False
2026-04-29 02:16:26.783252+00:00,buy,76537.66,0.001,0.001,0.007653766000000001,0.07865728525867163,76542.055,0.003,-229.14685246299942,False
2026-04-29 02:16:33.251912+00:00,sell,76544.49,0.001,-0.001,0.0076544490000000015,0.07880001686026067,76540.10500000001,0.002,-152.6100169119994,False
2026-04-29 02:16:44.852237+00:00,sell,76517.03,0.001,-0.001,0.007651703,0.0788000168600528,76512.64499999999,0.001,-76.10063861499938,False
2026-04-29 02:16:51.280412+00:00,buy,76508.25,0.001,0.001,0.007650825000000001,0.07865728525867163,76512.64499999999,0.002,-152.6165394399994,False
2026-04-29 02:16:51.280412+00:00,sell,76517.04000000001,0.001,-0.001,0.007651704000000001,0.07865728525825662,76512.64499999999,0.001,-76.10715114399939,False
2026-04-29 02:17:15.729775+00:00,buy,76510.15000000001,0.001,0.001,0.0076510150000000015,0.07865728525867163,76514.545,0.002,-152.62495215899938,False
2026-04-29 02:17:23.463495+00:00,sell,76518.95,0.001,-0.001,0.007651895000000001,0.07851481218867412,76514.545,0.001,-76.11365405399937,False
2026-04-29 02:17:52.947414+00:00,sell,76549.26,0.001,-0.001,0.007654926,0.07865728525846412,76544.86499999999,0.0,0.42795102000062074,False
2026-04-29 02:17:59.332072+00:00,sell,76549.26,0.001,-0.001,0.007654926,0.07865728525846412,76544.86499999999,-0.001,76.96955609400061,False
2026-04-29 02:18:03.162457+00:00,sell,76549.26,0.001,-0.001,0.007654926,0.07865728525846412,76544.86499999999,-0.002,153.51116116800063,False
2026-04-29 02:18:04.426015+00:00,buy,76540.47,0.001,0.001,0.007654047000000001,0.07865728525867163,76544.86499999999,-0.001,76.96303712100062,False
2026-04-29 02:18:08.274256+00:00,sell,76549.26,0.001,-0.001,0.007654926,0.07865728525846412,76544.86499999999,-0.002,153.50464219500063,False
2026-04-29 02:18:17.279849+00:00,sell,76542.08,0.001,-0.001,0.007654208000000001,0.07880001686026067,76537.695,-0.003,230.03906798700064,False
2026-04-29 02:18:37.792763+00:00,buy,76534.97,0.001,0.001,0.007653497,0.07865728525867163,76539.36499999999,-0.002,153.49644449000064,False
2026-04-29 02:19:21.464985+00:00,sell,76550.08,0.001,-0.001,0.0076550080000000005,0.07865728525846412,76545.685,-0.003,230.03886948200065,False
2026-04-29 02:19:25.305780+00:00,buy,76546.95,0.001,0.001,0.007654695,0.07865728525846412,76551.345,-0.002,153.48426478700063,False
2026-04-29 02:19:35.556931+00:00,sell,76555.73,0.001,-0.001,0.007655573000000001,0.07880001686026067,76551.345,-0.003,230.03233921400064,False
2026-04-29 02:21:15.655465+00:00,sell,76525.76,0.001,-0.001,0.007652576,0.07865728525846412,76521.36499999999,-0.004,306.55044663800066,False
2026-04-29 02:21:27.168001+00:00,sell,76525.75,0.001,-0.001,0.007652575000000001,0.0788000168600528,76521.36499999999,-0.005,383.0685440630007,False
2026-04-29 02:21:29.719378+00:00,sell,76525.76,0.001,-0.001,0.007652576,0.07865728525846412,76521.36499999999,-0.006,459.58665148700067,False
2026-04-29 02:21:37.417136+00:00,sell,76525.76,0.001,-0.001,0.007652576,0.07865728525846412,76521.36499999999,-0.007,536.1047589110005,False
2026-04-29 02:21:41.287133+00:00,buy,76516.97,0.001,0.001,0.007651697000000001,0.07865728525867163,76521.36499999999,-0.006,459.58013721400056,False
2026-04-29 02:22:27.646414+00:00,sell,76534.37,0.001,-0.001,0.007653437,0.07880001686026067,76529.985,-0.007,536.1068537770005,False
2026-04-29 02:23:15.189805+00:00,sell,76504.40000000001,0.001,-0.001,0.007650440000000001,0.07865728525846412,76500.005,-0.008,612.6036033370005,False
2026-04-29 02:23:30.562540+00:00,sell,76499.88,0.001,-0.001,0.007649988000000001,0.0788000168600528,76495.495,-0.009000000000000001,689.0958333490005,False
2026-04-29 02:23:31.846861+00:00,sell,76499.88,0.001,-0.001,0.007649988000000001,0.0788000168600528,76495.495,-0.010000000000000002,765.5880633610004,False
2026-04-29 02:23:42.148147+00:00,buy,76489.08,0.001,0.001,0.007648908000000001,0.07865728525846412,76493.475,-0.009000000000000001,689.0913344530004,False
2026-04-29 02:23:54.955333+00:00,sell,76504.35,0.001,-0.001,0.0076504350000000014,0.07865728525846412,76499.955,-0.010000000000000002,765.5880340180005,False
2026-04-29 02:23:56.243936+00:00,buy,76495.56,0.001,0.001,0.007649556,0.07865728525846412,76499.955,-0.009000000000000001,689.0848244620005,False
2026-04-29 02:23:57.511576+00:00,sell,76504.35,0.001,-0.001,0.0076504350000000014,0.07865728525846412,76499.955,-0.010000000000000002,765.5815240270006,False
2026-04-29 02:24:29.687955+00:00,buy,76482.38,0.001,0.001,0.007648238000000001,0.07865728525867163,76486.775,-0.009000000000000001,689.0914957890005,False
2026-04-29 02:24:33.548650+00:00,buy,76482.38,0.001,0.001,0.007648238000000001,0.07865728525867163,76486.775,-0.008,612.6014675510005,False
2026-04-29 02:24:33.548650+00:00,sell,76491.17,0.001,-0.001,0.007649117,0.07865728525846412,76486.775,-0.009000000000000001,689.0849884340005,False
2026-04-29 02:24:41.275700+00:00,sell,76491.17,0.001,-0.001,0.007649117,0.07865728525846412,76486.775,-0.010000000000000002,765.5685093170005,False
2026-04-29 02:25:31.411917+00:00,buy,76504.14,0.001,0.001,0.007650414,0.07880001686026067,76508.525,-0.009000000000000001,689.0567189030005,False
2026-04-29 02:25:33.988847+00:00,buy,76504.13,0.001,0.001,0.007650413000000001,0.07865728525867163,76508.525,-0.008,612.5449384900005,False
2026-04-29 02:26:15.106992+00:00,sell,76512.92,0.001,-0.001,0.0076512920000000005,0.07865728525846412,76508.525,-0.009000000000000001,689.0502071980005,False
2026-04-29 02:26:17.672099+00:00,sell,76512.92,0.001,-0.001,0.0076512920000000005,0.07865728525846412,76508.525,-0.010000000000000002,765.5554759060005,False
2026-04-29 02:26:20.237242+00:00,buy,76504.13,0.001,0.001,0.007650413000000001,0.07865728525867163,76508.525,-0.009000000000000001,689.0436954930005,False
2026-04-29 02:26:33.103904+00:00,sell,76505.90000000001,0.001,-0.001,0.007650590000000001,0.0788000168600528,76501.515,-0.010000000000000002,765.5419449030005,False
2026-04-29 02:28:09.332041+00:00,buy,76470.39,0.001,0.001,0.0076470390000000004,0.07865728525846412,76474.785,-0.009000000000000001,689.0639078640006,False
2026-04-29 02:28:13.165995+00:00,sell,76479.18000000001,0.001,-0.001,0.007647918000000002,0.07865728525846412,76474.785,-0.010000000000000002,765.5354399460007,False
2026-04-29 02:28:24.784577+00:00,buy,76470.39,0.001,0.001,0.0076470390000000004,0.07865728525846412,76474.785,-0.009000000000000001,689.0574029070008,False
2026-04-29 02:28:37.700459+00:00,buy,76470.39,0.001,0.001,0.0076470390000000004,0.07865728525846412,76474.785,-0.008,612.5793658680009,False
2026-04-29 02:28:40.257853+00:00,sell,76479.18000000001,0.001,-0.001,0.007647918000000002,0.07865728525846412,76474.785,-0.009000000000000001,689.050897950001,False
2026-04-29 02:28:47.976926+00:00,sell,76479.16,0.001,-0.001,0.007647916000000001,0.0788000168600528,76474.775,-0.010000000000000002,765.5224100340009,False
2026-04-29 02:29:39.331526+00:00,buy,76456.56,0.001,0.001,0.007645656000000001,0.07851481218867412,76460.965,-0.009000000000000001,689.0582043780009,False
2026-04-29 02:30:01.210874+00:00,sell,76465.36,0.001,-0.001,0.007646536000000001,0.07865728525846412,76460.965,-0.010000000000000002,765.5159178420009,False
2026-04-29 02:30:06.308897+00:00,buy,76456.57,0.001,0.001,0.007645657000000001,0.07865728525867163,76460.965,-0.009000000000000001,689.0517021850009,False
2026-04-29 02:30:08.913739+00:00,sell,76465.37,0.001,-0.001,0.007646537,0.07851481218867412,76460.965,-0.010000000000000002,765.5094256480008,False
2026-04-29 02:30:11.475852+00:00,buy,76464.22,0.001,0.001,0.007646422000000001,0.07865728525867163,76468.61499999999,-0.009000000000000001,689.0375592260009,False
2026-04-29 02:30:17.883031+00:00,buy,76464.22,0.001,0.001,0.007646422000000001,0.07865728525867163,76468.61499999999,-0.008,612.565692804001,False
2026-04-29 02:33:05.413561+00:00,buy,76427.46,0.001,0.001,0.0076427460000000015,0.07865728525846412,76431.85500000001,-0.007,536.130590058001,False
2026-04-29 02:33:23.500324+00:00,buy,76429.84,0.001,0.001,0.007642984,0.0788000168600528,76434.225,-0.006,459.693107074001,False
2026-04-29 02:33:24.768137+00:00,buy,76429.84,0.001,0.001,0.007642984,0.0788000168600528,76434.225,-0.005,383.255624090001,False
2026-04-29 02:33:53.029813+00:00,buy,76431.55,0.001,0.001,0.007643155000000001,0.07865728525846412,76435.945,-0.004,306.816430935001,False
2026-04-29 02:34:01.996146+00:00,buy,76431.55,0.001,0.001,0.007643155000000001,0.07865728525846412,76435.945,-0.003,230.37723778000097,False
2026-04-29 02:34:42.964940+00:00,buy,76440.48,0.001,0.001,0.0076440480000000005,0.07865728525846412,76444.875,-0.002,153.92911373200096,False
2026-04-29 02:34:45.522247+00:00,sell,76449.27,0.001,-0.001,0.007644927000000001,0.07865728525846412,76444.875,-0.003,230.37073880500097,False
2026-04-29 02:34:48.083223+00:00,sell,76449.27,0.001,-0.001,0.007644927000000001,0.07865728525846412,76444.875,-0.004,306.81236387800095,False
2026-04-29 02:34:57.025631+00:00,sell,76449.27,0.001,-0.001,0.007644927000000001,0.07865728525846412,76444.875,-0.005,383.25398895100096,False
2026-04-29 02:35:29.060449+00:00,buy,76439.01,0.001,0.001,0.007643901,0.07880001686026067,76443.39499999999,-0.004,306.807335050001,False
2026-04-29 02:35:41.839885+00:00,buy,76439.01,0.001,0.001,0.007643901,0.07880001686026067,76443.39499999999,-0.003,230.36068114900098,False
2026-04-29 02:35:58.529963+00:00,buy,76429.85,0.001,0.001,0.0076429850000000014,0.07865728525867163,76434.245,-0.002,153.923188164001,False
2026-04-29 02:36:01.095296+00:00,buy,76429.85,0.001,0.001,0.0076429850000000014,0.07865728525867163,76434.245,-0.001,77.485695179001,False
2026-04-29 02:36:15.208432+00:00,buy,76429.85,0.001,0.001,0.0076429850000000014,0.07865728525867163,76434.245,0.0,1.048202194000997,False
2026-04-29 02:36:16.546789+00:00,buy,76429.85,0.001,0.001,0.0076429850000000014,0.07865728525867163,76434.245,0.001,-75.38929079099901,False
2026-04-29 02:36:25.527434+00:00,buy,76429.85,0.001,0.001,0.0076429850000000014,0.07865728525867163,76434.245,0.002,-151.82678377599902,False
2026-04-29 02:36:42.210505+00:00,buy,76441.51,0.001,0.001,0.007644151,0.07865728525846412,76445.905,0.003,-228.275937926999,False
2026-04-29 02:36:51.191559+00:00,buy,76441.51,0.001,0.001,0.007644151,0.07865728525846412,76445.905,0.004,-304.725092077999,False
2026-04-29 02:36:52.497725+00:00,buy,76441.51,0.001,0.001,0.007644151,0.07865728525846412,76445.905,0.005,-381.17424622899904,False
2026-04-29 02:37:02.717356+00:00,sell,76450.3,0.001,-0.001,0.007645030000000001,0.07865728525846412,76445.905,0.004,-304.731591258999,False
2026-04-29 02:37:11.673405+00:00,sell,76450.3,0.001,-0.001,0.007645030000000001,0.07865728525846412,76445.905,0.003,-228.288936288999,False
2026-04-29 02:37:12.959600+00:00,sell,76450.3,0.001,-0.001,0.007645030000000001,0.07865728525846412,76445.905,0.002,-151.846281318999,False
2026-04-29 02:37:34.889160+00:00,buy,76438.87,0.001,0.001,0.007643887,0.07865728525846412,76443.265,0.003,-228.292795205999,False
2026-04-29 02:37:40.014949+00:00,sell,76447.67,0.001,-0.001,0.007644767,0.07851481218867412,76443.265,0.002,-151.852769972999,False
2026-04-29 02:37:41.284503+00:00,sell,76447.67,0.001,-0.001,0.007644767,0.07851481218867412,76443.265,0.001,-75.412744739999,False
2026-04-29 02:37:45.155238+00:00,buy,76438.87,0.001,0.001,0.007643887,0.07865728525846412,76443.265,0.002,-151.85925862699898,False
2026-04-29 02:37:46.446623+00:00,buy,76438.87,0.001,0.001,0.007643887,0.07865728525846412,76443.265,0.003,-228.30577251399896,False
2026-04-29 02:38:06.557201+00:00,buy,76438.87,0.001,0.001,0.007643887,0.07865728525846412,76443.265,0.004,-304.7522864009989,False
2026-04-29 02:38:22.470444+00:00,sell,76443.68000000001,0.001,-0.001,0.007644368000000001,0.07865728525846412,76439.285,0.003,-228.31625076899888,False
2026-04-29 02:38:25.158923+00:00,buy,76434.89,0.001,0.001,0.007643489000000001,0.07865728525846412,76439.285,0.004,-304.75878425799885,False
2026-04-29 02:38:29.139887+00:00,sell,76443.68000000001,0.001,-0.001,0.007644368000000001,0.07865728525846412,76439.285,0.003,-228.32274862599883,False
2026-04-29 02:38:34.427041+00:00,sell,76443.67,0.001,-0.001,0.007644367000000001,0.07880001686026067,76439.285,0.002,-151.88672299299884,False
2026-04-29 02:38:39.702961+00:00,buy,76434.89,0.001,0.001,0.007643489000000001,0.07865728525846412,76439.285,0.003,-228.32925648199884,False
2026-04-29 02:38:45.078413+00:00,buy,76434.89,0.001,0.001,0.007643489000000001,0.07865728525846412,76439.285,0.004,-304.77178997099884,False
2026-04-29 02:39:10.423481+00:00,sell,76443.68000000001,0.001,-0.001,0.007644368000000001,0.07865728525846412,76439.285,0.003,-228.3357543389988,False
2026-04-29 02:39:14.467699+00:00,sell,76443.69,0.001,-0.001,0.007644369000000001,0.07851481218867412,76439.285,0.002,-151.8997087079988,False
2026-04-29 02:39:45.300551+00:00,sell,76443.68000000001,0.001,-0.001,0.007644368000000001,0.07865728525846412,76439.285,0.001,-75.46367307599878,False
2026-04-29 02:39:50.687820+00:00,buy,76434.89,0.001,0.001,0.007643489000000001,0.07865728525846412,76439.285,0.002,-151.90620656499877,False
2026-04-29 02:40:21.766666+00:00,buy,76434.89,0.001,0.001,0.007643489000000001,0.07865728525846412,76439.285,0.003,-228.34874005399877,False
2026-04-29 02:40:27.108541+00:00,buy,76434.89,0.001,0.001,0.007643489000000001,0.07865728525846412,76439.285,0.004,-304.79127354299874,False
2026-04-29 02:40:29.747474+00:00,sell,76443.69,0.001,-0.001,0.007644369000000001,0.07851481218867412,76439.285,0.003,-228.35522791199872,False
2026-04-29 02:41:00.570129+00:00,buy,76434.89,0.001,0.001,0.007643489000000001,0.07865728525846412,76439.285,0.004,-304.7977614009987,False
2026-04-29 02:41:35.178034+00:00,sell,76452.13,0.001,-0.001,0.007645213000000001,0.0788000168600528,76447.745,0.003,-228.35327661399867,False
2026-04-29 02:41:49.493258+00:00,sell,76452.14,0.001,-0.001,0.007645214000000001,0.07865728525846412,76447.745,0.002,-151.9087818279987,False
2026-04-29 02:41:53.501396+00:00,buy,76443.35,0.001,0.001,0.007644335000000001,0.07865728525867163,76447.745,0.003,-228.3597761629987,False
2026-04-29 02:41:56.145194+00:00,buy,76443.35,0.001,0.001,0.007644335000000001,0.07865728525867163,76447.745,0.004,-304.81077049799876,False
2026-04-29 02:41:56.145194+00:00,sell,76452.14,0.001,-0.001,0.007645214000000001,0.07865728525846412,76447.745,0.003,-228.36627571199878,False
2026-04-29 02:42:02.933101+00:00,sell,76452.14,0.001,-0.001,0.007645214000000001,0.07865728525846412,76447.745,0.002,-151.92178092599877,False
2026-04-29 02:42:05.592625+00:00,sell,76452.14,0.001,-0.001,0.007645214000000001,0.07865728525846412,76447.745,0.001,-75.47728613999877,False
2026-04-29 02:42:19.008534+00:00,buy,76443.35,0.001,0.001,0.007644335000000001,0.07865728525867163,76447.745,0.002,-151.9282804749988,False
2026-04-29 02:42:37.634190+00:00,buy,76443.35,0.001,0.001,0.007644335000000001,0.07865728525867163,76447.745,0.003,-228.3792748099988,False
2026-04-29 02:42:44.370502+00:00,sell,76452.14,0.001,-0.001,0.007645214000000001,0.07865728525846412,76447.745,0.002,-151.9347800239988,False
2026-04-29 02:42:47.029957+00:00,sell,76452.14,0.001,-0.001,0.007645214000000001,0.07865728525846412,76447.745,0.001,-75.49028523799879,False
2026-04-29 02:43:01.760231+00:00,buy,76443.34,0.001,0.001,0.007644334,0.07851481218867412,76447.745,0.002,-151.9412695719988,False
2026-04-29 02:43:12.523207+00:00,buy,76443.35,0.001,0.001,0.007644335000000001,0.07865728525867163,76447.745,0.003,-228.3922639069988,False
2026-04-29 02:43:15.166735+00:00,buy,76443.35,0.001,0.001,0.007644335000000001,0.07865728525867163,76447.745,0.004,-304.8432582419988,False
2026-04-29 02:43:28.629658+00:00,sell,76452.14,0.001,-0.001,0.007645214000000001,0.07865728525846412,76447.745,0.003,-228.39876345599882,False
2026-04-29 02:43:35.379959+00:00,buy,76443.35,0.001,0.001,0.007644335000000001,0.07865728525867163,76447.745,0.004,-304.84975779099886,False
2026-04-29 02:43:42.106349+00:00,sell,76452.14,0.001,-0.001,0.007645214000000001,0.07865728525846412,76447.745,0.003,-228.4052630049989,False
2026-04-29 02:44:03.545341+00:00,buy,76450.89,0.001,0.001,0.007645089000000001,0.07865728525846412,76455.285,0.004,-304.86379809399887,False
2026-04-29 02:44:39.563199+00:00,buy,76451.37,0.001,0.001,0.007645137000000001,0.07865728525846412,76455.765,0.005,-381.32281323099886,False
2026-04-29 02:44:47.637257+00:00,buy,76451.37,0.001,0.001,0.007645137000000001,0.07865728525846412,76455.765,0.006,-457.78182836799886,False
2026-04-29 02:44:57.058466+00:00,sell,76439.61,0.001,-0.001,0.007643961,0.07865728525846412,76435.215,0.005,-381.3498623289988,False
2026-04-29 02:44:59.707454+00:00,buy,76430.81,0.001,0.001,0.007643081,0.07851481218867412,76435.215,0.006,-457.78831540999886,False
2026-04-29 02:45:01.078337+00:00,sell,76438.68000000001,0.001,-0.001,0.007643868000000002,0.0788000168600528,76434.295,0.005,-381.3572792779989,False
2026-04-29 02:45:07.738081+00:00,buy,76429.90000000001,0.001,0.001,0.007642990000000001,0.07865728525867163,76434.295,0.006,-457.79482226799894,False
2026-04-29 02:45:41.101953+00:00,buy,76446.40000000001,0.001,0.001,0.007644640000000001,0.07880001686026067,76450.785,0.007,-534.248866907999,False
2026-04-29 02:46:13.298152+00:00,sell,76469.25,0.001,-0.001,0.007646925000000001,0.07865728525867163,76464.85500000001,0.006,-457.787263832999,False
2026-04-29 02:46:21.356945+00:00,buy,76460.46,0.001,0.001,0.007646046000000001,0.07865728525846412,76464.85500000001,0.007,-534.255369878999,False
2026-04-29 02:46:38.785990+00:00,sell,76465.38,0.001,-0.001,0.007646538000000001,0.0788000168600528,76460.995,0.006,-457.797636416999,False
2026-04-29 02:46:59.194844+00:00,sell,76465.38,0.001,-0.001,0.007646538000000001,0.0788000168600528,76460.995,0.005,-381.33990295499905,False
2026-04-29 02:47:20.432867+00:00,sell,76472.07,0.001,-0.001,0.007647207000000001,0.07865728525825662,76467.67499999999,0.004,-304.875480161999,False
2026-04-29 02:47:25.750828+00:00,buy,76463.28,0.001,0.001,0.007646328000000001,0.07865728525867163,76467.67499999999,0.005,-381.346406489999,False
2026-04-29 02:47:27.082375+00:00,buy,76463.28,0.001,0.001,0.007646328000000001,0.07865728525867163,76467.67499999999,0.006,-457.81733281799904,False
2026-04-29 02:47:59.283832+00:00,buy,76463.28,0.001,0.001,0.007646328000000001,0.07865728525867163,76467.67499999999,0.007,-534.2882591459991,False
2026-04-29 02:48:04.683557+00:00,buy,76463.28,0.001,0.001,0.007646328000000001,0.07865728525867163,76467.67499999999,0.008,-610.759185473999,False
2026-04-29 02:48:23.515937+00:00,buy,76463.28,0.001,0.001,0.007646328000000001,0.07865728525867163,76467.67499999999,0.009000000000000001,-687.2301118019989,False
2026-04-29 02:48:28.862139+00:00,buy,76463.28,0.001,0.001,0.007646328000000001,0.07865728525867163,76467.67499999999,0.010000000000000002,-763.7010381299988,False
2026-04-29 02:48:30.212524+00:00,sell,76472.07,0.001,-0.001,0.007647207000000001,0.07865728525825662,76467.67499999999,0.009000000000000001,-687.2366153369987,False
2026-04-29 02:48:50.243640+00:00,buy,76463.28,0.001,0.001,0.007646328000000001,0.07865728525867163,76467.67499999999,0.010000000000000002,-763.7075416649986,False
2026-04-29 02:48:50.243640+00:00,sell,76472.07,0.001,-0.001,0.007647207000000001,0.07865728525825662,76467.67499999999,0.009000000000000001,-687.2431188719986,False
2026-04-29 02:49:23.746821+00:00,buy,76463.28,0.001,0.001,0.007646328000000001,0.07865728525867163,76467.67499999999,0.010000000000000002,-763.7140451999985,False
2026-04-29 02:52:20.705061+00:00,sell,76519.13,0.001,-0.001,0.0076519130000000015,0.0788000168600528,76514.745,0.009000000000000001,-687.2025671129985,False
2026-04-29 02:52:22.022536+00:00,sell,76519.13,0.001,-0.001,0.0076519130000000015,0.0788000168600528,76514.745,0.008,-610.6910890259985,False
2026-04-29 02:52:35.349745+00:00,sell,76516.17,0.001,-0.001,0.007651617,0.07880001686026067,76511.785,0.007,-534.1825706429985,False
2026-04-29 02:53:10.341131+00:00,sell,76499.89,0.001,-0.001,0.007649989,0.07865728525846412,76495.495,0.006,-457.6903306319985,False
2026-04-29 02:53:18.442272+00:00,buy,76505.61,0.001,0.001,0.007650561000000001,0.07865728525846412,76510.005,0.007,-534.2035911929985,False
2026-04-29 02:53:26.529010+00:00,sell,76514.39,0.001,-0.001,0.007651439,0.07880001686026067,76510.005,0.006,-457.6968526319985,False
2026-04-29 02:53:42.722159+00:00,buy,76505.6,0.001,0.001,0.0076505600000000016,0.07851481218867412,76510.005,0.007,-534.2101031919985,False
2026-04-29 02:53:42.722159+00:00,sell,76514.40000000001,0.001,-0.001,0.0076514400000000015,0.07865728525846412,76510.005,0.006,-457.70335463199854,False
2026-04-29 02:54:23.134051+00:00,sell,76500.07,0.001,-0.001,0.007650007000000001,0.0788000168600528,76495.685,0.005,-381.21093463899854,False
2026-04-29 02:54:36.516979+00:00,sell,76498.87,0.001,-0.001,0.007649887,0.07880001686026067,76494.485,0.004,-304.71971452599854,False
2026-04-29 02:55:14.123600+00:00,buy,76487.56,0.001,0.001,0.0076487560000000005,0.07865728525846412,76491.955,0.005,-381.2149232819985,False
2026-04-29 02:55:23.524932+00:00,buy,76489.62,0.001,0.001,0.0076489620000000005,0.07851481218867412,76494.025,0.006,-457.7121922439985,False
2026-04-29 02:55:31.512159+00:00,sell,76498.41,0.001,-0.001,0.007649841000000001,0.0788000168600528,76494.025,0.005,-381.22143208499847,False
2026-04-29 02:55:35.562627+00:00,sell,76498.41,0.001,-0.001,0.007649841000000001,0.0788000168600528,76494.025,0.004,-304.7306719259984,False
2026-04-29 02:55:44.940882+00:00,sell,76498.41,0.001,-0.001,0.007649841000000001,0.0788000168600528,76494.025,0.003,-228.2399117669984,False
2026-04-29 02:56:01.023577+00:00,sell,76497.35,0.001,-0.001,0.007649735000000001,0.0788000168600528,76492.965,0.002,-151.7502115019984,False
2026-04-29 02:56:17.089472+00:00,sell,76497.35,0.001,-0.001,0.007649735000000001,0.0788000168600528,76492.965,0.001,-75.26051123699838,False
2026-04-29 02:56:26.476970+00:00,sell,76497.35,0.001,-0.001,0.007649735000000001,0.0788000168600528,76492.965,0.0,1.2291890280016287,False
2026-04-29 02:56:33.210853+00:00,sell,76497.37,0.001,-0.001,0.007649737,0.07865728525867163,76492.975,-0.001,77.71890929100164,False
2026-04-29 02:56:35.903524+00:00,buy,76488.59,0.001,0.001,0.007648859,0.07865728525846412,76492.985,0.0,1.222670432001635,False
2026-04-29 02:57:05.475693+00:00,buy,76498.96,0.001,0.001,0.0076498960000000015,0.07865728525846412,76503.35500000001,0.001,-75.28393946399838,False
2026-04-29 02:57:10.836764+00:00,buy,76498.96,0.001,0.001,0.0076498960000000015,0.07865728525846412,76503.35500000001,0.002,-151.79054935999838,False
2026-04-29 02:57:22.833669+00:00,buy,76498.96,0.001,0.001,0.0076498960000000015,0.07865728525846412,76503.35500000001,0.003,-228.2971592559984,False
2026-04-29 02:57:26.893405+00:00,sell,76507.75,0.001,-0.001,0.007650775,0.07865728525867163,76503.35500000001,0.002,-151.7970600309984,False
2026-04-29 02:57:28.218866+00:00,buy,76493.77,0.001,0.001,0.0076493770000000015,0.07865728525846412,76498.16500000001,0.003,-228.29847940799843,False
2026-04-29 02:57:37.604442+00:00,sell,76502.57,0.001,-0.001,0.0076502570000000015,0.07851481218867412,76498.16500000001,0.002,-151.8035596649984,False
2026-04-29 02:57:38.958242+00:00,buy,76493.77,0.001,0.001,0.0076493770000000015,0.07865728525846412,76498.16500000001,0.003,-228.30497904199842,False
2026-04-29 02:57:42.947673+00:00,sell,76502.57,0.001,-0.001,0.0076502570000000015,0.07851481218867412,76498.16500000001,0.002,-151.81005929899842,False
2026-04-29 02:57:44.269500+00:00,buy,76493.77,0.001,0.001,0.0076493770000000015,0.07865728525846412,76498.16500000001,0.003,-228.31147867599844,False
2026-04-29 02:57:45.606144+00:00,buy,76493.77,0.001,0.001,0.0076493770000000015,0.07865728525846412,76498.16500000001,0.004,-304.81289805299843,False
2026-04-29 02:57:46.963405+00:00,buy,76493.77,0.001,0.001,0.0076493770000000015,0.07865728525846412,76498.16500000001,0.005,-381.3143174299985,False
2026-04-29 02:58:00.384813+00:00,sell,76502.56,0.001,-0.001,0.007650256,0.07865728525867163,76498.16500000001,0.004,-304.81940768599844,False
2026-04-29 02:59:01.970494+00:00,buy,76501.39,0.001,0.001,0.007650139,0.07880001686026067,76505.775,0.005,-381.3284478249985,False
2026-04-29 02:59:34.060677+00:00,buy,76503.54000000001,0.001,0.001,0.007650354000000002,0.07865728525867163,76507.935,0.006,-457.8396381789985,False
2026-04-29 03:00:19.708640+00:00,buy,76531.88,0.001,0.001,0.007653188000000001,0.07880001686026067,76536.265,0.007,-534.3791713669984,False
2026-04-29 03:00:30.458945+00:00,buy,76531.88,0.001,0.001,0.007653188000000001,0.07880001686026067,76536.265,0.008,-610.9187045549984,False
2026-04-29 03:00:33.146815+00:00,buy,76531.88,0.001,0.001,0.007653188000000001,0.07880001686026067,76536.265,0.009000000000000001,-687.4582377429983,False
2026-04-29 03:00:45.226683+00:00,buy,76531.88,0.001,0.001,0.007653188000000001,0.07880001686026067,76536.265,0.010000000000000002,-763.9977709309983,False
2026-04-29 03:00:50.960733+00:00,sell,76543.40000000001,0.001,-0.001,0.007654340000000002,0.07865728525846412,76539.005,0.009000000000000001,-687.4620252709983,False
2026-04-29 03:00:53.629154+00:00,buy,76534.61,0.001,0.001,0.007653461,0.07865728525846412,76539.005,0.010000000000000002,-764.0042887319984,False
2026-04-29 03:02:23.461055+00:00,sell,76593.69,0.001,-0.001,0.007659369000000001,0.07851481218867412,76589.285,0.009000000000000001,-687.4182581009983,False
2026-04-29 03:02:42.226032+00:00,sell,76582.25,0.001,-0.001,0.007658225,0.07865728525867163,76577.85500000001,0.008,-610.8436663259982,False
2026-04-29 03:02:48.964057+00:00,sell,76582.24,0.001,-0.001,0.007658224000000001,0.07880001686026067,76577.85500000001,0.007,-534.2690845499982,False
2026-04-29 03:02:54.329700+00:00,buy,76574.82,0.001,0.001,0.007657482000000001,0.07865728525867163,76579.215,0.008,-610.8515620319982,False
2026-04-29 03:03:11.720110+00:00,sell,76583.61,0.001,-0.001,0.007658361000000001,0.07865728525846412,76579.215,0.007,-534.2756103929983,False
2026-04-29 03:03:34.373008+00:00,sell,76582.24,0.001,-0.001,0.007658224000000001,0.07880001686026067,76577.85500000001,0.006,-457.70102861699826,False
2026-04-29 03:03:37.060737+00:00,sell,76582.24,0.001,-0.001,0.007658224000000001,0.07880001686026067,76577.85500000001,0.005,-381.12644684099826,False
2026-04-29 03:03:38.402694+00:00,sell,76582.24,0.001,-0.001,0.007658224000000001,0.07880001686026067,76577.85500000001,0.004,-304.55186506499825,False
2026-04-29 03:03:54.476610+00:00,sell,76575.99,0.001,-0.001,0.007657599000000001,0.07880001686026067,76571.60500000001,0.003,-227.98353266399826,False
2026-04-29 03:04:09.180255+00:00,buy,76530.38,0.001,0.001,0.007653038000000001,0.07880001686026067,76534.765,0.004,-304.52156570199827,False
2026-04-29 03:04:10.500354+00:00,buy,76530.38,0.001,0.001,0.007653038000000001,0.07880001686026067,76534.765,0.005,-381.0595987399983,False
2026-04-29 03:04:17.171515+00:00,buy,76530.38,0.001,0.001,0.007653038000000001,0.07880001686026067,76534.765,0.006,-457.5976317779983,False
2026-04-29 03:04:33.260095+00:00,sell,76539.16,0.001,-0.001,0.007653916000000001,0.07865728525846412,76534.765,0.005,-381.0661256939983,False
2026-04-29 03:04:41.345348+00:00,sell,76539.16,0.001,-0.001,0.007653916000000001,0.07865728525846412,76534.765,0.004,-304.53461960999823,False
2026-04-29 03:04:52.078417+00:00,sell,76539.14,0.001,-0.001,0.007653914,0.07880001686026067,76534.755,0.003,-228.00313352399823,False
2026-04-29 03:05:09.493808+00:00,buy,76524.6,0.001,0.001,0.0076524600000000016,0.07865728525867163,76528.995,0.004,-304.5353859839982,False
2026-04-29 03:05:28.201389+00:00,sell,76524.34,0.001,-0.001,0.0076524340000000005,0.07865728525867163,76519.945,0.003,-228.0186984179982,False
2026-04-29 03:05:32.260723+00:00,sell,76524.35,0.001,-0.001,0.007652435000000001,0.07851481218867412,76519.945,0.002,-151.5020008529982,False
2026-04-29 03:06:16.583222+00:00,sell,76539.39,0.001,-0.001,0.007653939,0.07865728525846412,76534.995,0.001,-74.9702647919982,False
2026-04-29 03:06:23.279569+00:00,sell,76539.39,0.001,-0.001,0.007653939,0.07865728525846412,76534.995,0.0,1.5614712690017931,False
2026-04-29 03:06:41.867047+00:00,sell,76539.39,0.001,-0.001,0.007653939,0.07865728525846412,76534.995,-0.001,78.0932073300018,False
2026-04-29 03:06:47.210607+00:00,sell,76546.75,0.001,-0.001,0.0076546750000000005,0.07865728525867163,76542.35500000001,-0.002,154.6323026550018,False
2026-04-29 03:07:15.334447+00:00,buy,76547.23,0.001,0.001,0.007654723,0.07880001686026067,76551.61499999999,-0.001,78.07741793200181,False
2026-04-29 03:07:28.640196+00:00,buy,76550.7,0.001,0.001,0.007655070000000001,0.07865728525846412,76555.095,0.0,1.5190628620018158,False
2026-04-29 03:07:41.973548+00:00,buy,76550.71,0.001,0.001,0.007655071000000001,0.07880001686026067,76555.095,0.001,-75.0393022089982,False
2026-04-29 03:07:50.031027+00:00,buy,76558.34,0.001,0.001,0.007655834,0.07865728525846412,76562.735,0.002,-151.6052980429982,False
2026-04-29 03:08:00.798068+00:00,buy,76558.34,0.001,0.001,0.007655834,0.07865728525846412,76562.735,0.003,-228.17129387699816,False
2026-04-29 03:08:26.078503+00:00,sell,76553.77,0.001,-0.001,0.007655377000000001,0.07865728525846412,76549.375,0.002,-151.62517925399817,False
2026-04-29 03:08:30.089130+00:00,sell,76553.77,0.001,-0.001,0.007655377000000001,0.07865728525846412,76549.375,0.001,-75.07906463099818,False
2026-04-29 03:08:31.442164+00:00,sell,76553.77,0.001,-0.001,0.007655377000000001,0.07865728525846412,76549.375,0.0,1.4670499920018247,False
2026-04-29 03:08:56.872001+00:00,buy,76550.71,0.001,0.001,0.007655071000000001,0.07880001686026067,76555.095,0.001,-75.09131507899819,False
2026-04-29 03:09:27.816618+00:00,buy,76550.71,0.001,0.001,0.007655071000000001,0.07880001686026067,76555.095,0.002,-151.64968014999818,False
2026-04-29 03:09:29.124013+00:00,buy,76553.26,0.001,0.001,0.0076553260000000005,0.07880001686026067,76557.64499999999,0.003,-228.21059547599816,False
2026-04-29 03:09:33.106753+00:00,buy,76553.26,0.001,0.001,0.0076553260000000005,0.07880001686026067,76557.64499999999,0.004,-304.7715108019982,False
2026-04-29 03:09:45.149588+00:00,buy,76562.57,0.001,0.001,0.007656257000000001,0.07880001686026067,76566.955,0.005,-381.3417370589982,False
2026-04-29 03:09:46.508825+00:00,buy,76563.34,0.001,0.001,0.007656334000000001,0.0788000168600528,76567.725,0.006,-457.9127333929982,False
2026-04-29 03:09:57.184632+00:00,buy,76563.34,0.001,0.001,0.007656334000000001,0.0788000168600528,76567.725,0.007,-534.4837297269981,False
2026-04-29 03:10:10.847713+00:00,buy,76572.22,0.001,0.001,0.007657222000000001,0.0788000168600528,76576.60500000001,0.008,-611.0636069489982,False
2026-04-29 03:10:57.699719+00:00,sell,76592.09,0.001,-0.001,0.007659209,0.07865728525867163,76587.695,0.007,-534.4791761579983,False
2026-04-29 03:12:42.138373+00:00,sell,76619.93000000001,0.001,-0.001,0.0076619930000000015,0.07865728525846412,76615.535,0.006,-457.86690815099826,False
2026-04-29 03:12:43.431092+00:00,buy,76611.14,0.001,0.001,0.007661114000000001,0.07865728525846412,76615.535,0.007,-534.4857092649983,False
2026-04-29 03:13:16.960514+00:00,sell,76614.40000000001,0.001,-0.001,0.007661440000000001,0.07865728525846412,76610.005,0.006,-457.87897070499827,False
2026-04-29 03:13:25.058294+00:00,buy,76605.61,0.001,0.001,0.007660561000000001,0.07865728525846412,76610.005,0.007,-534.4922412659982,False
2026-04-29 03:13:42.454207+00:00,buy,76605.62,0.001,0.001,0.007660562,0.0788000168600528,76610.005,0.008,-611.1055218279982,False
2026-04-29 03:13:59.690361+00:00,buy,76609.56,0.001,0.001,0.007660956,0.0788000168600528,76613.945,0.009000000000000001,-687.7227427839982,False
2026-04-29 03:14:13.069906+00:00,buy,76618.38,0.001,0.001,0.0076618380000000015,0.07865728525867163,76622.775,0.010000000000000002,-764.3487846219982,False
2026-04-29 03:15:32.305690+00:00,sell,76654.38,0.001,-0.001,0.007665438000000001,0.0788000168600528,76649.995,0.009000000000000001,-687.7020700599983,False
2026-04-29 03:15:37.599675+00:00,sell,76651.22,0.001,-0.001,0.007665122000000001,0.07865728525867163,76646.82500000001,0.008,-611.0585151819984,False
2026-04-29 03:15:41.599275+00:00,sell,76651.22,0.001,-0.001,0.007665122000000001,0.07865728525867163,76646.82500000001,0.007,-534.4149603039984,False
2026-04-29 03:15:45.651286+00:00,sell,76651.22,0.001,-0.001,0.007665122000000001,0.07865728525867163,76646.82500000001,0.006,-457.7714054259984,False
2026-04-29 03:15:49.703018+00:00,buy,76642.43000000001,0.001,0.001,0.007664243000000001,0.07865728525846412,76646.82500000001,0.007,-534.4214996689984,False
2026-04-29 03:15:51.037892+00:00,buy,76642.43000000001,0.001,0.001,0.007664243000000001,0.07865728525846412,76646.82500000001,0.008,-611.0715939119984,False
2026-04-29 03:16:24.651794+00:00,buy,76644.16,0.001,0.001,0.007664416000000001,0.07865728525867163,76648.555,0.009000000000000001,-687.7234183279985,False
2026-04-29 03:16:27.321446+00:00,buy,76644.16,0.001,0.001,0.007664416000000001,0.07865728525867163,76648.555,0.010000000000000002,-764.3752427439985,False
2026-04-29 03:16:28.631200+00:00,sell,76652.96,0.001,-0.001,0.007665296000000001,0.07851481218846697,76648.555,0.009000000000000001,-687.7299480399985,False
2026-04-29 03:16:50.087179+00:00,buy,76655.61,0.001,0.001,0.007665561,0.07880001686026067,76659.995,0.010000000000000002,-764.3932236009985,False
2026-04-29 03:25:09.405290+00:00,sell,76854.39,0.001,-0.001,0.0076854390000000005,0.07880001686026067,76850.005,0.009000000000000001,-687.5465190399985,False
2026-04-29 03:25:17.506266+00:00,sell,76872.42,0.001,-0.001,0.007687242,0.07865728525846412,76868.025,0.008,-610.6817862819985,False
2026-04-29 03:26:03.121723+00:00,sell,76839.95,0.001,-0.001,0.007683995000000001,0.07865728525846412,76835.555,0.007,-533.8495202769984,False
2026-04-29 03:26:07.106129+00:00,sell,76839.95,0.001,-0.001,0.007683995000000001,0.07865728525846412,76835.555,0.006,-457.0172542719984,False
2026-04-29 03:26:16.459502+00:00,sell,76839.95,0.001,-0.001,0.007683995000000001,0.07865728525846412,76835.555,0.005,-380.1849882669984,False
2026-04-29 03:26:21.820211+00:00,buy,76831.15000000001,0.001,0.001,0.007683115000000002,0.07851481218888125,76835.555,0.006,-457.0238213819984,False
2026-04-29 03:26:37.795740+00:00,buy,76839.13,0.001,0.001,0.007683913000000001,0.07865728525867163,76843.525,0.007,-533.8706352949985,False
2026-04-29 03:26:40.440689+00:00,sell,76847.92,0.001,-0.001,0.007684792,0.07865728525846412,76843.525,0.006,-457.0304000869985,False
2026-04-29 03:26:56.463511+00:00,sell,76833.84,0.001,-0.001,0.007683384000000001,0.07880001686026067,76829.455,0.005,-380.2042434709985,False
2026-04-29 03:26:59.121447+00:00,sell,76833.84,0.001,-0.001,0.007683384000000001,0.07880001686026067,76829.455,0.004,-303.3780868549985,False
2026-04-29 03:27:15.101522+00:00,buy,76825.27,0.001,0.001,0.0076825270000000015,0.07865728525846412,76829.66500000001,0.005,-380.2110393819985,False
2026-04-29 03:27:19.147573+00:00,sell,76834.05,0.001,-0.001,0.007683405000000001,0.07880001686026067,76829.66500000001,0.004,-303.3846727869985,False
2026-04-29 03:27:23.135335+00:00,buy,76825.27,0.001,0.001,0.0076825270000000015,0.07865728525846412,76829.66500000001,0.005,-380.2176253139985,False
2026-04-29 03:28:03.249909+00:00,buy,76811.28,0.001,0.001,0.007681128000000001,0.07865728525867163,76815.67499999999,0.006,-457.0365864419985,False
2026-04-29 03:28:04.587215+00:00,buy,76819.5,0.001,0.001,0.007681950000000001,0.0788000168600528,76823.88500000001,0.007,-533.8637683919985,False
2026-04-29 03:28:08.582093+00:00,buy,76825.27,0.001,0.001,0.0076825270000000015,0.07865728525846412,76829.66500000001,0.008,-610.6967209189986,False
2026-04-29 03:28:09.938118+00:00,buy,76825.27,0.001,0.001,0.0076825270000000015,0.07865728525846412,76829.66500000001,0.009000000000000001,-687.5296734459987,False
2026-04-29 03:28:11.306535+00:00,buy,76825.27,0.001,0.001,0.0076825270000000015,0.07865728525846412,76829.66500000001,0.010000000000000002,-764.3626259729988,False
2026-04-29 03:28:19.386870+00:00,sell,76827.64,0.001,-0.001,0.007682764000000001,0.07865728525846412,76823.245,0.009000000000000001,-687.5426687369988,False
2026-04-29 03:28:23.363475+00:00,sell,76827.64,0.001,-0.001,0.007682764000000001,0.07865728525846412,76823.245,0.008,-610.7227115009989,False
2026-04-29 03:28:26.022357+00:00,buy,76818.85,0.001,0.001,0.007681885000000001,0.07865728525867163,76823.245,0.009000000000000001,-687.5492433859989,False
2026-04-29 03:28:26.022357+00:00,sell,76827.64,0.001,-0.001,0.007682764000000001,0.07865728525846412,76823.245,0.008,-610.729286149999,False
2026-04-29 03:28:31.356110+00:00,sell,76827.64,0.001,-0.001,0.007682764000000001,0.07865728525846412,76823.245,0.007,-533.909328913999,False
2026-04-29 03:28:43.482371+00:00,buy,76839.57,0.001,0.001,0.007683957000000002,0.07880001686026067,76843.955,0.008,-610.7565828709991,False
2026-04-29 03:28:59.651281+00:00,buy,76839.55,0.001,0.001,0.007683955000000001,0.07851481218867412,76843.955,0.009000000000000001,-687.603816825999,False
2026-04-29 03:29:11.705880+00:00,buy,76839.57,0.001,0.001,0.007683957000000002,0.07880001686026067,76843.955,0.010000000000000002,-764.4510707829991,False
2026-04-29 03:29:30.525859+00:00,sell,76860.62,0.001,-0.001,0.0076860620000000004,0.07865728525867163,76856.225,0.009000000000000001,-687.598136844999,False
2026-04-29 03:29:33.195843+00:00,sell,76854.23,0.001,-0.001,0.007685423,0.07880001686026067,76849.845,0.008,-610.751592267999,False
2026-04-29 03:29:38.565422+00:00,buy,76851.34,0.001,0.001,0.007685134000000001,0.0788000168600528,76855.725,0.009000000000000001,-687.610617401999,False
2026-04-29 03:30:00.338873+00:00,sell,76886.38,0.001,-0.001,0.007688638000000001,0.0788000168600528,76881.995,0.008,-610.7319260399989,False
2026-04-29 03:30:04.328417+00:00,buy,76881.82,0.001,0.001,0.007688182000000002,0.07865728525867163,76886.215,0.009000000000000001,-687.6214342219989,False
2026-04-29 03:32:18.107688+00:00,buy,76842.40000000001,0.001,0.001,0.007684240000000002,0.07865728525867163,76846.795,0.010000000000000002,-764.4715184619989,False
2026-04-29 03:32:22.053536+00:00,sell,76851.2,0.001,-0.001,0.00768512,0.07851481218867412,76846.795,0.009000000000000001,-687.628003581999,False
2026-04-29 03:32:24.703398+00:00,buy,76842.40000000001,0.001,0.001,0.007684240000000002,0.07865728525867163,76846.795,0.010000000000000002,-764.478087821999,False
2026-04-29 03:32:43.405175+00:00,sell,76851.19,0.001,-0.001,0.007685119000000001,0.07865728525846412,76846.795,0.009000000000000001,-687.634582940999,False
2026-04-29 03:32:47.406489+00:00,buy,76842.40000000001,0.001,0.001,0.007684240000000002,0.07865728525867163,76846.795,0.010000000000000002,-764.484667180999,False
2026-04-29 03:33:06.160690+00:00,sell,76835.82,0.001,-0.001,0.007683582000000001,0.0788000168600528,76831.435,0.009000000000000001,-687.6565307629991,False
2026-04-29 03:33:07.507406+00:00,sell,76825.55,0.001,-0.001,0.007682555000000001,0.07865728525846412,76821.155,0.008,-610.838663317999,False
2026-04-29 03:33:28.887831+00:00,buy,76798.05,0.001,0.001,0.007679805000000001,0.07865728525846412,76802.445,0.009000000000000001,-687.644393122999,False
2026-04-29 03:33:53.422359+00:00,sell,76812.43000000001,0.001,-0.001,0.007681243000000002,0.07865728525846412,76808.035,0.008,-610.839644365999,False
2026-04-29 03:34:05.400448+00:00,buy,76810.97,0.001,0.001,0.0076810970000000004,0.0788000168600528,76815.35500000001,0.009000000000000001,-687.658295462999,False
2026-04-29 03:34:36.315854+00:00,sell,76830.24,0.001,-0.001,0.007683024000000001,0.07880001686026067,76825.85500000001,0.008,-610.835738486999,False
2026-04-29 03:34:49.648343+00:00,sell,76815.18000000001,0.001,-0.001,0.007681518000000002,0.07865728525846412,76810.785,0.007,-534.028240004999,False
2026-04-29 03:34:50.972712+00:00,sell,76815.18000000001,0.001,-0.001,0.007681518000000002,0.07865728525846412,76810.785,0.006,-457.22074152299905,False
2026-04-29 03:34:57.733121+00:00,buy,76810.96,0.001,0.001,0.007681096000000001,0.07880001686026067,76815.345,0.007,-534.0393826189991,False
2026-04-29 03:35:07.085404+00:00,buy,76812.31,0.001,0.001,0.007681231,0.0788000168600528,76816.695,0.008,-610.8593738499991,False
2026-04-29 03:35:51.293874+00:00,sell,76858.3,0.001,-0.001,0.007685830000000001,0.07880001686026067,76853.91500000001,0.007,-534.0087596799991,False
2026-04-29 03:36:13.399996+00:00,sell,76863.64,0.001,-0.001,0.007686364,0.07865728525846412,76859.245,0.006,-457.1528060439991,False
2026-04-29 03:46:07.236894+00:00,sell,77049.02,0.001,-0.001,0.007704902000000001,0.07880001686026067,77044.63500000001,0.005,-380.1114909459991,False
2026-04-29 03:46:15.268524+00:00,sell,77036.22,0.001,-0.001,0.007703622000000001,0.0788000168600528,77031.83499999999,0.004,-303.0829745679991,False
2026-04-29 03:46:27.420277+00:00,sell,77026.17,0.001,-0.001,0.007702617,0.07880001686026067,77021.785,0.003,-226.06450718499912,False
2026-04-29 03:46:28.755273+00:00,sell,77026.17,0.001,-0.001,0.007702617,0.07880001686026067,77021.785,0.002,-149.04603980199914,False
2026-04-29 03:46:35.486661+00:00,sell,77018.62,0.001,-0.001,0.007701862,0.07865728525867163,77014.225,0.001,-72.03512166399915,False
2026-04-29 03:46:36.811062+00:00,buy,77009.83,0.001,0.001,0.007700983000000001,0.07865728525846412,77014.225,0.002,-149.05265264699915,False
2026-04-29 03:46:44.852849+00:00,sell,77018.61,0.001,-0.001,0.007701861000000001,0.07880001686026067,77014.225,0.001,-72.04174450799916,False
2026-04-29 03:47:21.000469+00:00,sell,76996.0,0.001,-0.001,0.007699600000000001,0.0788000168600528,76991.61499999999,0.0,4.94655589200084,False
2026-04-29 03:47:22.364653+00:00,buy,76987.22,0.001,0.001,0.007698722000000001,0.07865728525867163,76991.61499999999,0.001,-72.04836282999916,False
2026-04-29 03:47:34.430586+00:00,sell,77018.38,0.001,-0.001,0.007701838000000001,0.0788000168600528,77013.995,0.0,4.962315332000844,False
2026-04-29 03:47:57.385465+00:00,buy,77023.08,0.001,0.001,0.007702308000000001,0.07880001686026067,77027.465,0.001,-72.06846697599917,False
2026-04-29 03:48:00.030416+00:00,buy,77027.01,0.001,0.001,0.007702701,0.07880001686026067,77031.39499999999,0.002,-149.10317967699916,False
2026-04-29 03:48:06.730103+00:00,buy,77027.0,0.001,0.001,0.007702700000000001,0.07865728525867163,77031.39499999999,0.003,-226.13788237699916,False
2026-04-29 03:48:08.044605+00:00,buy,77027.0,0.001,0.001,0.007702700000000001,0.07865728525867163,77031.39499999999,0.004,-303.17258507699916,False
2026-04-29 03:48:18.848634+00:00,sell,77019.86,0.001,-0.001,0.007701986000000001,0.07880001686026067,77015.475,0.003,-226.16042706299916,False
2026-04-29 03:48:20.215745+00:00,sell,77019.86,0.001,-0.001,0.007701986000000001,0.07880001686026067,77015.475,0.002,-149.14826904899914,False
2026-04-29 03:48:37.717578+00:00,sell,77004.91,0.001,-0.001,0.007700491000000001,0.0788000168600528,77000.525,0.001,-72.15105953999912,False
2026-04-29 03:48:44.397645+00:00,sell,77004.92,0.001,-0.001,0.007700492000000001,0.07865728525846412,77000.525,0.0,4.846159968000874,False
2026-04-29 03:48:47.063648+00:00,buy,76996.13,0.001,0.001,0.007699613000000001,0.07865728525867163,77000.525,0.001,-72.15766964499913,False
2026-04-29 03:49:03.092003+00:00,buy,77007.43000000001,0.001,0.001,0.007700743000000001,0.07880001686026067,77011.815,0.002,-149.17280038799913,False
2026-04-29 03:49:24.587538+00:00,buy,77007.88,0.001,0.001,0.007700788000000001,0.07865728525867163,77012.275,0.003,-226.18838117599913,False
2026-04-29 03:49:39.339745+00:00,sell,77016.67,0.001,-0.001,0.007701667000000001,0.07865728525846412,77012.275,0.002,-149.1794128429991,False
2026-04-29 03:49:51.437943+00:00,buy,77007.88,0.001,0.001,0.007700788000000001,0.07865728525867163,77012.275,0.003,-226.1949936309991,False
2026-04-29 03:50:06.233688+00:00,sell,77007.61,0.001,-0.001,0.007700761,0.07865728525846412,77003.215,0.002,-149.1950843919991,False
2026-04-29 03:50:16.892917+00:00,sell,77007.6,0.001,-0.001,0.007700760000000001,0.0788000168600528,77003.215,0.001,-72.1951851519991,False
2026-04-29 03:50:28.918454+00:00,buy,76994.38,0.001,0.001,0.007699438000000001,0.07865728525867163,76998.775,0.002,-149.1972645899991,False
2026-04-29 03:50:51.708175+00:00,sell,77003.16,0.001,-0.001,0.007700316000000001,0.0788000168600528,76998.775,0.001,-72.20180490599908,False
2026-04-29 03:50:59.752963+00:00,buy,76978.62,0.001,0.001,0.007697862000000001,0.07865728525846412,76983.015,0.002,-149.18812276799906,False
2026-04-29 03:51:06.440785+00:00,sell,76987.40000000001,0.001,-0.001,0.007698740000000002,0.0788000168600528,76983.015,0.001,-72.20842150799905,False
2026-04-29 03:51:10.418201+00:00,sell,76983.21,0.001,-0.001,0.007698321000000001,0.07880001686026067,76978.82500000001,0.0,4.767090171000965,False
2026-04-29 03:51:27.773437+00:00,buy,76973.83,0.001,0.001,0.007697383000000001,0.07880001686026067,76978.215,0.001,-72.21443721199904,False
2026-04-29 03:51:41.205196+00:00,sell,76982.61,0.001,-0.001,0.0076982610000000005,0.07865728525846412,76978.215,0.0,4.760474527000968,False
2026-04-29 03:51:50.537607+00:00,sell,76977.75,0.001,-0.001,0.0076977750000000005,0.0788000168600528,76973.36499999999,-0.001,81.73052675200097,False
2026-04-29 03:52:06.610285+00:00,buy,76962.98,0.001,0.001,0.007696298,0.07880001686026067,76967.36499999999,0.0,4.759850454000968,False
2026-04-29 03:52:20.367479+00:00,sell,76971.76,0.001,-0.001,0.007697176,0.07865728525846412,76967.36499999999,-0.001,81.72391327800098,False
2026-04-29 03:52:23.070591+00:00,buy,76962.97,0.001,0.001,0.007696297,0.07865728525867163,76967.36499999999,0.0,4.75324698100098,False
2026-04-29 03:52:39.167515+00:00,sell,76968.38,0.001,-0.001,0.007696838000000001,0.07865728525846412,76963.985,-0.001,81.713930143001,False
2026-04-29 03:52:55.232932+00:00,buy,76953.67,0.001,0.001,0.007695367000000001,0.07865728525846412,76958.065,0.0,4.752564776000991,False
2026-04-29 03:52:59.202963+00:00,buy,76953.67,0.001,0.001,0.007695367000000001,0.07865728525846412,76958.065,0.001,-72.208800590999,False
2026-04-29 03:53:05.918218+00:00,buy,76962.88,0.001,0.001,0.007696288000000001,0.07865728525867163,76967.275,0.002,-149.17937687899902,False
2026-04-29 03:53:22.057058+00:00,buy,76962.88,0.001,0.001,0.007696288000000001,0.07865728525867163,76967.275,0.003,-226.14995316699904,False
2026-04-29 03:53:30.127964+00:00,sell,76971.67,0.001,-0.001,0.007697167,0.07865728525846412,76967.275,0.002,-149.18598033399905,False
2026-04-29 03:53:35.435685+00:00,sell,76971.67,0.001,-0.001,0.007697167,0.07865728525846412,76967.275,0.001,-72.22200750099906,False
2026-04-29 03:53:43.500194+00:00,sell,76970.0,0.001,-0.001,0.007697000000000001,0.0788000168600528,76965.61499999999,0.0,4.740295499000943,False
2026-04-29 03:53:55.646339+00:00,sell,76967.67,0.001,-0.001,0.007696767,0.07880001686026067,76963.285,-0.001,81.70026873200095,False
2026-04-29 03:54:23.775038+00:00,sell,76989.04000000001,0.001,-0.001,0.007698904000000001,0.0788000168600528,76984.655,-0.002,158.68160982800094,False
2026-04-29 03:54:29.209293+00:00,sell,76989.04000000001,0.001,-0.001,0.007698904000000001,0.0788000168600528,76984.655,-0.003,235.66295092400094,False
2026-04-29 03:55:09.596945+00:00,sell,76986.40000000001,0.001,-0.001,0.007698640000000001,0.0788000168600528,76982.015,-0.004,312.64165228400094,False
2026-04-29 03:55:32.179071+00:00,sell,76978.41,0.001,-0.001,0.007697841000000001,0.0788000168600528,76974.025,-0.005,389.61236444300096,False
2026-04-29 03:56:05.637335+00:00,sell,76978.40000000001,0.001,-0.001,0.007697840000000002,0.07865728525846412,76974.005,-0.006,466.583066603001,False
2026-04-29 03:56:16.393006+00:00,sell,76978.39,0.001,-0.001,0.007697839000000001,0.07880001686026067,76974.005,-0.007,543.553758764001,False
2026-04-29 03:56:57.977864+00:00,buy,76939.95,0.001,0.001,0.007693995,0.07865728525846412,76944.345,-0.006,466.606114769001,False
2026-04-29 03:57:31.553079+00:00,buy,76948.76,0.001,0.001,0.007694876,0.07880001686026067,76953.14499999999,-0.005,389.649659893001,False
2026-04-29 03:58:06.500101+00:00,buy,76981.41,0.001,0.001,0.007698141000000001,0.07880001686026067,76985.795,-0.004,312.66055175200097,False
2026-04-29 03:58:11.869456+00:00,sell,76987.43000000001,0.001,-0.001,0.007698743000000002,0.0788000168600528,76983.045,-0.005,389.640283009001,False
2026-04-29 03:58:23.998095+00:00,sell,76976.72,0.001,-0.001,0.007697672000000001,0.07865728525867163,76972.32500000001,-0.006,466.609305337001,False
2026-04-29 03:58:37.320128+00:00,buy,76962.76,0.001,0.001,0.007696276,0.07865728525846412,76967.155,-0.005,389.638849061001,False
2026-04-29 03:59:20.136345+00:00,buy,76980.46,0.001,0.001,0.007698046000000001,0.07865728525846412,76984.85500000001,-0.004,312.65069101500103,False
2026-04-29 03:59:49.616302+00:00,buy,76995.6,0.001,0.001,0.007699560000000001,0.07865728525867163,76999.995,-0.003,235.647391455001,False
2026-04-29 04:00:09.748417+00:00,buy,77003.61,0.001,0.001,0.007700361000000001,0.07880001686026067,77007.995,-0.002,158.636081094001,False
2026-04-29 04:00:23.075108+00:00,buy,76999.37,0.001,0.001,0.0076999370000000004,0.07865728525846412,77003.765,-0.001,81.62901115700102,False
2026-04-29 04:00:37.810560+00:00,sell,76997.45,0.001,-0.001,0.007699745,0.07880001686026067,76993.065,-0.002,158.61876141200102,False
2026-04-29 04:00:43.213059+00:00,sell,76991.53,0.001,-0.001,0.007699153,0.0788000168600528,76987.14499999999,-0.003,235.602592259001,False
2026-04-29 04:00:59.283577+00:00,sell,76983.02,0.001,-0.001,0.0076983020000000015,0.07865728525846412,76978.625,-0.004,312.577913957001,False
2026-04-29 04:01:23.245222+00:00,buy,76979.06,0.001,0.001,0.007697906,0.07851481218867412,76983.465,-0.003,235.59115605100098,False
2026-04-29 04:01:23.245222+00:00,sell,76987.86,0.001,-0.001,0.007698786000000001,0.07865728525846412,76983.465,-0.004,312.57131726500097,False
2026-04-29 04:01:55.343990+00:00,sell,76983.01,0.001,-0.001,0.007698301,0.07880001686026067,76978.625,-0.005,389.54662896400094,False
2026-04-29 04:02:07.405441+00:00,sell,76965.8,0.001,-0.001,0.007696580000000001,0.07880001686026067,76961.41500000001,-0.006,466.50473238400093,False
2026-04-29 04:02:16.804965+00:00,sell,76965.5,0.001,-0.001,0.007696550000000001,0.0788000168600528,76961.11499999999,-0.007,543.462535834001,False
2026-04-29 04:02:19.475748+00:00,sell,76964.49,0.001,-0.001,0.007696449000000001,0.07880001686026067,76960.10500000001,-0.008,620.4193293850009,False
2026-04-29 04:02:35.580520+00:00,buy,76947.82,0.001,0.001,0.007694782000000002,0.07865728525867163,76952.215,-0.007,543.4638146030009,False
2026-04-29 04:04:02.488171+00:00,buy,76946.45,0.001,0.001,0.007694645,0.07865728525846412,76950.845,-0.006,466.5096699580008,False
2026-04-29 04:04:39.985880+00:00,sell,76947.56,0.001,-0.001,0.0076947560000000005,0.0788000168600528,76943.17499999999,-0.007,543.4495352020008,False
2026-04-29 04:05:42.914302+00:00,sell,76945.15000000001,0.001,-0.001,0.007694515000000002,0.07865728525846412,76940.755,-0.008,620.3869906870008,False
2026-04-29 04:05:46.954606+00:00,buy,76936.35,0.001,0.001,0.007693635000000002,0.07851481218867412,76940.755,-0.007,543.4429470520007,False
2026-04-29 04:06:09.733799+00:00,buy,76941.73,0.001,0.001,0.007694173,0.07865728525846412,76946.125,-0.006,466.4935228790007,False
2026-04-29 04:06:33.963474+00:00,sell,76947.78,0.001,-0.001,0.007694778,0.0788000168600528,76943.39499999999,-0.007,543.4336081010007,False
2026-04-29 04:06:38.032586+00:00,sell,76947.79000000001,0.001,-0.001,0.007694779000000001,0.07865728525825662,76943.39499999999,-0.008,620.3737033220008,False
2026-04-29 04:06:43.295141+00:00,sell,76947.8,0.001,-0.001,0.007694780000000001,0.07851481218846697,76943.39499999999,-0.009000000000000001,697.3138085420009,False
2026-04-29 04:06:51.346127+00:00,buy,76938.99,0.001,0.001,0.0076938990000000014,0.07851481218888125,76943.39499999999,-0.008,620.3671246430009,False
2026-04-29 04:06:55.363053+00:00,sell,76947.79000000001,0.001,-0.001,0.007694779000000001,0.07865728525825662,76943.39499999999,-0.009000000000000001,697.307219864001,False
2026-04-29 04:07:07.391420+00:00,sell,76947.79000000001,0.001,-0.001,0.007694779000000001,0.07865728525825662,76943.39499999999,-0.010000000000000002,774.2473150850011,False
2026-04-29 04:07:25.013755+00:00,buy,76938.99,0.001,0.001,0.0076938990000000014,0.07851481218888125,76943.39499999999,-0.009000000000000001,697.3006311860012,False
2026-04-29 04:07:33.028406+00:00,sell,76947.79000000001,0.001,-0.001,0.007694779000000001,0.07865728525825662,76943.39499999999,-0.010000000000000002,774.2407264070013,False
2026-04-29 04:08:40.012533+00:00,buy,76930.84,0.001,0.001,0.007693084,0.07851481218867412,76935.245,-0.009000000000000001,697.3021933230012,False
2026-04-29 04:08:45.401947+00:00,sell,76939.64,0.001,-0.001,0.007693964,0.07865728525846412,76935.245,-0.010000000000000002,774.2341393590011,False
2026-04-29 04:08:49.405707+00:00,buy,76925.61,0.001,0.001,0.0076925610000000005,0.07865728525846412,76930.005,-0.009000000000000001,697.3008367980011,False
2026-04-29 04:08:56.135632+00:00,buy,76925.61,0.001,0.001,0.0076925610000000005,0.07865728525846412,76930.005,-0.008,620.3675342370011,False
2026-04-29 04:09:05.528483+00:00,buy,76925.61,0.001,0.001,0.0076925610000000005,0.07865728525846412,76930.005,-0.007,543.4342316760011,False
2026-04-29 04:09:10.858812+00:00,sell,76934.40000000001,0.001,-0.001,0.007693440000000002,0.07865728525846412,76930.005,-0.008,620.3609382360011,False
2026-04-29 04:09:13.550481+00:00,sell,76934.40000000001,0.001,-0.001,0.007693440000000002,0.07865728525846412,76930.005,-0.009000000000000001,697.287644796001,False
2026-04-29 04:09:18.917286+00:00,buy,76925.61,0.001,0.001,0.0076925610000000005,0.07865728525846412,76930.005,-0.008,620.354342235001,False
2026-04-29 04:09:24.214916+00:00,sell,76934.40000000001,0.001,-0.001,0.007693440000000002,0.07865728525846412,76930.005,-0.009000000000000001,697.281048795001,False
2026-04-29 04:09:41.617032+00:00,sell,76944.38,0.001,-0.001,0.007694438000000001,0.07865728525846412,76939.985,-0.010000000000000002,774.217734357001,False
2026-04-29 04:10:15.499128+00:00,buy,76935.59,0.001,0.001,0.007693559,0.07865728525846412,76939.985,-0.009000000000000001,697.2744507980009,False
2026-04-29 04:10:27.550430+00:00,sell,76940.96,0.001,-0.001,0.007694096000000001,0.07880001686026067,76936.57500000001,-0.010000000000000002,774.2077167020009,False
2026-04-29 04:10:51.653685+00:00,buy,76921.69,0.001,0.001,0.007692169000000001,0.0788000168600528,76926.07500000001,-0.009000000000000001,697.2783345330008,False
2026-04-29 04:11:06.476029+00:00,buy,76921.68000000001,0.001,0.001,0.007692168000000002,0.07865728525846412,76926.07500000001,-0.008,620.3489623650008,False
2026-04-29 04:11:09.146082+00:00,buy,76921.68000000001,0.001,0.001,0.007692168000000002,0.07865728525846412,76926.07500000001,-0.007,543.4195901970008,False
2026-04-29 04:11:11.895093+00:00,buy,76921.68000000001,0.001,0.001,0.007692168000000002,0.07865728525846412,76926.07500000001,-0.006,466.4902180290008,False
2026-04-29 04:11:33.317140+00:00,sell,76930.46,0.001,-0.001,0.007693046000000001,0.07865728525846412,76926.065,-0.007,543.4129849830008,False
2026-04-29 04:11:34.642794+00:00,buy,76921.67,0.001,0.001,0.007692167000000001,0.07865728525846412,76926.065,-0.006,466.4836228160008,False
2026-04-29 04:12:01.527345+00:00,sell,76930.46,0.001,-0.001,0.007693046000000001,0.07865728525846412,76926.065,-0.007,543.4063897700008,False
2026-04-29 04:12:13.676988+00:00,sell,76902.26,0.001,-0.001,0.0076902260000000005,0.07865728525846412,76897.86499999999,-0.008,620.3009595440008,False
2026-04-29 04:12:17.696187+00:00,sell,76902.26,0.001,-0.001,0.0076902260000000005,0.07865728525846412,76897.86499999999,-0.009000000000000001,697.1955293180007,False
2026-04-29 04:12:21.712518+00:00,sell,76902.26,0.001,-0.001,0.0076902260000000005,0.07865728525846412,76897.86499999999,-0.010000000000000002,774.0900990920006,False
2026-04-29 04:14:39.604176+00:00,buy,76921.67,0.001,0.001,0.007692167000000001,0.07865728525846412,76926.065,-0.009000000000000001,697.1607369250007,False
2026-04-29 04:14:40.921724+00:00,sell,76930.46,0.001,-0.001,0.007693046000000001,0.07865728525846412,76926.065,-0.010000000000000002,774.0835038790008,False
2026-04-29 04:15:13.055565+00:00,buy,76921.67,0.001,0.001,0.007692167000000001,0.07865728525846412,76926.065,-0.009000000000000001,697.1541417120009,False
2026-04-29 04:15:15.760026+00:00,buy,76935.06,0.001,0.001,0.007693506,0.07865728525846412,76939.455,-0.008,620.2113882060008,False
2026-04-29 04:15:17.035169+00:00,buy,76935.06,0.001,0.001,0.007693506,0.07865728525846412,76939.455,-0.007,543.2686347000008,False
2026-04-29 04:15:27.810734+00:00,buy,76935.07,0.001,0.001,0.007693507000000001,0.07880001686026067,76939.455,-0.006,466.3258711930008,False
2026-04-29 04:15:30.472400+00:00,buy,76936.96,0.001,0.001,0.007693696000000002,0.07865728525846412,76941.35500000001,-0.005,389.3812174970008,False
2026-04-29 04:15:31.815373+00:00,buy,76936.96,0.001,0.001,0.007693696000000002,0.07865728525846412,76941.35500000001,-0.004,312.43656380100083,False
2026-04-29 04:15:47.768217+00:00,sell,76945.75,0.001,-0.001,0.007694575,0.07865728525867163,76941.35500000001,-0.005,389.3746192260008,False
2026-04-29 04:15:49.096973+00:00,buy,76936.95,0.001,0.001,0.007693695,0.07851481218846697,76941.35500000001,-0.004,312.4299755310008,False
2026-04-29 04:15:53.088146+00:00,buy,76936.96,0.001,0.001,0.007693696000000002,0.07865728525846412,76941.35500000001,-0.003,235.48532183500083,False
2026-04-29 04:15:59.778205+00:00,sell,76945.75,0.001,-0.001,0.007694575,0.07865728525867163,76941.35500000001,-0.004,312.4233772600008,False
2026-04-29 04:16:15.870548+00:00,sell,76962.0,0.001,-0.001,0.0076962,0.07865728525867163,76957.60500000001,-0.005,389.3776810600008,False
2026-04-29 04:16:18.514166+00:00,sell,76961.99,0.001,-0.001,0.007696199000000001,0.07880001686026067,76957.60500000001,-0.006,466.3319748610008,False
2026-04-29 04:16:22.598576+00:00,sell,76962.0,0.001,-0.001,0.0076962,0.07865728525867163,76957.60500000001,-0.007,543.2862786610008,False
2026-04-29 04:16:27.936422+00:00,buy,76953.21,0.001,0.001,0.0076953210000000015,0.07865728525846412,76957.60500000001,-0.006,466.32537334000074,False
2026-04-29 04:16:27.936422+00:00,sell,76962.0,0.001,-0.001,0.0076962,0.07865728525867163,76957.60500000001,-0.007,543.2796771400007,False
2026-04-29 04:16:37.332284+00:00,buy,76958.86,0.001,0.001,0.007695886000000001,0.07880001686026067,76963.245,-0.006,466.31312125400063,False
2026-04-29 04:19:00.450314+00:00,buy,76961.64,0.001,0.001,0.007696164000000001,0.07865728525846412,76966.035,-0.005,389.34378509000067,False
2026-04-29 04:19:26.295773+00:00,buy,76962.98,0.001,0.001,0.007696298,0.07880001686026067,76967.36499999999,-0.004,312.37310879200066,False
2026-04-29 04:20:07.787895+00:00,buy,76981.6,0.001,0.001,0.007698160000000002,0.07865728525867163,76985.995,-0.003,235.38381063200066,False
2026-04-29 04:20:45.341237+00:00,buy,76962.66,0.001,0.001,0.007696266000000001,0.07865728525867163,76967.055,-0.002,158.41345436600065,False
2026-04-29 04:21:12.190722+00:00,buy,76962.66,0.001,0.001,0.007696266000000001,0.07865728525867163,76967.055,-0.001,81.44309810000065,False
2026-04-29 04:21:20.287726+00:00,sell,76971.45,0.001,-0.001,0.007697145000000001,0.07865728525846412,76967.055,-0.002,158.40685095500066,False
2026-04-29 04:21:21.637572+00:00,buy,76962.66,0.001,0.001,0.007696266000000001,0.07865728525867163,76967.055,-0.001,81.43649468900067,False
2026-04-29 04:22:00.470736+00:00,buy,76978.7,0.001,0.001,0.007697870000000001,0.07865728525846412,76983.095,0.0,4.450096819000664,False
2026-04-29 04:22:04.513169+00:00,buy,76978.7,0.001,0.001,0.007697870000000001,0.07865728525846412,76983.095,0.001,-72.53630105099934,False
2026-04-29 04:22:08.507106+00:00,buy,76978.7,0.001,0.001,0.007697870000000001,0.07865728525846412,76983.095,0.002,-149.52269892099932,False
2026-04-29 04:22:17.940775+00:00,buy,76991.64,0.001,0.001,0.0076991640000000005,0.07865728525846412,76996.035,0.003,-226.5220380849993,False
2026-04-29 04:22:19.279396+00:00,buy,76991.65000000001,0.001,0.001,0.007699165000000002,0.07880001686026067,76996.035,0.004,-303.52138724999935,False
2026-04-29 04:22:24.619826+00:00,buy,76991.65000000001,0.001,0.001,0.007699165000000002,0.07880001686026067,76996.035,0.005,-380.52073641499936,False
2026-04-29 04:22:31.336376+00:00,buy,77007.12,0.001,0.001,0.007700712,0.0788000168600528,77011.505,0.006,-457.5355571269993,False
2026-04-29 04:23:12.896632+00:00,buy,77029.01,0.001,0.001,0.007702901,0.07880001686026067,77033.39499999999,0.007,-534.5722700279994,False
2026-04-29 04:23:39.878779+00:00,buy,77037.23,0.001,0.001,0.007703723,0.07865728525846412,77041.625,0.008,-611.6172037509994,False
2026-04-29 04:23:46.561441+00:00,buy,77037.23,0.001,0.001,0.007703723,0.07865728525846412,77041.625,0.009000000000000001,-688.6621374739993,False
2026-04-29 04:24:18.858409+00:00,sell,77038.75,0.001,-0.001,0.007703875000000001,0.0788000168600528,77034.36499999999,0.008,-611.6310913489992,False
2026-04-29 04:24:30.928854+00:00,sell,77015.22,0.001,-0.001,0.007701522000000001,0.0788000168600528,77010.83499999999,0.007,-534.6235728709993,False
2026-04-29 04:25:11.062011+00:00,buy,76998.7,0.001,0.001,0.00769987,0.07865728525846412,77003.095,0.008,-611.6299727409993,False
2026-04-29 04:25:12.422183+00:00,buy,76998.7,0.001,0.001,0.00769987,0.07865728525846412,77003.095,0.009000000000000001,-688.6363726109993,False
2026-04-29 04:25:23.247804+00:00,buy,77008.21,0.001,0.001,0.007700821000000001,0.07851481218888125,77012.61499999999,0.010000000000000002,-765.6522834319992,False
2026-04-29 04:26:06.153806+00:00,sell,77044.36,0.001,-0.001,0.007704436000000001,0.07865728525846412,77039.965,0.009000000000000001,-688.6156278679993,False
2026-04-29 04:27:34.703878+00:00,buy,77033.07,0.001,0.001,0.007703307000000001,0.07851481218867412,77037.475,0.010000000000000002,-765.6564011749994,False
2026-04-29 04:28:22.848487+00:00,sell,77030.04000000001,0.001,-0.001,0.007703004000000001,0.07865728525825662,77025.64499999999,0.009000000000000001,-688.6340641789993,False
2026-04-29 04:28:26.841704+00:00,sell,77030.04000000001,0.001,-0.001,0.007703004000000001,0.07865728525825662,77025.64499999999,0.008,-611.6117271829993,False
2026-04-29 04:28:33.488486+00:00,buy,77021.25,0.001,0.001,0.007702125000000001,0.07865728525867163,77025.64499999999,0.009000000000000001,-688.6406793079993,False
2026-04-29 04:28:34.849327+00:00,buy,77021.25,0.001,0.001,0.007702125000000001,0.07865728525867163,77025.64499999999,0.010000000000000002,-765.6696314329994,False
2026-04-29 04:28:36.164683+00:00,sell,77030.04000000001,0.001,-0.001,0.007703004000000001,0.07865728525825662,77025.64499999999,0.009000000000000001,-688.6472944369993,False
2026-04-29 04:28:41.488351+00:00,sell,77030.04000000001,0.001,-0.001,0.007703004000000001,0.07865728525825662,77025.64499999999,0.008,-611.6249574409993,False
2026-04-29 04:29:04.357117+00:00,buy,77021.25,0.001,0.001,0.007702125000000001,0.07865728525867163,77025.64499999999,0.009000000000000001,-688.6539095659994,False
2026-04-29 04:29:08.379637+00:00,buy,77033.08,0.001,0.001,0.007703308000000001,0.07880001686026067,77037.465,0.010000000000000002,-765.6946928739994,False
2026-04-29 04:31:06.059124+00:00,sell,77043.38,0.001,-0.001,0.0077043380000000015,0.07865728525846412,77038.985,0.009000000000000001,-688.6590172119994,False
2026-04-29 04:31:24.605634+00:00,buy,77016.35,0.001,0.001,0.007701635000000001,0.07880001686026067,77020.735,0.010000000000000002,-765.6830688469994,False
2026-04-29 04:48:50.088552+00:00,sell,77306.2,0.010000000000000002,-0.010000000000000002,0.0773062,1.0,77306.205,0.0,7.3016249530007356,True
